company_name,ticker
1 800 FLOWERS COM,FLWS
1 800 FLOWERS COM INC,FLWS
10X,TXG
10X GENOMICS INC,TXG
"10X GENOMICS,",TXG
"10X GENOMICS, INC.",TXG
111 INC,YI
"111,",YI
"111, INC.",YI
1606,CBDW
1606 CORP,CBDW
1606 CORP.,CBDW
17 EDUCATION  TECHNOLOGY GROUP INC,YQ
17 EDUCATION & TECHNOLOGY GROUP INC.,YQ
180,TURN
180,ATNFW
180,ATNF
180 DEGREE,TURN
180 DEGREE CAPITAL CORP NY,TURN
180 DEGREE CAPITAL CORP. /NY/,TURN
180 LIFE,ATNF
180 LIFE,ATNFW
180 LIFE SCIENCES CORP,ATNF
180 LIFE SCIENCES CORP,ATNFW
180 LIFE SCIENCES CORP.,ATNF
180 LIFE SCIENCES CORP.,ATNFW
1812,KEGS
1812 BREWING,KEGS
1812 BREWING COMPANY INC,KEGS
"1812 BREWING COMPANY, INC.",KEGS
1847,EFSH
1847 HOLDINGS,EFSH
1847 HOLDINGS LLC,EFSH
1895,BCOW
1895 BANCORP,BCOW
1895 BANCORP OF WISCONSIN INC MD,BCOW
"1895 BANCORP OF WISCONSIN, INC. /MD/",BCOW
1RT,ONCH
1RT ACQUISITION,ONCH
1RT ACQUISITION CORP,ONCH
1RT ACQUISITION CORP.,ONCH
1ST,SRCE
1ST SOURCE,SRCE
1ST SOURCE CORP,SRCE
"1STDIBS.COM,",DIBS
"1STDIBS.COM, INC.",DIBS
1STDIBSCOM INC,DIBS
1WS,OWSCX
1WS CREDIT,OWSCX
1WS CREDIT INCOME FUND,OWSCX
21SHARES,CETH
21SHARES CORE,CETH
21SHARES CORE ETHEREUM ETF,CETH
22ND,XXII
22ND CENTURY,XXII
22ND CENTURY GROUP INC,XXII
"22ND CENTURY GROUP, INC.",XXII
23ANDME,MEHCQ
23ANDME HOLDING,MEHCQ
23ANDME HOLDING CO,MEHCQ
23ANDME HOLDING CO.,MEHCQ
3 E NETWORK TECHNOLOGY,MASK
3 E NETWORK TECHNOLOGY GROUP LTD,MASK
36KR,KRKR
36KR HOLDINGS,KRKR
36KR HOLDINGS INC,KRKR
36KR HOLDINGS INC.,KRKR
37 CAPITAL,HHHEF
37 CAPITAL INC,HHHEF
374WATER,SCWO
374WATER INC,SCWO
374WATER INC.,SCWO
3D,DDD
3D SYSTEMS CORP,DDD
3M,MMM
3M CO,MMM
4D MOLECULAR THERAPEUTICS INC,FDMT
"4D MOLECULAR THERAPEUTICS, INC.",FDMT
4FRONT,FFNTF
4FRONT VENTURES,FFNTF
4FRONT VENTURES CORP,FFNTF
4FRONT VENTURES CORP.,FFNTF
51TALK,COE
51TALK ONLINE,COE
51TALK ONLINE EDUCATION,COE
51TALK ONLINE EDUCATION GROUP,COE
5E ADVANCED MATERIALS INC,FEAM
5E ADVANCED MATERIALS INC,FEAV
"5E ADVANCED MATERIALS, INC.",FEAM
"5E ADVANCED MATERIALS, INC.",FEAV
60 DEGREES PHARMACEUTICALS INC,SXTP
60 DEGREES PHARMACEUTICALS INC,SXTPW
"60 DEGREES PHARMACEUTICALS, INC.",SXTPW
"60 DEGREES PHARMACEUTICALS, INC.",SXTP
707,JEM
707 CAYMAN,JEM
707 CAYMAN HOLDINGS LTD,JEM
707 CAYMAN HOLDINGS LTD.,JEM
89BIO INC,ETNB
"89BIO,",ETNB
"89BIO, INC.",ETNB
8X8,EGHT
8X8 INC,EGHT
8X8 INC /DE/,EGHT
8X8 INC DE,EGHT
908,MASS
908 DEVICES,MASS
908 DEVICES INC,MASS
908 DEVICES INC.,MASS
9F INC,JFU
9F INC.,JFU
A-MARK,AMRK
A-MARK PRECIOUS,AMRK
"A-MARK PRECIOUS METALS, INC.",AMRK
A.K.A.,AKA
A.K.A. BRANDS,AKA
A.K.A. BRANDS HOLDING CORP.,AKA
A10,ATEN
A10 NETWORKS INC,ATEN
"A10 NETWORKS,",ATEN
"A10 NETWORKS, INC.",ATEN
A2Z,AZ
A2Z CUST2MATE,AZ
A2Z CUST2MATE SOLUTIONS CORP,AZ
A2Z CUST2MATE SOLUTIONS CORP.,AZ
AA MISSION ACQUISITION CORP,AAM
AA MISSION ACQUISITION CORP.,AAM
AAK,ARHUF
AAK AB/ADR,ARHUF
AAK ABADR,ARHUF
AAON INC,AAON
"AAON,",AAON
"AAON, INC.",AAON
AAR,AIR
AAR CORP,AIR
AARDVARK,AARD
AARDVARK THERAPEUTICS INC,AARD
"AARDVARK THERAPEUTICS,",AARD
"AARDVARK THERAPEUTICS, INC.",AARD
AB INTERNATIONAL GROUP CORP,ABQQ
AB INTERNATIONAL GROUP CORP.,ABQQ
ABACUS,ABLLL
ABACUS,ABLLW
ABACUS,ABCFF
ABACUS,ABL
ABACUS GLOBAL,ABL
ABACUS GLOBAL,ABLLW
ABACUS GLOBAL,ABLLL
ABACUS GLOBAL MANAGEMENT INC,ABL
ABACUS GLOBAL MANAGEMENT INC,ABLLL
ABACUS GLOBAL MANAGEMENT INC,ABLLW
"ABACUS GLOBAL MANAGEMENT, INC.",ABL
"ABACUS GLOBAL MANAGEMENT, INC.",ABLLL
"ABACUS GLOBAL MANAGEMENT, INC.",ABLLW
ABACUS MINING,ABCFF
ABACUS MINING  EXPLORATION,ABCFF
ABACUS MINING & EXPLORATION CORP,ABCFF
ABAXX,ABXXF
ABAXX TECHNOLOGIES,ABXXF
ABAXX TECHNOLOGIES INC,ABXXF
ABAXX TECHNOLOGIES INC.,ABXXF
ABB,ABLZF
ABB,ABBNY
ABB LTD,ABBNY
ABB LTD,ABLZF
ABBOTT,ABT
ABBOTT LABORATORIES,ABT
ABBVIE,ABBV
ABBVIE INC,ABBV
ABBVIE INC.,ABBV
ABCELLERA,ABCL
ABCELLERA BIOLOGICS,ABCL
ABCELLERA BIOLOGICS INC,ABCL
ABCELLERA BIOLOGICS INC.,ABCL
ABEONA,ABEO
ABEONA THERAPEUTICS,ABEO
ABEONA THERAPEUTICS INC,ABEO
ABEONA THERAPEUTICS INC.,ABEO
ABERCROMBIE,ANF
ABERCROMBIE  FITCH CO DE,ANF
ABERCROMBIE & FITCH CO /DE/,ANF
ABITS,ABTS
ABITS GROUP,ABTS
ABITS GROUP INC,ABTS
ABIVAX,AAVXF
ABIVAX,ABVX
ABIVAX S.A.,ABVX
ABIVAX S.A.,AAVXF
ABIVAX SA,ABVX
ABIVAX SA,AAVXF
ABLE,ABLVW
ABLE,ABLV
ABLE VIEW,ABLV
ABLE VIEW,ABLVW
ABLE VIEW GLOBAL INC,ABLVW
ABLE VIEW GLOBAL INC,ABLV
ABLE VIEW GLOBAL INC.,ABLV
ABLE VIEW GLOBAL INC.,ABLVW
ABM,ABM
ABM INDUSTRIES,ABM
ABM INDUSTRIES INC /DE/,ABM
ABM INDUSTRIES INC DE,ABM
ABOVE,ABVEW
ABOVE,ABVE
ABOVE FOOD,ABVEW
ABOVE FOOD,ABVE
ABOVE FOOD INGREDIENTS INC,ABVE
ABOVE FOOD INGREDIENTS INC,ABVEW
ABOVE FOOD INGREDIENTS INC.,ABVE
ABOVE FOOD INGREDIENTS INC.,ABVEW
ABPRO,ABP
ABPRO,ABPWW
ABPRO HOLDINGS INC,ABPWW
ABPRO HOLDINGS INC,ABP
"ABPRO HOLDINGS,",ABP
"ABPRO HOLDINGS,",ABPWW
"ABPRO HOLDINGS, INC.",ABP
"ABPRO HOLDINGS, INC.",ABPWW
ABRDN,VFL
ABRDN,PPLT
ABRDN,GLTR
ABRDN,SIVR
ABRDN,IAF
ABRDN,HQL
ABRDN,THQ
ABRDN,JEQ
ABRDN,ACP
ABRDN,THW
ABRDN,ABAKF
ABRDN,FCO
ABRDN,AGD
ABRDN,FAX
ABRDN,SGOL
ABRDN,AWP
ABRDN,AOD
ABRDN,HQH
ABRDN,AEF
ABRDN,ASGI
ABRDN,PALL
ABRDN ASIA-PACIFIC,FAX
ABRDN ASIA-PACIFIC,ABAKF
"ABRDN ASIA-PACIFIC INCOME FUND, INC.",FAX
"ABRDN ASIA-PACIFIC INCOME FUND, INC.",ABAKF
ABRDN ASIAPACIFIC INCOME FUND INC,ABAKF
ABRDN ASIAPACIFIC INCOME FUND INC,FAX
ABRDN AUSTRALIA,IAF
ABRDN AUSTRALIA EQUITY FUND INC,IAF
"ABRDN AUSTRALIA EQUITY FUND, INC.",IAF
ABRDN EMERGING,AEF
"ABRDN EMERGING MARKETS EX-CHINA FUND, INC.",AEF
ABRDN EMERGING MARKETS EXCHINA FUND INC,AEF
ABRDN GLOBAL,AWP
ABRDN GLOBAL,FCO
ABRDN GLOBAL,ASGI
ABRDN GLOBAL,AGD
ABRDN GLOBAL DYNAMIC DIVIDEND FUND,AGD
ABRDN GLOBAL INCOME FUND INC,FCO
"ABRDN GLOBAL INCOME FUND, INC.",FCO
ABRDN GLOBAL INFRASTRUCTURE INCOME FUND,ASGI
ABRDN GLOBAL PREMIER PROPERTIES FUND,AWP
ABRDN GOLD,SGOL
ABRDN GOLD ETF TRUST,SGOL
ABRDN HEALTHCARE,HQH
ABRDN HEALTHCARE,THQ
ABRDN HEALTHCARE INVESTORS,HQH
ABRDN HEALTHCARE OPPORTUNITIES FUND,THQ
ABRDN INCOME,ACP
ABRDN INCOME CREDIT STRATEGIES FUND,ACP
ABRDN JAPAN,JEQ
ABRDN JAPAN EQUITY FUND INC,JEQ
"ABRDN JAPAN EQUITY FUND, INC.",JEQ
ABRDN LIFE,HQL
ABRDN LIFE SCIENCES INVESTORS,HQL
ABRDN NATIONAL,VFL
ABRDN NATIONAL MUNICIPAL INCOME FUND,VFL
ABRDN PALLADIUM,PALL
ABRDN PALLADIUM ETF TRUST,PALL
ABRDN PLATINUM,PPLT
ABRDN PLATINUM ETF TRUST,PPLT
ABRDN PRECIOUS,GLTR
ABRDN PRECIOUS METALS BASKET ETF TRUST,GLTR
ABRDN SILVER,SIVR
ABRDN SILVER ETF TRUST,SIVR
ABRDN TOTAL,AOD
ABRDN TOTAL DYNAMIC DIVIDEND FUND,AOD
ABRDN WORLD,THW
ABRDN WORLD HEALTHCARE FUND,THW
ABSCI,ABSI
ABSCI CORP,ABSI
ABVC,ABVC
ABVC BIOPHARMA INC,ABVC
"ABVC BIOPHARMA,",ABVC
"ABVC BIOPHARMA, INC.",ABVC
AC IMMUNE,ACIU
AC IMMUNE SA,ACIU
AC PARTNERS INC,ACPS
"AC PARTNERS, INC.",ACPS
ACACIA,ACTG
ACACIA RESEARCH,ACTG
ACACIA RESEARCH CORP,ACTG
ACADEMY,ASO
ACADEMY SPORTS,ASO
ACADEMY SPORTS  OUTDOORS INC,ASO
"ACADEMY SPORTS & OUTDOORS, INC.",ASO
ACADIA,ACHC
ACADIA,AKR
ACADIA,ACAD
ACADIA HEALTHCARE,ACHC
ACADIA HEALTHCARE COMPANY INC,ACHC
"ACADIA HEALTHCARE COMPANY, INC.",ACHC
ACADIA PHARMACEUTICALS,ACAD
ACADIA PHARMACEUTICALS INC,ACAD
ACADIA REALTY,AKR
ACADIA REALTY TRUST,AKR
ACADIAN,AAMI
ACADIAN ASSET,AAMI
ACADIAN ASSET MANAGEMENT INC,AAMI
ACADIAN ASSET MANAGEMENT INC.,AAMI
ACAP,XCAPX
ACAP STRATEGIC,XCAPX
ACAP STRATEGIC FUND,XCAPX
ACCEL,ACEL
ACCEL ENTERTAINMENT INC,ACEL
"ACCEL ENTERTAINMENT,",ACEL
"ACCEL ENTERTAINMENT, INC.",ACEL
ACCELERATE,AXDXQ
ACCELERATE DIAGNOSTICS,AXDXQ
"ACCELERATE DIAGNOSTICS,",AXDXQ
"ACCELERATE DIAGNOSTICS, INC",AXDXQ
ACCENTURE,ACN
ACCENTURE PLC,ACN
ACCESS,ACCS
ACCESS NEWSWIRE,ACCS
ACCESS NEWSWIRE INC,ACCS
ACCESS NEWSWIRE INC.,ACCS
ACCO,ACCO
ACCO BRANDS,ACCO
ACCO BRANDS CORP,ACCO
ACCREDITED,ASII
ACCREDITED SOLUTIONS INC,ASII
"ACCREDITED SOLUTIONS,",ASII
"ACCREDITED SOLUTIONS, INC.",ASII
ACCURAY,ARAY
ACCURAY INC,ARAY
ACCUSTEM,ACUT
ACCUSTEM SCIENCES,ACUT
ACCUSTEM SCIENCES INC,ACUT
ACCUSTEM SCIENCES INC.,ACUT
ACHIEVE,ACHV
ACHIEVE LIFE,ACHV
ACHIEVE LIFE SCIENCES INC,ACHV
"ACHIEVE LIFE SCIENCES, INC.",ACHV
ACI,ACIW
ACI WORLDWIDE INC,ACIW
"ACI WORLDWIDE,",ACIW
"ACI WORLDWIDE, INC.",ACIW
ACLARION INC,ACON
ACLARION INC,ACONW
"ACLARION,",ACON
"ACLARION,",ACONW
"ACLARION, INC.",ACONW
"ACLARION, INC.",ACON
ACLARIS,ACRS
ACLARIS THERAPEUTICS INC,ACRS
"ACLARIS THERAPEUTICS,",ACRS
"ACLARIS THERAPEUTICS, INC.",ACRS
ACM,ACMR
ACM RESEARCH INC,ACMR
"ACM RESEARCH,",ACMR
"ACM RESEARCH, INC.",ACMR
ACME,ACU
ACME UNITED,ACU
ACME UNITED CORP,ACU
ACNB,ACNB
ACNB CORP,ACNB
ACORN,ACFN
ACORN ENERGY INC,ACFN
"ACORN ENERGY,",ACFN
"ACORN ENERGY, INC.",ACFN
ACRES,ACR
ACRES COMMERCIAL,ACR
ACRES COMMERCIAL REALTY CORP,ACR
ACRES COMMERCIAL REALTY CORP.,ACR
ACRIVON,ACRV
ACRIVON THERAPEUTICS INC,ACRV
"ACRIVON THERAPEUTICS,",ACRV
"ACRIVON THERAPEUTICS, INC.",ACRV
ACTELIS,ASNS
ACTELIS NETWORKS,ASNS
ACTELIS NETWORKS INC,ASNS
ACTINIUM,ATNM
ACTINIUM PHARMACEUTICALS INC,ATNM
"ACTINIUM PHARMACEUTICALS,",ATNM
"ACTINIUM PHARMACEUTICALS, INC.",ATNM
ACTUATE,ACTU
ACTUATE THERAPEUTICS INC,ACTU
"ACTUATE THERAPEUTICS,",ACTU
"ACTUATE THERAPEUTICS, INC.",ACTU
ACUITY,AYI
ACUITY INC DE,AYI
ACUITY INC.,AYI
ACUITY INC. (DE),AYI
ACUMEN,ABOS
ACUMEN PHARMACEUTICALS INC,ABOS
"ACUMEN PHARMACEUTICALS,",ABOS
"ACUMEN PHARMACEUTICALS, INC.",ABOS
ACUREN,TIC
ACUREN,TICAW
ACUREN CORP,TIC
ACUREN CORP,TICAW
ACURX,ACXP
ACURX PHARMACEUTICALS INC,ACXP
"ACURX PHARMACEUTICALS,",ACXP
"ACURX PHARMACEUTICALS, INC.",ACXP
ACUSHNET,GOLF
ACUSHNET HOLDINGS,GOLF
ACUSHNET HOLDINGS CORP,GOLF
ACUSHNET HOLDINGS CORP.,GOLF
ACUTUS,AFIB
ACUTUS MEDICAL INC,AFIB
"ACUTUS MEDICAL,",AFIB
"ACUTUS MEDICAL, INC.",AFIB
ACV,ACVA
ACV AUCTIONS,ACVA
ACV AUCTIONS INC,ACVA
ACV AUCTIONS INC.,ACVA
ADAGENE,ADAG
ADAGENE INC,ADAG
ADAGENE INC.,ADAG
ADAGIO,ADGM
ADAGIO MEDICAL,ADGM
ADAGIO MEDICAL HOLDINGS INC,ADGM
"ADAGIO MEDICAL HOLDINGS, INC.",ADGM
ADAMS,PEO
ADAMS,ADX
ADAMS DIVERSIFIED,ADX
ADAMS DIVERSIFIED EQUITY FUND INC,ADX
"ADAMS DIVERSIFIED EQUITY FUND, INC.",ADX
ADAMS NATURAL,PEO
ADAMS NATURAL RESOURCES FUND INC,PEO
"ADAMS NATURAL RESOURCES FUND, INC.",PEO
ADAPTHEALTH,AHCO
ADAPTHEALTH CORP,AHCO
ADAPTHEALTH CORP.,AHCO
ADAPTIMMUNE,ADAP
ADAPTIMMUNE THERAPEUTICS,ADAP
ADAPTIMMUNE THERAPEUTICS PLC,ADAP
ADAPTIVE,ADPT
ADAPTIVE BIOTECHNOLOGIES,ADPT
ADAPTIVE BIOTECHNOLOGIES CORP,ADPT
ADARO,ADOOY
ADARO,PADEF
ADARO ENERGY,ADOOY
ADARO ENERGY,PADEF
ADARO ENERGY PT/ADR/,PADEF
ADARO ENERGY PT/ADR/,ADOOY
ADARO ENERGY PTADR,ADOOY
ADARO ENERGY PTADR,PADEF
ADASTRA,XTXXF
ADASTRA HOLDINGS,XTXXF
ADASTRA HOLDINGS LTD,XTXXF
ADASTRA HOLDINGS LTD.,XTXXF
ADC,ADCT
ADC THERAPEUTICS,ADCT
ADC THERAPEUTICS SA,ADCT
ADDENTAX,ATXG
ADDENTAX GROUP,ATXG
ADDENTAX GROUP CORP,ATXG
ADDENTAX GROUP CORP.,ATXG
ADDEX,ADXN
ADDEX THERAPEUTICS,ADXN
ADDEX THERAPEUTICS LTD,ADXN
ADDEX THERAPEUTICS LTD.,ADXN
ADDUS,ADUS
ADDUS HOMECARE,ADUS
ADDUS HOMECARE CORP,ADUS
ADECOAGRO,AGRO
ADECOAGRO S.A.,AGRO
ADECOAGRO SA,AGRO
ADEIA,ADEA
ADEIA INC,ADEA
ADEIA INC.,ADEA
ADIA,ADIA
ADIA NUTRITION INC,ADIA
"ADIA NUTRITION,",ADIA
"ADIA NUTRITION, INC.",ADIA
ADIAL,ADIL
ADIAL PHARMACEUTICALS INC,ADIL
"ADIAL PHARMACEUTICALS,",ADIL
"ADIAL PHARMACEUTICALS, INC.",ADIL
ADICET,ACET
ADICET BIO INC,ACET
"ADICET BIO,",ACET
"ADICET BIO, INC.",ACET
ADIENT,ADNT
ADIENT PLC,ADNT
ADITXT INC,ADTX
"ADITXT,",ADTX
"ADITXT, INC.",ADTX
ADLAI,ANL
ADLAI NORTYE,ANL
ADLAI NORTYE LTD,ANL
ADLAI NORTYE LTD.,ANL
ADM,ADMT
ADM,ADMQ
ADM ENDEAVORS INC,ADMQ
"ADM ENDEAVORS,",ADMQ
"ADM ENDEAVORS, INC.",ADMQ
ADM TRONICS,ADMT
ADM TRONICS UNLIMITED INC,ADMT
"ADM TRONICS UNLIMITED, INC.",ADMT
ADMA,ADMA
ADMA BIOLOGICS INC,ADMA
"ADMA BIOLOGICS,",ADMA
"ADMA BIOLOGICS, INC.",ADMA
ADOBE,ADBE
ADOBE INC,ADBE
ADOBE INC.,ADBE
ADS-TEC,ADSE
ADS-TEC,ADSEW
ADS-TEC ENERGY,ADSE
ADS-TEC ENERGY,ADSEW
ADS-TEC ENERGY PUBLIC LTD CO,ADSEW
ADS-TEC ENERGY PUBLIC LTD CO,ADSE
ADSTEC ENERGY PUBLIC,ADSEW
ADSTEC ENERGY PUBLIC,ADSE
ADT,ADT
ADT INC,ADT
ADT INC.,ADT
ADTALEM,ATGE
ADTALEM GLOBAL,ATGE
ADTALEM GLOBAL EDUCATION INC,ATGE
ADTALEM GLOBAL EDUCATION INC.,ATGE
ADTRAN,ADTN
ADTRAN HOLDINGS INC,ADTN
"ADTRAN HOLDINGS,",ADTN
"ADTRAN HOLDINGS, INC.",ADTN
ADURO,ADUR
ADURO CLEAN,ADUR
ADURO CLEAN TECHNOLOGIES INC,ADUR
ADURO CLEAN TECHNOLOGIES INC.,ADUR
ADVANCE,AAP
ADVANCE AUTO,AAP
ADVANCE AUTO PARTS,AAP
ADVANCE AUTO PARTS INC,AAP
ADVANCED,ADVB
ADVANCED,AFCG
ADVANCED,AMD
ADVANCED,AEIS
ADVANCED,WMS
ADVANCED,AOXY
ADVANCED BIOMED,ADVB
ADVANCED BIOMED INC,ADVB
ADVANCED BIOMED INC.,ADVB
ADVANCED DRAINAGE,WMS
ADVANCED DRAINAGE SYSTEMS INC,WMS
"ADVANCED DRAINAGE SYSTEMS, INC.",WMS
ADVANCED ENERGY,AEIS
ADVANCED ENERGY INDUSTRIES INC,AEIS
ADVANCED FLOWER,AFCG
ADVANCED FLOWER CAPITAL INC,AFCG
ADVANCED FLOWER CAPITAL INC.,AFCG
ADVANCED MICRO,AMD
ADVANCED MICRO DEVICES,AMD
ADVANCED MICRO DEVICES INC,AMD
ADVANCED OXYGEN,AOXY
ADVANCED OXYGEN TECHNOLOGIES INC,AOXY
ADVANSIX,ASIX
ADVANSIX INC,ASIX
ADVANSIX INC.,ASIX
ADVANTAGE,ADVWW
ADVANTAGE,ADV
ADVANTAGE SOLUTIONS,ADVWW
ADVANTAGE SOLUTIONS,ADV
ADVANTAGE SOLUTIONS INC,ADVWW
ADVANTAGE SOLUTIONS INC,ADV
ADVANTAGE SOLUTIONS INC.,ADVWW
ADVANTAGE SOLUTIONS INC.,ADV
ADVANTEST,ADTTF
ADVANTEST,ATEYY
ADVANTEST CORP,ATEYY
ADVANTEST CORP,ADTTF
ADVENT,ADNWW
ADVENT,AVK
ADVENT,ADN
ADVENT CONVERTIBLE,AVK
ADVENT CONVERTIBLE  INCOME FUND,AVK
ADVENT CONVERTIBLE & INCOME FUND,AVK
ADVENT TECHNOLOGIES,ADNWW
ADVENT TECHNOLOGIES,ADN
ADVENT TECHNOLOGIES HOLDINGS INC,ADN
ADVENT TECHNOLOGIES HOLDINGS INC,ADNWW
"ADVENT TECHNOLOGIES HOLDINGS, INC.",ADN
"ADVENT TECHNOLOGIES HOLDINGS, INC.",ADNWW
ADVERUM,ADVM
ADVERUM BIOTECHNOLOGIES INC,ADVM
"ADVERUM BIOTECHNOLOGIES,",ADVM
"ADVERUM BIOTECHNOLOGIES, INC.",ADVM
ADYEN,ADYYF
ADYEN N.V./ADR,ADYYF
ADYEN NVADR,ADYYF
AEBI,AEBI
AEBI SCHMIDT,AEBI
AEBI SCHMIDT HOLDING,AEBI
AEBI SCHMIDT HOLDING AG,AEBI
AECOM,ACM
AEGON,AEG
AEGON,AEGOF
AEGON,AEFC
AEGON LTD,AEGOF
AEGON LTD,AEG
AEGON LTD,AEFC
AEGON LTD.,AEFC
AEGON LTD.,AEG
AEGON LTD.,AEGOF
AEHR,AEHR
AEHR TEST,AEHR
AEHR TEST SYSTEMS,AEHR
AEI,XAEIU
AEI,XXAAU
AEI INCOME,XAEIU
AEI INCOME,XXAAU
AEI INCOME  GROWTH FUND XXI LTD PARTNERSHIP,XXAAU
AEI INCOME  GROWTH FUND XXII LTD PARTNERSHIP,XAEIU
AEI INCOME & GROWTH FUND XXI LTD PARTNERSHIP,XXAAU
AEI INCOME & GROWTH FUND XXII LTD PARTNERSHIP,XAEIU
AELUMA INC,ALMU
"AELUMA,",ALMU
"AELUMA, INC.",ALMU
AEMETIS,AMTX
"AEMETIS,",AMTX
"AEMETIS, INC",AMTX
AEON,AEON
AEON BIOPHARMA INC,AEON
"AEON BIOPHARMA,",AEON
"AEON BIOPHARMA, INC.",AEON
AERCAP,AER
AERCAP HOLDINGS,AER
AERCAP HOLDINGS N.V.,AER
AERCAP HOLDINGS NV,AER
AERIES,AERTW
AERIES,AERT
AERIES TECHNOLOGY INC,AERT
AERIES TECHNOLOGY INC,AERTW
"AERIES TECHNOLOGY,",AERTW
"AERIES TECHNOLOGY,",AERT
"AERIES TECHNOLOGY, INC.",AERTW
"AERIES TECHNOLOGY, INC.",AERT
AERO,AAUGF
AERO ENERGY,AAUGF
AERO ENERGY LTD,AAUGF
AEROVIRONMENT,AVAV
AEROVIRONMENT INC,AVAV
AERSALE,ASLE
AERSALE CORP,ASLE
AES,AES
AES CORP,AES
AESTHETIC,PAIYY
AESTHETIC MEDICAL,PAIYY
AESTHETIC MEDICAL INTERNATIONAL HOLDINGS GROUP LTD,PAIYY
AETHER,ATHR
AETHER HOLDINGS INC,ATHR
"AETHER HOLDINGS,",ATHR
"AETHER HOLDINGS, INC.",ATHR
AETHLON,AEMD
AETHLON MEDICAL,AEMD
AETHLON MEDICAL INC,AEMD
AEVA,AEVA
AEVA,AEVAW
AEVA TECHNOLOGIES INC,AEVA
AEVA TECHNOLOGIES INC,AEVAW
"AEVA TECHNOLOGIES,",AEVA
"AEVA TECHNOLOGIES,",AEVAW
"AEVA TECHNOLOGIES, INC.",AEVA
"AEVA TECHNOLOGIES, INC.",AEVAW
AEYE INC,LIDRW
AEYE INC,LIDR
"AEYE,",LIDRW
"AEYE,",LIDR
"AEYE, INC.",LIDRW
"AEYE, INC.",LIDR
AFB,AFBL
AFB LTD,AFBL
AFFILIATED,MGRD
AFFILIATED,AMG
AFFILIATED,MGRE
AFFILIATED,MGRB
AFFILIATED,MGR
AFFILIATED MANAGERS,MGR
AFFILIATED MANAGERS,AMG
AFFILIATED MANAGERS,MGRD
AFFILIATED MANAGERS,MGRB
AFFILIATED MANAGERS,MGRE
AFFILIATED MANAGERS GROUP INC,MGRB
AFFILIATED MANAGERS GROUP INC,MGRD
AFFILIATED MANAGERS GROUP INC,MGR
AFFILIATED MANAGERS GROUP INC,MGRE
AFFILIATED MANAGERS GROUP INC,AMG
"AFFILIATED MANAGERS GROUP, INC.",MGRE
"AFFILIATED MANAGERS GROUP, INC.",MGRB
"AFFILIATED MANAGERS GROUP, INC.",MGR
"AFFILIATED MANAGERS GROUP, INC.",MGRD
"AFFILIATED MANAGERS GROUP, INC.",AMG
AFFIMED,AFMDQ
AFFIMED N.V.,AFMDQ
AFFIMED NV,AFMDQ
AFFINITY,AFBI
AFFINITY BANCSHARES INC,AFBI
"AFFINITY BANCSHARES,",AFBI
"AFFINITY BANCSHARES, INC.",AFBI
AFFIRM,AFRM
AFFIRM HOLDINGS INC,AFRM
"AFFIRM HOLDINGS,",AFRM
"AFFIRM HOLDINGS, INC.",AFRM
AFLAC,AFL
AFLAC INC,AFL
AFYA,AFYA
AFYA LTD,AFYA
AG MORTGAGE INVESTMENT TRUST INC,MITP
AG MORTGAGE INVESTMENT TRUST INC,MITT
AG MORTGAGE INVESTMENT TRUST INC,MITN
"AG MORTGAGE INVESTMENT TRUST, INC.",MITT
"AG MORTGAGE INVESTMENT TRUST, INC.",MITP
"AG MORTGAGE INVESTMENT TRUST, INC.",MITN
AGAPE,ATPC
AGAPE ATP,ATPC
AGAPE ATP CORP,ATPC
AGASSI,AASP
AGASSI SPORTS,AASP
AGASSI SPORTS ENTERTAINMENT CORP,AASP
AGASSI SPORTS ENTERTAINMENT CORP.,AASP
AGCO,AGCO
AGCO CORP,AGCO
AGCO CORP /DE,AGCO
AGCO CORP DE,AGCO
AGEAGLE,UAVS
AGEAGLE AERIAL,UAVS
AGEAGLE AERIAL SYSTEMS INC,UAVS
AGEAGLE AERIAL SYSTEMS INC.,UAVS
AGENTIX,AGTX
AGENTIX CORP,AGTX
AGENTIX CORP.,AGTX
AGENUS,AGEN
AGENUS INC,AGEN
AGILENT,A
AGILENT TECHNOLOGIES INC,A
"AGILENT TECHNOLOGIES,",A
"AGILENT TECHNOLOGIES, INC.",A
AGILON,AGL
AGILON HEALTH INC,AGL
"AGILON HEALTH,",AGL
"AGILON HEALTH, INC.",AGL
AGILYSYS,AGYS
AGILYSYS INC,AGYS
AGIOS,AGIO
AGIOS PHARMACEUTICALS INC,AGIO
"AGIOS PHARMACEUTICALS,",AGIO
"AGIOS PHARMACEUTICALS, INC.",AGIO
AGM,AGMH
AGM GROUP,AGMH
AGM GROUP HOLDINGS INC,AGMH
"AGM GROUP HOLDINGS, INC.",AGMH
AGNC,AGNC
AGNC,AGNCO
AGNC,AGNCP
AGNC,AGNCN
AGNC,AGNCM
AGNC,AGNCL
AGNC INVESTMENT,AGNC
AGNC INVESTMENT,AGNCN
AGNC INVESTMENT,AGNCL
AGNC INVESTMENT,AGNCM
AGNC INVESTMENT,AGNCO
AGNC INVESTMENT,AGNCP
AGNC INVESTMENT CORP,AGNCM
AGNC INVESTMENT CORP,AGNCP
AGNC INVESTMENT CORP,AGNC
AGNC INVESTMENT CORP,AGNCL
AGNC INVESTMENT CORP,AGNCN
AGNC INVESTMENT CORP,AGNCO
AGNC INVESTMENT CORP.,AGNCP
AGNC INVESTMENT CORP.,AGNC
AGNC INVESTMENT CORP.,AGNCL
AGNC INVESTMENT CORP.,AGNCN
AGNC INVESTMENT CORP.,AGNCM
AGNC INVESTMENT CORP.,AGNCO
AGNICO,AEM
AGNICO EAGLE,AEM
AGNICO EAGLE MINES,AEM
AGNICO EAGLE MINES LTD,AEM
AGORA INC,API
"AGORA,",API
"AGORA, INC.",API
AGREE,ADC
AGREE REALTY,ADC
AGREE REALTY CORP,ADC
AGRICULTURE,ANSCW
AGRICULTURE,ANSC
AGRICULTURE,ANSCU
AGRICULTURE  NATURAL SOLUTIONS ACQUISITION,ANSC
AGRICULTURE  NATURAL SOLUTIONS ACQUISITION,ANSCW
AGRICULTURE  NATURAL SOLUTIONS ACQUISITION,ANSCU
AGRICULTURE & NATURAL SOLUTIONS ACQUISITION CORP,ANSCU
AGRICULTURE & NATURAL SOLUTIONS ACQUISITION CORP,ANSC
AGRICULTURE & NATURAL SOLUTIONS ACQUISITION CORP,ANSCW
AGRIFORCE,AGRI
AGRIFORCE GROWING,AGRI
AGRIFORCE GROWING SYSTEMS LTD,AGRI
AGRIFORCE GROWING SYSTEMS LTD.,AGRI
AGRIFY,AGFY
AGRIFY CORP,AGFY
AGROZ,AGRZ
AGROZ INC,AGRZ
AGROZ INC.,AGRZ
AI UNLIMITED GROUP INC,AIUG
"AI UNLIMITED GROUP, INC.",AIUG
AIB,AIBRF
AIB GROUP,AIBRF
AIB GROUP PLC/ADR,AIBRF
AIB GROUP PLCADR,AIBRF
AIBOTICS INC,AIBT
"AIBOTICS,",AIBT
"AIBOTICS, INC.",AIBT
AIFEEX,AIFER
AIFEEX,AIFE
AIFEEX,AIFEU
AIFEEX NEXUS,AIFER
AIFEEX NEXUS,AIFEU
AIFEEX NEXUS,AIFE
AIFEEX NEXUS ACQUISITION CORP,AIFER
AIFEEX NEXUS ACQUISITION CORP,AIFE
AIFEEX NEXUS ACQUISITION CORP,AIFEU
AIFEEX NEXUS ACQUISITION CORP.,AIFER
AIFEEX NEXUS ACQUISITION CORP.,AIFEU
AIFEEX NEXUS ACQUISITION CORP.,AIFE
AIFU,AIFU
AIFU INC,AIFU
AIFU INC.,AIFU
AIM,AIMID
AIM,AIM
AIM,AIMI
AIM IMMUNOTECH,AIM
AIM IMMUNOTECH,AIMI
AIM IMMUNOTECH,AIMID
AIM IMMUNOTECH INC,AIMI
AIM IMMUNOTECH INC,AIMID
AIM IMMUNOTECH INC,AIM
AIM IMMUNOTECH INC.,AIMID
AIM IMMUNOTECH INC.,AIM
AIM IMMUNOTECH INC.,AIMI
AIMEI,AFJKR
AIMEI,AFJKU
AIMEI,AFJK
AIMEI HEALTH,AFJK
AIMEI HEALTH,AFJKR
AIMEI HEALTH,AFJKU
AIMEI HEALTH TECHNOLOGY CO LTD,AFJK
AIMEI HEALTH TECHNOLOGY CO LTD,AFJKR
AIMEI HEALTH TECHNOLOGY CO LTD,AFJKU
"AIMEI HEALTH TECHNOLOGY CO., LTD.",AFJK
"AIMEI HEALTH TECHNOLOGY CO., LTD.",AFJKR
"AIMEI HEALTH TECHNOLOGY CO., LTD.",AFJKU
AIMFINITY,AIMTF
AIMFINITY,AIMWF
AIMFINITY,INKS
AIMFINITY INVESTMENT,AIMWF
AIMFINITY INVESTMENT,INKS
AIMFINITY INVESTMENT,AIMTF
AIMFINITY INVESTMENT CORP I,AIMWF
AIMFINITY INVESTMENT CORP I,AIMTF
AIMFINITY INVESTMENT CORP. I,AIMTF
AIMFINITY INVESTMENT CORP. I,AIMWF
AIMFINITY INVESTMENT MERGER SUB I,INKS
AINOS INC,AIMD
AINOS INC,AIMDW
"AINOS,",AIMDW
"AINOS,",AIMD
"AINOS, INC.",AIMD
"AINOS, INC.",AIMDW
AIR,AIRT
AIR,AL
AIR,AFRAF
AIR,AFLYY
AIR,AIRTP
AIR,AIRI
AIR,APD
AIR FRANCE-KLM,AFLYY
AIR FRANCE-KLM,AFRAF
AIR FRANCE-KLM /FI,AFRAF
AIR FRANCE-KLM /FI,AFLYY
AIR FRANCEKLM FI,AFRAF
AIR FRANCEKLM FI,AFLYY
AIR INDUSTRIES,AIRI
AIR INDUSTRIES GROUP,AIRI
AIR LEASE,AL
AIR LEASE CORP,AL
AIR PRODUCTS,APD
AIR PRODUCTS  CHEMICALS INC,APD
"AIR PRODUCTS & CHEMICALS, INC.",APD
AIR T,AIRTP
AIR T,AIRT
AIR T INC,AIRTP
AIR T INC,AIRT
AIRBNB INC,ABNB
"AIRBNB,",ABNB
"AIRBNB, INC.",ABNB
AIRBUS,EADSF
AIRBUS SE/ADR,EADSF
AIRBUS SEADR,EADSF
AIRCASTLE,AYR
AIRCASTLE LTD,AYR
AIRGAIN,AIRG
AIRGAIN INC,AIRG
AIRJOULE,AIRJ
AIRJOULE,AIRJW
AIRJOULE TECHNOLOGIES,AIRJW
AIRJOULE TECHNOLOGIES,AIRJ
AIRJOULE TECHNOLOGIES CORP,AIRJW
AIRJOULE TECHNOLOGIES CORP,AIRJ
AIRJOULE TECHNOLOGIES CORP.,AIRJW
AIRJOULE TECHNOLOGIES CORP.,AIRJ
AIRNET,ANTE
AIRNET TECHNOLOGY,ANTE
AIRNET TECHNOLOGY INC,ANTE
AIRNET TECHNOLOGY INC.,ANTE
AIRO,AIRO
AIRO GROUP,AIRO
AIRO GROUP HOLDINGS INC,AIRO
"AIRO GROUP HOLDINGS, INC.",AIRO
AIRSCULPT,AIRS
AIRSCULPT TECHNOLOGIES INC,AIRS
"AIRSCULPT TECHNOLOGIES,",AIRS
"AIRSCULPT TECHNOLOGIES, INC.",AIRS
AIRSHIP,AISPW
AIRSHIP,AISP
AIRSHIP AI HOLDINGS INC,AISPW
AIRSHIP AI HOLDINGS INC,AISP
"AIRSHIP AI HOLDINGS, INC.",AISPW
"AIRSHIP AI HOLDINGS, INC.",AISP
AIS,AIDG
AIS HOLDINGS,AIDG
AIS HOLDINGS GROUP INC,AIDG
"AIS HOLDINGS GROUP, INC.",AIDG
AIXIN,AIXN
AIXIN LIFE,AIXN
AIXIN LIFE INTERNATIONAL INC,AIXN
"AIXIN LIFE INTERNATIONAL, INC.",AIXN
AKA BRANDS HOLDING CORP,AKA
AKAMAI,AKAM
AKAMAI TECHNOLOGIES,AKAM
AKAMAI TECHNOLOGIES INC,AKAM
AKANDA,AKAN
AKANDA CORP,AKAN
AKANDA CORP.,AKAN
AKARI,AKTX
AKARI THERAPEUTICS,AKTX
AKARI THERAPEUTICS PLC,AKTX
AKEBIA,AKBA
AKEBIA THERAPEUTICS INC,AKBA
"AKEBIA THERAPEUTICS,",AKBA
"AKEBIA THERAPEUTICS, INC.",AKBA
AKERO,AKRO
AKERO THERAPEUTICS INC,AKRO
"AKERO THERAPEUTICS,",AKRO
"AKERO THERAPEUTICS, INC.",AKRO
AKOYA,AKYA
AKOYA BIOSCIENCES INC,AKYA
"AKOYA BIOSCIENCES,",AKYA
"AKOYA BIOSCIENCES, INC.",AKYA
AKSO,AHG
AKSO HEALTH,AHG
AKSO HEALTH GROUP,AHG
ALAMO,ALG
ALAMO GROUP,ALG
ALAMO GROUP INC,ALG
ALAMOS,AGI
ALAMOS GOLD,AGI
ALAMOS GOLD INC,AGI
ALARM.COM,ALRM
"ALARM.COM HOLDINGS,",ALRM
"ALARM.COM HOLDINGS, INC.",ALRM
ALARMCOM HOLDINGS INC,ALRM
ALARUM,ALAR
ALARUM TECHNOLOGIES,ALAR
ALARUM TECHNOLOGIES LTD,ALAR
ALARUM TECHNOLOGIES LTD.,ALAR
ALASKA,ALK
ALASKA AIR,ALK
ALASKA AIR GROUP INC,ALK
"ALASKA AIR GROUP, INC.",ALK
ALAUNOS,TCRT
ALAUNOS THERAPEUTICS INC,TCRT
"ALAUNOS THERAPEUTICS,",TCRT
"ALAUNOS THERAPEUTICS, INC.",TCRT
ALBANY,AIN
ALBANY INTERNATIONAL,AIN
ALBANY INTERNATIONAL CORP /DE/,AIN
ALBANY INTERNATIONAL CORP DE,AIN
ALBEMARLE,ALB
ALBEMARLE CORP,ALB
ALBERTSONS,ACI
ALBERTSONS COMPANIES INC,ACI
"ALBERTSONS COMPANIES,",ACI
"ALBERTSONS COMPANIES, INC.",ACI
ALCHEMY,ALCYW
ALCHEMY,ALCY
ALCHEMY,ALCYU
ALCHEMY INVESTMENTS,ALCYW
ALCHEMY INVESTMENTS,ALCY
ALCHEMY INVESTMENTS,ALCYU
ALCHEMY INVESTMENTS ACQUISITION CORP 1,ALCYU
ALCHEMY INVESTMENTS ACQUISITION CORP 1,ALCY
ALCHEMY INVESTMENTS ACQUISITION CORP 1,ALCYW
ALCOA,AA
ALCOA CORP,AA
ALCON,ALC
ALCON INC,ALC
ALDEL,ALDF
ALDEL,ALDFW
ALDEL,ALDFU
ALDEL FINANCIAL,ALDFW
ALDEL FINANCIAL,ALDFU
ALDEL FINANCIAL,ALDF
ALDEL FINANCIAL II INC,ALDF
ALDEL FINANCIAL II INC,ALDFU
ALDEL FINANCIAL II INC,ALDFW
ALDEL FINANCIAL II INC.,ALDF
ALDEL FINANCIAL II INC.,ALDFW
ALDEL FINANCIAL II INC.,ALDFU
ALDEYRA,ALDX
ALDEYRA THERAPEUTICS INC,ALDX
"ALDEYRA THERAPEUTICS,",ALDX
"ALDEYRA THERAPEUTICS, INC.",ALDX
ALE,ALEH
ALE GROUP,ALEH
ALE GROUP HOLDING,ALEH
ALE GROUP HOLDING LTD,ALEH
ALEANNA INC,ANNA
ALEANNA INC,ANNAW
"ALEANNA,",ANNA
"ALEANNA,",ANNAW
"ALEANNA, INC.",ANNAW
"ALEANNA, INC.",ANNA
ALECTOR INC,ALEC
"ALECTOR,",ALEC
"ALECTOR, INC.",ALEC
ALERUS,ALRS
ALERUS FINANCIAL,ALRS
ALERUS FINANCIAL CORP,ALRS
ALEXANDER,ALEX
ALEXANDER  BALDWIN INC,ALEX
"ALEXANDER & BALDWIN, INC.",ALEX
ALEXANDERS,ALX
ALEXANDERS INC,ALX
ALEXANDRIA,ARE
ALEXANDRIA REAL,ARE
ALEXANDRIA REAL ESTATE EQUITIES INC,ARE
"ALEXANDRIA REAL ESTATE EQUITIES, INC.",ARE
ALGERNON,AGNPF
ALGERNON PHARMACEUTICALS,AGNPF
ALGERNON PHARMACEUTICALS INC,AGNPF
ALGERNON PHARMACEUTICALS INC.,AGNPF
ALGOMA,ASTLW
ALGOMA,ASTL
ALGOMA STEEL,ASTL
ALGOMA STEEL,ASTLW
ALGOMA STEEL GROUP INC,ASTLW
ALGOMA STEEL GROUP INC,ASTL
ALGOMA STEEL GROUP INC.,ASTL
ALGOMA STEEL GROUP INC.,ASTLW
ALGONQUIN,AGQPF
ALGONQUIN,AQN
ALGONQUIN,AQNB
ALGONQUIN POWER,AGQPF
ALGONQUIN POWER,AQN
ALGONQUIN POWER,AQNB
ALGONQUIN POWER  UTILITIES CORP,AGQPF
ALGONQUIN POWER  UTILITIES CORP,AQN
ALGONQUIN POWER  UTILITIES CORP,AQNB
ALGONQUIN POWER & UTILITIES CORP.,AGQPF
ALGONQUIN POWER & UTILITIES CORP.,AQNB
ALGONQUIN POWER & UTILITIES CORP.,AQN
ALGORHYTHM,RIME
ALGORHYTHM HOLDINGS INC,RIME
"ALGORHYTHM HOLDINGS,",RIME
"ALGORHYTHM HOLDINGS, INC.",RIME
ALIBABA,BABA
ALIBABA,BBAAY
ALIBABA,BABAF
ALIBABA GROUP,BABA
ALIBABA GROUP,BBAAY
ALIBABA GROUP,BABAF
ALIBABA GROUP HOLDING,BABAF
ALIBABA GROUP HOLDING,BBAAY
ALIBABA GROUP HOLDING,BABA
ALIBABA GROUP HOLDING LTD,BABA
ALIBABA GROUP HOLDING LTD,BBAAY
ALIBABA GROUP HOLDING LTD,BABAF
ALICO INC,ALCO
"ALICO,",ALCO
"ALICO, INC.",ALCO
ALIGHT INC  DELAWARE,ALIT
"ALIGHT,",ALIT
"ALIGHT, INC.",ALIT
"ALIGHT, INC. / DELAWARE",ALIT
ALIGN,ALGN
ALIGN TECHNOLOGY,ALGN
ALIGN TECHNOLOGY INC,ALGN
ALIGNMENT,ALHC
ALIGNMENT HEALTHCARE INC,ALHC
"ALIGNMENT HEALTHCARE,",ALHC
"ALIGNMENT HEALTHCARE, INC.",ALHC
ALIGOS,ALGS
ALIGOS THERAPEUTICS INC,ALGS
"ALIGOS THERAPEUTICS,",ALGS
"ALIGOS THERAPEUTICS, INC.",ALGS
ALITHYA,ALYAF
ALITHYA GROUP,ALYAF
ALITHYA GROUP INC,ALYAF
ALIXO-YOLLOO,ALXY
ALIXO-YOLLOO CORP,ALXY
ALIXOYOLLOO,ALXY
ALKALINE,WTER
ALKALINE WATER,WTER
ALKALINE WATER CO INC,WTER
ALKAMI,ALKT
ALKAMI TECHNOLOGY INC,ALKT
"ALKAMI TECHNOLOGY,",ALKT
"ALKAMI TECHNOLOGY, INC.",ALKT
ALKERMES,ALKS
ALKERMES PLC,ALKS
ALKERMES PLC.,ALKS
ALL,ATMH
ALL THINGS,ATMH
ALL THINGS MOBILE ANALYTIC INC,ATMH
"ALL THINGS MOBILE ANALYTIC, INC.",ATMH
ALLARITY,ALLR
ALLARITY THERAPEUTICS INC,ALLR
"ALLARITY THERAPEUTICS,",ALLR
"ALLARITY THERAPEUTICS, INC.",ALLR
ALLBIRDS INC,BIRD
"ALLBIRDS,",BIRD
"ALLBIRDS, INC.",BIRD
ALLEGIANT,ALGT
ALLEGIANT TRAVEL,ALGT
ALLEGIANT TRAVEL CO,ALGT
ALLEGION,ALLE
ALLEGION PLC,ALLE
ALLEGRO,ALGM
ALLEGRO MICROSYSTEMS INC,ALGM
"ALLEGRO MICROSYSTEMS,",ALGM
"ALLEGRO MICROSYSTEMS, INC.",ALGM
ALLETE,ALE
ALLETE INC,ALE
ALLIANCE,AENTW
ALLIANCE,ARLP
ALLIANCE,AENT
ALLIANCE ENTERTAINMENT,AENT
ALLIANCE ENTERTAINMENT,AENTW
ALLIANCE ENTERTAINMENT HOLDING,AENT
ALLIANCE ENTERTAINMENT HOLDING,AENTW
ALLIANCE ENTERTAINMENT HOLDING CORP,AENT
ALLIANCE ENTERTAINMENT HOLDING CORP,AENTW
ALLIANCE RESOURCE,ARLP
ALLIANCE RESOURCE PARTNERS,ARLP
ALLIANCE RESOURCE PARTNERS LP,ARLP
ALLIANCEBERNSTEIN,AFB
ALLIANCEBERNSTEIN,AWF
ALLIANCEBERNSTEIN,AB
ALLIANCEBERNSTEIN GLOBAL,AWF
ALLIANCEBERNSTEIN GLOBAL HIGH INCOME FUND,AWF
ALLIANCEBERNSTEIN GLOBAL HIGH INCOME FUND INC,AWF
ALLIANCEBERNSTEIN HOLDING,AB
ALLIANCEBERNSTEIN HOLDING L.P.,AB
ALLIANCEBERNSTEIN NATIONAL,AFB
ALLIANCEBERNSTEIN NATIONAL MUNICIPAL INCOME FUND,AFB
ALLIANT,LNT
ALLIANT ENERGY,LNT
ALLIANT ENERGY CORP,LNT
ALLIED,AAUC
ALLIED,AAUCD
ALLIED,ALCMF
ALLIED,AGAE
ALLIED CRITICAL,ALCMF
ALLIED CRITICAL METALS CORP,ALCMF
ALLIED CRITICAL METALS CORP.,ALCMF
ALLIED GAMING,AGAE
ALLIED GAMING  ENTERTAINMENT INC,AGAE
ALLIED GAMING & ENTERTAINMENT INC.,AGAE
ALLIED GOLD,AAUCD
ALLIED GOLD,AAUC
ALLIED GOLD CORP,AAUCD
ALLIED GOLD CORP,AAUC
ALLIENT,ALNT
ALLIENT INC,ALNT
ALLISON,ALSN
ALLISON TRANSMISSION,ALSN
ALLISON TRANSMISSION HOLDINGS INC,ALSN
ALLOGENE,ALLO
ALLOGENE THERAPEUTICS INC,ALLO
"ALLOGENE THERAPEUTICS,",ALLO
"ALLOGENE THERAPEUTICS, INC.",ALLO
ALLOT,ALLT
ALLOT LTD,ALLT
ALLOT LTD.,ALLT
ALLSPRING,EOD
ALLSPRING,ERH
ALLSPRING,EAD
ALLSPRING,ERC
ALLSPRING GLOBAL,EOD
ALLSPRING GLOBAL DIVIDEND OPPORTUNITY FUND,EOD
ALLSPRING INCOME,EAD
ALLSPRING INCOME OPPORTUNITIES FUND,EAD
ALLSPRING MULTI-SECTOR,ERC
ALLSPRING MULTI-SECTOR INCOME FUND,ERC
ALLSPRING MULTISECTOR INCOME FUND,ERC
ALLSPRING UTILITIES,ERH
ALLSPRING UTILITIES  HIGH INCOME FUND,ERH
ALLSPRING UTILITIES & HIGH INCOME FUND,ERH
ALLSTATE,ALL
ALLSTATE CORP,ALL
ALLURION,ALUR
ALLURION TECHNOLOGIES INC,ALUR
"ALLURION TECHNOLOGIES,",ALUR
"ALLURION TECHNOLOGIES, INC.",ALUR
ALLY,ALLY
ALLY FINANCIAL,ALLY
ALLY FINANCIAL INC,ALLY
ALLY FINANCIAL INC.,ALLY
ALMADEN,AAUAF
ALMADEN MINERALS,AAUAF
ALMADEN MINERALS LTD,AAUAF
ALMCO,ALMP
ALMCO PLUMBING,ALMP
ALMCO PLUMBING INC,ALMP
ALNYLAM,ALNY
ALNYLAM PHARMACEUTICALS INC,ALNY
"ALNYLAM PHARMACEUTICALS,",ALNY
"ALNYLAM PHARMACEUTICALS, INC.",ALNY
ALPHA,AOAO
ALPHA,AMR
ALPHA,DRTS
ALPHA,DRTSW
ALPHA,TKNO
ALPHA,ALSAF
ALPHA,AMOD
ALPHA,ACOG
ALPHA,AMODW
ALPHA,GGBY
ALPHA,AOSL
ALPHA,ATGL
ALPHA,ALSWF
ALPHA,APT
ALPHA,ALSUF
ALPHA,ALSTF
ALPHA  OMEGA SEMICONDUCTOR,AOSL
ALPHA & OMEGA SEMICONDUCTOR LTD,AOSL
ALPHA COGNITION,ACOG
ALPHA COGNITION INC,ACOG
ALPHA COGNITION INC.,ACOG
ALPHA INVESTMENT,GGBY
ALPHA INVESTMENT INC,GGBY
ALPHA INVESTMENT INC.,GGBY
ALPHA METALLURGICAL,AMR
ALPHA METALLURGICAL RESOURCES INC,AMR
"ALPHA METALLURGICAL RESOURCES, INC.",AMR
ALPHA MODUS,AMOD
ALPHA MODUS,AMODW
ALPHA MODUS HOLDINGS INC,AMOD
ALPHA MODUS HOLDINGS INC,AMODW
"ALPHA MODUS HOLDINGS, INC.",AMOD
"ALPHA MODUS HOLDINGS, INC.",AMODW
ALPHA ONE,AOAO
ALPHA ONE INC,AOAO
ALPHA ONE INC.,AOAO
ALPHA PRO,APT
ALPHA PRO TECH LTD,APT
ALPHA STAR,ALSAF
ALPHA STAR,ALSUF
ALPHA STAR,ALSTF
ALPHA STAR,ALSWF
ALPHA STAR ACQUISITION,ALSAF
ALPHA STAR ACQUISITION,ALSUF
ALPHA STAR ACQUISITION,ALSTF
ALPHA STAR ACQUISITION,ALSWF
ALPHA STAR ACQUISITION CORP,ALSAF
ALPHA STAR ACQUISITION CORP,ALSWF
ALPHA STAR ACQUISITION CORP,ALSTF
ALPHA STAR ACQUISITION CORP,ALSUF
ALPHA TAU,DRTSW
ALPHA TAU,DRTS
ALPHA TAU MEDICAL LTD,DRTS
ALPHA TAU MEDICAL LTD,DRTSW
ALPHA TAU MEDICAL LTD.,DRTSW
ALPHA TAU MEDICAL LTD.,DRTS
ALPHA TECHNOLOGY,ATGL
ALPHA TECHNOLOGY GROUP LTD,ATGL
ALPHA TEKNOVA INC,TKNO
"ALPHA TEKNOVA,",TKNO
"ALPHA TEKNOVA, INC.",TKNO
ALPHABET,GOOG
ALPHABET,GOOGL
ALPHABET INC,GOOG
ALPHABET INC,GOOGL
ALPHABET INC.,GOOG
ALPHABET INC.,GOOGL
ALPHATEC,ATEC
ALPHATEC HOLDINGS INC,ATEC
"ALPHATEC HOLDINGS,",ATEC
"ALPHATEC HOLDINGS, INC.",ATEC
ALPHATIME,ATMCU
ALPHATIME,ATMC
ALPHATIME,ATMCW
ALPHATIME,ATMCR
ALPHATIME ACQUISITION,ATMCR
ALPHATIME ACQUISITION,ATMCW
ALPHATIME ACQUISITION,ATMCU
ALPHATIME ACQUISITION,ATMC
ALPHATIME ACQUISITION CORP,ATMCR
ALPHATIME ACQUISITION CORP,ATMC
ALPHATIME ACQUISITION CORP,ATMCU
ALPHATIME ACQUISITION CORP,ATMCW
ALPHAVEST,ATMVR
ALPHAVEST,ATMV
ALPHAVEST,ATMVU
ALPHAVEST ACQUISITION,ATMVR
ALPHAVEST ACQUISITION,ATMV
ALPHAVEST ACQUISITION,ATMVU
ALPHAVEST ACQUISITION CORP,ATMVU
ALPHAVEST ACQUISITION CORP,ATMVR
ALPHAVEST ACQUISITION CORP,ATMV
ALPHAVEST ACQUISITION CORP.,ATMVR
ALPHAVEST ACQUISITION CORP.,ATMVU
ALPHAVEST ACQUISITION CORP.,ATMV
ALPINE,PINE
ALPINE,ALTB
ALPINE AUTO,ALTB
ALPINE AUTO BROKERS INC,ALTB
ALPINE AUTO BROKERS INC.,ALTB
ALPINE INCOME,PINE
ALPINE INCOME PROPERTY TRUST INC,PINE
"ALPINE INCOME PROPERTY TRUST, INC.",PINE
ALR,ALRTF
ALR TECHNOLOGIES,ALRTF
ALR TECHNOLOGIES SG LTD,ALRTF
ALR TECHNOLOGIES SG LTD.,ALRTF
ALSET,AEI
ALSET,GPUSF
ALSET CAPITAL,GPUSF
ALSET CAPITAL INC,GPUSF
ALSET CAPITAL INC.,GPUSF
ALSET INC,AEI
ALSET INC.,AEI
ALSTOM,AOMFF
ALT5,ALTS
ALT5 SIGMA,ALTS
ALT5 SIGMA CORP,ALTS
ALTA,ALTG
ALTA EQUIPMENT,ALTG
ALTA EQUIPMENT GROUP INC,ALTG
ALTA EQUIPMENT GROUP INC.,ALTG
ALTAGAS,ATGFF
ALTAGAS,ATGPF
ALTAGAS,ATGAF
ALTAGAS LTD,ATGPF
ALTAGAS LTD,ATGFF
ALTAGAS LTD,ATGAF
ALTAGAS LTD.,ATGPF
ALTAGAS LTD.,ATGFF
ALTAGAS LTD.,ATGAF
ALTAMIRA,EQTRF
ALTAMIRA,CYTOF
ALTAMIRA GOLD,EQTRF
ALTAMIRA GOLD CORP,EQTRF
ALTAMIRA GOLD CORP.,EQTRF
ALTAMIRA THERAPEUTICS,CYTOF
ALTAMIRA THERAPEUTICS LTD,CYTOF
ALTAMIRA THERAPEUTICS LTD.,CYTOF
ALTENERGY,AEAE
ALTENERGY,AEAEU
ALTENERGY,AEAEW
ALTENERGY ACQUISITION,AEAEU
ALTENERGY ACQUISITION,AEAEW
ALTENERGY ACQUISITION,AEAE
ALTENERGY ACQUISITION CORP,AEAE
ALTENERGY ACQUISITION CORP,AEAEU
ALTENERGY ACQUISITION CORP,AEAEW
ALTERITY,PRNAF
ALTERITY,ATHE
ALTERITY THERAPEUTICS,ATHE
ALTERITY THERAPEUTICS,PRNAF
ALTERITY THERAPEUTICS LTD,PRNAF
ALTERITY THERAPEUTICS LTD,ATHE
ALTERNATIVE,LTAFX
ALTERNATIVE,LTCFX
ALTERNATIVE STRATEGIES,LTAFX
ALTERNATIVE STRATEGIES,LTCFX
ALTERNATIVE STRATEGIES INCOME FUND,LTCFX
ALTERNATIVE STRATEGIES INCOME FUND,LTAFX
ALTERNUS,ACLEW
ALTERNUS,ALCE
ALTERNUS CLEAN,ALCE
ALTERNUS CLEAN,ACLEW
ALTERNUS CLEAN ENERGY INC,ALCE
ALTERNUS CLEAN ENERGY INC,ACLEW
"ALTERNUS CLEAN ENERGY, INC.",ALCE
"ALTERNUS CLEAN ENERGY, INC.",ACLEW
ALTEX,ALTX
ALTEX INDUSTRIES,ALTX
ALTEX INDUSTRIES INC,ALTX
ALTI,ALTI
ALTI GLOBAL INC,ALTI
"ALTI GLOBAL,",ALTI
"ALTI GLOBAL, INC.",ALTI
ALTICE,ATUS
ALTICE USA INC,ATUS
"ALTICE USA,",ATUS
"ALTICE USA, INC.",ATUS
ALTIMMUNE INC,ALT
"ALTIMMUNE,",ALT
"ALTIMMUNE, INC.",ALT
ALTISOURCE,ASPS
ALTISOURCE,ASPSZ
ALTISOURCE,ASPSW
ALTISOURCE PORTFOLIO,ASPS
ALTISOURCE PORTFOLIO,ASPSZ
ALTISOURCE PORTFOLIO,ASPSW
ALTISOURCE PORTFOLIO SOLUTIONS S.A.,ASPSZ
ALTISOURCE PORTFOLIO SOLUTIONS S.A.,ASPSW
ALTISOURCE PORTFOLIO SOLUTIONS S.A.,ASPS
ALTISOURCE PORTFOLIO SOLUTIONS SA,ASPSZ
ALTISOURCE PORTFOLIO SOLUTIONS SA,ASPS
ALTISOURCE PORTFOLIO SOLUTIONS SA,ASPSW
ALTO,ALTO
ALTO,ANRO
ALTO INGREDIENTS INC,ALTO
"ALTO INGREDIENTS,",ALTO
"ALTO INGREDIENTS, INC.",ALTO
ALTO NEUROSCIENCE INC,ANRO
"ALTO NEUROSCIENCE,",ANRO
"ALTO NEUROSCIENCE, INC.",ANRO
ALTRIA,MO
ALTRIA GROUP INC,MO
"ALTRIA GROUP,",MO
"ALTRIA GROUP, INC.",MO
ALUMINUM,ALMMF
ALUMINUM CORP,ALMMF
ALUMINUM CORP OF CHINA,ALMMF
ALUMINUM CORP OF CHINA LTD,ALMMF
ALUMIS,ALMS
ALUMIS INC,ALMS
ALUMIS INC.,ALMS
ALVOTECH,ALVOW
ALVOTECH,ALVO
ALX,ALXO
ALX ONCOLOGY,ALXO
ALX ONCOLOGY HOLDINGS INC,ALXO
ALZAMEND,ALZN
ALZAMEND NEURO INC,ALZN
"ALZAMEND NEURO,",ALZN
"ALZAMEND NEURO, INC.",ALZN
AMALGAMATED,AMAL
AMALGAMATED FINANCIAL,AMAL
AMALGAMATED FINANCIAL CORP,AMAL
AMALGAMATED FINANCIAL CORP.,AMAL
AMARC,AXREF
AMARC RESOURCES,AXREF
AMARC RESOURCES LTD,AXREF
AMARIN,AMRN
AMARIN CORP,AMRN
AMARIN CORP PLCUK,AMRN
AMARK PRECIOUS METALS INC,AMRK
AMAZE,AMZE
AMAZE HOLDINGS INC,AMZE
"AMAZE HOLDINGS,",AMZE
"AMAZE HOLDINGS, INC.",AMZE
AMAZON,AMZN
AMAZON COM,AMZN
AMAZON COM INC,AMZN
AMBAC,AMBC
AMBAC FINANCIAL,AMBC
AMBAC FINANCIAL GROUP INC,AMBC
AMBARELLA,AMBA
AMBARELLA INC,AMBA
AMBASE,ABCP
AMBASE CORP,ABCP
AMBER,AMBR
AMBER INTERNATIONAL,AMBR
AMBER INTERNATIONAL HOLDING,AMBR
AMBER INTERNATIONAL HOLDING LTD,AMBR
AMBEV,ABEV
AMBEV S.A.,ABEV
AMBEV SA,ABEV
AMBIPAR,AMBI
AMBIPAR EMERGENCY,AMBI
AMBIPAR EMERGENCY RESPONSE,AMBI
AMBITIONS,AHMA
AMBITIONS ENTERPRISE,AHMA
AMBITIONS ENTERPRISE MANAGEMENT CO LLC,AHMA
AMBITIONS ENTERPRISE MANAGEMENT CO. L.L.C,AHMA
AMBOW,AMBO
AMBOW EDUCATION,AMBO
AMBOW EDUCATION HOLDING LTD,AMBO
AMBOW EDUCATION HOLDING LTD.,AMBO
AMC,AMC
AMC,AMCX
AMC ENTERTAINMENT,AMC
AMC ENTERTAINMENT HOLDINGS INC,AMC
"AMC ENTERTAINMENT HOLDINGS, INC.",AMC
AMC NETWORKS,AMCX
AMC NETWORKS INC,AMCX
AMC NETWORKS INC.,AMCX
AMCON,DIT
AMCON DISTRIBUTING,DIT
AMCON DISTRIBUTING CO,DIT
AMCOR,AMCCF
AMCOR,AMCR
AMCOR PLC,AMCR
AMCOR PLC,AMCCF
AMDOCS,DOX
AMDOCS LTD,DOX
AMEDISYS,AMED
AMEDISYS INC,AMED
AMENTUM,AMTM
AMENTUM HOLDINGS INC,AMTM
"AMENTUM HOLDINGS,",AMTM
"AMENTUM HOLDINGS, INC.",AMTM
AMER,AS
AMER SPORTS INC,AS
"AMER SPORTS,",AS
"AMER SPORTS, INC.",AS
AMERAMEX,AMMX
AMERAMEX INTERNATIONAL,AMMX
AMERAMEX INTERNATIONAL INC,AMMX
AMERANT,AMTB
AMERANT BANCORP,AMTB
AMERANT BANCORP INC,AMTB
AMERANT BANCORP INC.,AMTB
AMEREN,AILLM
AMEREN,AEE
AMEREN,AILIH
AMEREN,AILIM
AMEREN,AILLP
AMEREN,AILIO
AMEREN,AILIN
AMEREN,AILIP
AMEREN,AILLO
AMEREN,AILLI
AMEREN,AILLN
AMEREN CORP,AEE
AMEREN ILLINOIS,AILLP
AMEREN ILLINOIS,AILLO
AMEREN ILLINOIS,AILIH
AMEREN ILLINOIS,AILIN
AMEREN ILLINOIS,AILIM
AMEREN ILLINOIS,AILIO
AMEREN ILLINOIS,AILIP
AMEREN ILLINOIS,AILLI
AMEREN ILLINOIS,AILLN
AMEREN ILLINOIS,AILLM
AMEREN ILLINOIS CO,AILLM
AMEREN ILLINOIS CO,AILIN
AMEREN ILLINOIS CO,AILLI
AMEREN ILLINOIS CO,AILLN
AMEREN ILLINOIS CO,AILLP
AMEREN ILLINOIS CO,AILIO
AMEREN ILLINOIS CO,AILLO
AMEREN ILLINOIS CO,AILIH
AMEREN ILLINOIS CO,AILIM
AMEREN ILLINOIS CO,AILIP
AMERESCO INC,AMRC
"AMERESCO,",AMRC
"AMERESCO, INC.",AMRC
AMERICA,AMX
AMERICA,AMXOF
AMERICA,AAGH
AMERICA GREAT,AAGH
AMERICA GREAT HEALTH,AAGH
AMERICA MOVIL,AMX
AMERICA MOVIL,AMXOF
AMERICA MOVIL SAB DE CV,AMXOF
AMERICA MOVIL SAB DE CV,AMX
AMERICA MOVIL SAB DE CV/,AMX
AMERICA MOVIL SAB DE CV/,AMXOF
AMERICAN,AOUT
AMERICAN,AAT
AMERICAN,APHP
AMERICAN,ARRNF
AMERICAN,BLTH
AMERICAN,AVD
AMERICAN,USGDF
AMERICAN,AWK
AMERICAN,AXL
AMERICAN,AMRRY
AMERICAN,AMSC
AMERICAN,AHR
AMERICAN,AONCW
AMERICAN,AONC
AMERICAN,AFGD
AMERICAN,AMWD
AMERICAN,AREC
AMERICAN,AII
AMERICAN,AFG
AMERICAN,ACKRF
AMERICAN,AMWL
AMERICAN,AMT
AMERICAN,ABAT
AMERICAN,AFGB
AMERICAN,AWR
AMERICAN,AAL
AMERICAN,AMH
AMERICAN,AMLIF
AMERICAN,AEP
AMERICAN,ARL
AMERICAN,AIG
AMERICAN,AMS
AMERICAN,AREBW
AMERICAN,AFGE
AMERICAN,AFGC
AMERICAN,ACIC
AMERICAN,NYC
AMERICAN,AEO
AMERICAN,AXP
AMERICAN,APEI
AMERICAN,AREB
AMERICAN AIRLINES,AAL
AMERICAN AIRLINES GROUP INC,AAL
AMERICAN AIRLINES GROUP INC.,AAL
AMERICAN ASSETS,AAT
AMERICAN ASSETS TRUST INC,AAT
"AMERICAN ASSETS TRUST, INC.",AAT
AMERICAN AXLE,AXL
AMERICAN AXLE  MANUFACTURING,AXL
AMERICAN AXLE & MANUFACTURING HOLDINGS INC,AXL
AMERICAN BATTERY,BLTH
AMERICAN BATTERY,ABAT
AMERICAN BATTERY MATERIALS INC,BLTH
"AMERICAN BATTERY MATERIALS, INC.",BLTH
AMERICAN BATTERY TECHNOLOGY,ABAT
AMERICAN BATTERY TECHNOLOGY CO,ABAT
AMERICAN COASTAL,ACIC
AMERICAN COASTAL INSURANCE CORP,ACIC
AMERICAN CREEK,ACKRF
AMERICAN CREEK RESOURCES LTD,ACKRF
AMERICAN CREEK RESOURCES LTD.,ACKRF
AMERICAN EAGLE,AEO
AMERICAN EAGLE OUTFITTERS,AEO
AMERICAN EAGLE OUTFITTERS INC,AEO
AMERICAN ELECTRIC,AEP
AMERICAN ELECTRIC POWER,AEP
AMERICAN ELECTRIC POWER CO INC,AEP
AMERICAN EXPRESS,AXP
AMERICAN EXPRESS CO,AXP
AMERICAN FINANCIAL,AFG
AMERICAN FINANCIAL,AFGC
AMERICAN FINANCIAL,AFGE
AMERICAN FINANCIAL,AFGB
AMERICAN FINANCIAL,AFGD
AMERICAN FINANCIAL GROUP INC,AFGE
AMERICAN FINANCIAL GROUP INC,AFGB
AMERICAN FINANCIAL GROUP INC,AFG
AMERICAN FINANCIAL GROUP INC,AFGD
AMERICAN FINANCIAL GROUP INC,AFGC
AMERICAN HEALTHCARE,AHR
AMERICAN HEALTHCARE REIT INC,AHR
"AMERICAN HEALTHCARE REIT, INC.",AHR
AMERICAN HOMES,AMH
AMERICAN HOMES 4 RENT,AMH
AMERICAN INTEGRITY,AII
AMERICAN INTEGRITY INSURANCE GROUP INC,AII
"AMERICAN INTEGRITY INSURANCE GROUP, INC.",AII
AMERICAN INTERNATIONAL,AIG
AMERICAN INTERNATIONAL GROUP INC,AIG
"AMERICAN INTERNATIONAL GROUP, INC.",AIG
AMERICAN LITHIUM,AMLIF
AMERICAN LITHIUM CORP,AMLIF
AMERICAN LITHIUM CORP.,AMLIF
AMERICAN ONCOLOGY,AONCW
AMERICAN ONCOLOGY,AONC
AMERICAN ONCOLOGY NETWORK INC,AONCW
AMERICAN ONCOLOGY NETWORK INC,AONC
"AMERICAN ONCOLOGY NETWORK, INC.",AONCW
"AMERICAN ONCOLOGY NETWORK, INC.",AONC
AMERICAN OUTDOOR,AOUT
AMERICAN OUTDOOR BRANDS INC,AOUT
"AMERICAN OUTDOOR BRANDS, INC.",AOUT
AMERICAN PACIFIC,USGDF
AMERICAN PACIFIC MINING,USGDF
AMERICAN PACIFIC MINING CORP,USGDF
AMERICAN PICTURE,APHP
AMERICAN PICTURE HOUSE,APHP
AMERICAN PICTURE HOUSE CORP,APHP
AMERICAN PUBLIC,APEI
AMERICAN PUBLIC EDUCATION,APEI
AMERICAN PUBLIC EDUCATION INC,APEI
AMERICAN RARE,ARRNF
AMERICAN RARE,AMRRY
AMERICAN RARE EARTHS LIMITED/ADR,ARRNF
AMERICAN RARE EARTHS LIMITED/ADR,AMRRY
AMERICAN RARE EARTHS LIMITEDADR,ARRNF
AMERICAN RARE EARTHS LIMITEDADR,AMRRY
AMERICAN REALTY,ARL
AMERICAN REALTY INVESTORS,ARL
AMERICAN REALTY INVESTORS INC,ARL
AMERICAN REBEL,AREB
AMERICAN REBEL,AREBW
AMERICAN REBEL HOLDINGS INC,AREBW
AMERICAN REBEL HOLDINGS INC,AREB
AMERICAN RESOURCES,AREC
AMERICAN RESOURCES CORP,AREC
AMERICAN SHARED,AMS
AMERICAN SHARED HOSPITAL,AMS
AMERICAN SHARED HOSPITAL SERVICES,AMS
AMERICAN STATES,AWR
AMERICAN STATES WATER,AWR
AMERICAN STATES WATER CO,AWR
AMERICAN STRATEGIC,NYC
AMERICAN STRATEGIC INVESTMENT CO,NYC
AMERICAN STRATEGIC INVESTMENT CO.,NYC
AMERICAN SUPERCONDUCTOR,AMSC
AMERICAN SUPERCONDUCTOR CORP /DE/,AMSC
AMERICAN SUPERCONDUCTOR CORP DE,AMSC
AMERICAN TOWER,AMT
AMERICAN TOWER CORP /MA/,AMT
AMERICAN TOWER CORP MA,AMT
AMERICAN VANGUARD,AVD
AMERICAN VANGUARD CORP,AVD
AMERICAN WATER,AWK
AMERICAN WATER WORKS COMPANY INC,AWK
"AMERICAN WATER WORKS COMPANY, INC.",AWK
AMERICAN WELL,AMWL
AMERICAN WELL CORP,AMWL
AMERICAN WOODMARK,AMWD
AMERICAN WOODMARK CORP,AMWD
AMERICAS,USAS
AMERICAS,CRMT
AMERICAS CARMART,CRMT
AMERICAS CARMART INC,CRMT
AMERICAS GOLD,USAS
AMERICAS GOLD  SILVER,USAS
AMERICAS GOLD & SILVER CORP,USAS
AMERICOLD,COLD
AMERICOLD REALTY,COLD
AMERICOLD REALTY TRUST,COLD
AMERIGUARD,AGSS
AMERIGUARD SECURITY,AGSS
AMERIGUARD SECURITY SERVICES INC,AGSS
"AMERIGUARD SECURITY SERVICES, INC.",AGSS
AMERIPRISE,AMP
AMERIPRISE FINANCIAL,AMP
AMERIPRISE FINANCIAL INC,AMP
AMERIS,ABCB
AMERIS BANCORP,ABCB
AMERISAFE,AMSF
AMERISAFE INC,AMSF
AMERISERV,ASRV
AMERISERV FINANCIAL,ASRV
AMERISERV FINANCIAL INC /PA/,ASRV
AMERISERV FINANCIAL INC PA,ASRV
AMERITEK,ATVK
AMERITEK VENTURES INC,ATVK
"AMERITEK VENTURES,",ATVK
"AMERITEK VENTURES, INC.",ATVK
AMERITYRE,AMTY
AMERITYRE CORP,AMTY
AMES,ATLO
AMES NATIONAL,ATLO
AMES NATIONAL CORP,ATLO
AMESITE,AMST
AMESITE INC,AMST
AMESITE INC.,AMST
AMETEK,AME
AMETEK INC,AME
AMETEK INC/,AME
AMGEN,AMGN
AMGEN INC,AMGN
AMICUS,FOLD
AMICUS THERAPEUTICS INC,FOLD
"AMICUS THERAPEUTICS,",FOLD
"AMICUS THERAPEUTICS, INC.",FOLD
AMJ,AMJT
AMJ GLOBAL,AMJT
AMJ GLOBAL TECHNOLOGY,AMJT
AMKOR,AMKR
AMKOR TECHNOLOGY INC,AMKR
"AMKOR TECHNOLOGY,",AMKR
"AMKOR TECHNOLOGY, INC.",AMKR
AMN,AMN
AMN HEALTHCARE,AMN
AMN HEALTHCARE SERVICES INC,AMN
AMNEAL,AMRX
AMNEAL PHARMACEUTICALS INC,AMRX
"AMNEAL PHARMACEUTICALS,",AMRX
"AMNEAL PHARMACEUTICALS, INC.",AMRX
AMPCO,AP
AMPCO,AP-WT
AMPCO PITTSBURGH,AP-WT
AMPCO PITTSBURGH,AP
AMPCO PITTSBURGH CORP,AP-WT
AMPCO PITTSBURGH CORP,AP
AMPHASTAR,AMPH
AMPHASTAR PHARMACEUTICALS INC,AMPH
"AMPHASTAR PHARMACEUTICALS,",AMPH
"AMPHASTAR PHARMACEUTICALS, INC.",AMPH
AMPHENOL,APH
AMPHENOL CORP,APH
AMPHENOL CORP /DE/,APH
AMPHENOL CORP DE,APH
AMPLIFY,BWET
AMPLIFY,BDRY
AMPLIFY,AMPY
AMPLIFY COMMODITY,BDRY
AMPLIFY COMMODITY,BWET
AMPLIFY COMMODITY TRUST,BWET
AMPLIFY COMMODITY TRUST,BDRY
AMPLIFY ENERGY,AMPY
AMPLIFY ENERGY CORP,AMPY
AMPLIFY ENERGY CORP.,AMPY
AMPLITECH,AMPG
AMPLITECH,AMPGW
AMPLITECH GROUP INC,AMPG
AMPLITECH GROUP INC,AMPGW
"AMPLITECH GROUP,",AMPGW
"AMPLITECH GROUP,",AMPG
"AMPLITECH GROUP, INC.",AMPG
"AMPLITECH GROUP, INC.",AMPGW
AMPLITUDE INC,AMPL
"AMPLITUDE,",AMPL
"AMPLITUDE, INC.",AMPL
AMPRIUS,AMPX
AMPRIUS TECHNOLOGIES INC,AMPX
"AMPRIUS TECHNOLOGIES,",AMPX
"AMPRIUS TECHNOLOGIES, INC.",AMPX
AMREP,AXR
AMREP CORP,AXR
AMREP CORP.,AXR
AMRIZE,AMRZ
AMRIZE LTD,AMRZ
AMTD,AMTD
AMTD,HKD
AMTD DIGITAL,HKD
AMTD DIGITAL INC,HKD
AMTD DIGITAL INC.,HKD
AMTD IDEA,AMTD
AMTD IDEA GROUP,AMTD
AMTECH,ASYS
AMTECH SYSTEMS,ASYS
AMTECH SYSTEMS INC,ASYS
AMYLYX,AMLX
AMYLYX PHARMACEUTICALS INC,AMLX
"AMYLYX PHARMACEUTICALS,",AMLX
"AMYLYX PHARMACEUTICALS, INC.",AMLX
AN2,ANTX
AN2 THERAPEUTICS INC,ANTX
"AN2 THERAPEUTICS,",ANTX
"AN2 THERAPEUTICS, INC.",ANTX
ANALOG,ADI
ANALOG DEVICES,ADI
ANALOG DEVICES INC,ADI
ANAPTYSBIO,ANAB
"ANAPTYSBIO,",ANAB
"ANAPTYSBIO, INC",ANAB
ANAVEX,AVXL
ANAVEX LIFE,AVXL
ANAVEX LIFE SCIENCES CORP,AVXL
ANAVEX LIFE SCIENCES CORP.,AVXL
ANBIO,NNNN
ANBIO BIOTECHNOLOGY,NNNN
ANDERSONS INC,ANDE
"ANDERSONS,",ANDE
"ANDERSONS, INC.",ANDE
ANDINA,AKO-B
ANDINA,AKO-A
ANDINA BOTTLING,AKO-B
ANDINA BOTTLING,AKO-A
ANDINA BOTTLING CO INC,AKO-B
ANDINA BOTTLING CO INC,AKO-A
ANDRETTI,POLEW
ANDRETTI,POLEU
ANDRETTI,POLE
ANDRETTI ACQUISITION,POLEW
ANDRETTI ACQUISITION,POLEU
ANDRETTI ACQUISITION,POLE
ANDRETTI ACQUISITION CORP II,POLEU
ANDRETTI ACQUISITION CORP II,POLEW
ANDRETTI ACQUISITION CORP II,POLE
ANDRETTI ACQUISITION CORP. II,POLE
ANDRETTI ACQUISITION CORP. II,POLEW
ANDRETTI ACQUISITION CORP. II,POLEU
ANEBULO,ANEB
ANEBULO PHARMACEUTICALS INC,ANEB
"ANEBULO PHARMACEUTICALS,",ANEB
"ANEBULO PHARMACEUTICALS, INC.",ANEB
ANEW,AVG
ANEW HEALTH,AVG
ANEW HEALTH LTD,AVG
ANFIELD,ANLDF
ANFIELD ENERGY,ANLDF
ANFIELD ENERGY INC,ANLDF
ANFIELD ENERGY INC.,ANLDF
ANGEL,AOMN
ANGEL,ASCIX
ANGEL,FINS
ANGEL,AOMR
ANGEL,AOMD
ANGEL OAK,ASCIX
ANGEL OAK,AOMN
ANGEL OAK,AOMD
ANGEL OAK,AOMR
ANGEL OAK,FINS
ANGEL OAK FINANCIAL STRATEGIES INCOME TERM TRUST,FINS
ANGEL OAK MORTGAGE REIT INC,AOMN
ANGEL OAK MORTGAGE REIT INC,AOMD
ANGEL OAK MORTGAGE REIT INC,AOMR
"ANGEL OAK MORTGAGE REIT, INC.",AOMN
"ANGEL OAK MORTGAGE REIT, INC.",AOMD
"ANGEL OAK MORTGAGE REIT, INC.",AOMR
ANGEL OAK STRATEGIC CREDIT FUND,ASCIX
ANGHAMI,ANGHW
ANGHAMI,ANGH
ANGHAMI INC,ANGH
ANGHAMI INC,ANGHW
ANGI,ANGI
ANGI INC,ANGI
ANGI INC.,ANGI
ANGIODYNAMICS,ANGO
ANGIODYNAMICS INC,ANGO
ANGLOGOLD,AU
ANGLOGOLD ASHANTI,AU
ANGLOGOLD ASHANTI PLC,AU
ANHEUSER-BUSCH,BUDFF
ANHEUSER-BUSCH,BUD
ANHEUSER-BUSCH INBEV,BUDFF
ANHEUSER-BUSCH INBEV,BUD
ANHEUSER-BUSCH INBEV SA/NV,BUD
ANHEUSER-BUSCH INBEV SA/NV,BUDFF
ANHEUSERBUSCH INBEV SANV,BUD
ANHEUSERBUSCH INBEV SANV,BUDFF
ANI,ANIP
ANI PHARMACEUTICALS,ANIP
ANI PHARMACEUTICALS INC,ANIP
ANIKA,ANIK
ANIKA THERAPEUTICS INC,ANIK
"ANIKA THERAPEUTICS,",ANIK
"ANIKA THERAPEUTICS, INC.",ANIK
ANIXA,ANIX
ANIXA BIOSCIENCES,ANIX
ANIXA BIOSCIENCES INC,ANIX
ANKAM INC,ANKM
"ANKAM,",ANKM
"ANKAM, INC.",ANKM
ANNALY,NLY
ANNALY CAPITAL,NLY
ANNALY CAPITAL MANAGEMENT,NLY
ANNALY CAPITAL MANAGEMENT INC,NLY
ANNEXON INC,ANNX
"ANNEXON,",ANNX
"ANNEXON, INC.",ANNX
ANNOVIS,ANVS
ANNOVIS BIO INC,ANVS
"ANNOVIS BIO,",ANVS
"ANNOVIS BIO, INC.",ANVS
ANSYS,ANSS
ANSYS INC,ANSS
ANTALPHA,ANTA
ANTALPHA PLATFORM,ANTA
ANTALPHA PLATFORM HOLDING,ANTA
ANTALPHA PLATFORM HOLDING CO,ANTA
ANTELOPE,AEHL
ANTELOPE ENTERPRISE,AEHL
ANTELOPE ENTERPRISE HOLDINGS LTD,AEHL
ANTERIS,AVR
ANTERIS TECHNOLOGIES,AVR
ANTERIS TECHNOLOGIES GLOBAL CORP,AVR
ANTERIS TECHNOLOGIES GLOBAL CORP.,AVR
ANTERIX,ATEX
ANTERIX INC,ATEX
ANTERIX INC.,ATEX
ANTERO,AR
ANTERO,AM
ANTERO MIDSTREAM,AM
ANTERO MIDSTREAM CORP,AM
ANTERO RESOURCES,AR
ANTERO RESOURCES CORP,AR
ANTIAGING,AAQL
ANTIAGING QUANTUM,AAQL
ANTIAGING QUANTUM LIVING INC,AAQL
ANTIAGING QUANTUM LIVING INC.,AAQL
ANVI,ANVI
ANVI GLOBAL,ANVI
ANVI GLOBAL HOLDINGS INC,ANVI
"ANVI GLOBAL HOLDINGS, INC.",ANVI
ANYWHERE,HOUS
ANYWHERE REAL,HOUS
ANYWHERE REAL ESTATE INC,HOUS
ANYWHERE REAL ESTATE INC.,HOUS
AON,AON
AON PLC,AON
APA,APA
APA CORP,APA
APARADISE,APAD
APARADISE ACQUISITION,APAD
APARADISE ACQUISITION CORP,APAD
APARADISE ACQUISITION CORP.,APAD
APARTMENT,AIV
APARTMENT INVESTMENT,AIV
APARTMENT INVESTMENT  MANAGEMENT,AIV
APARTMENT INVESTMENT & MANAGEMENT CO,AIV
APELLIS,APLS
APELLIS PHARMACEUTICALS INC,APLS
"APELLIS PHARMACEUTICALS,",APLS
"APELLIS PHARMACEUTICALS, INC.",APLS
API,APG
API GROUP,APG
API GROUP CORP,APG
APIMEDS,APUS
APIMEDS PHARMACEUTICALS,APUS
APIMEDS PHARMACEUTICALS US INC,APUS
"APIMEDS PHARMACEUTICALS US, INC.",APUS
APOGEE,APOG
APOGEE,APGE
APOGEE ENTERPRISES INC,APOG
"APOGEE ENTERPRISES,",APOG
"APOGEE ENTERPRISES, INC.",APOG
APOGEE THERAPEUTICS INC,APGE
"APOGEE THERAPEUTICS,",APGE
"APOGEE THERAPEUTICS, INC.",APGE
APOLLO,APGOF
APOLLO,APO
APOLLO,APOS
APOLLO,ARI
APOLLO COMMERCIAL,ARI
APOLLO COMMERCIAL REAL ESTATE FINANCE INC,ARI
"APOLLO COMMERCIAL REAL ESTATE FINANCE, INC.",ARI
APOLLO GLOBAL,APO
APOLLO GLOBAL,APOS
APOLLO GLOBAL MANAGEMENT INC,APOS
APOLLO GLOBAL MANAGEMENT INC,APO
"APOLLO GLOBAL MANAGEMENT, INC.",APO
"APOLLO GLOBAL MANAGEMENT, INC.",APOS
APOLLO SILVER,APGOF
APOLLO SILVER CORP,APGOF
APOLLOMICS,APLMW
APOLLOMICS,APLM
APOLLOMICS INC,APLM
APOLLOMICS INC,APLMW
APOLLOMICS INC.,APLM
APOLLOMICS INC.,APLMW
APPFOLIO,APPF
APPFOLIO INC,APPF
APPIA,APAAF
APPIA RARE,APAAF
APPIA RARE EARTHS  URANIUM CORP,APAAF
APPIA RARE EARTHS & URANIUM CORP.,APAAF
APPIAN,APPN
APPIAN CORP,APPN
APPLE,APLE
APPLE,AAPL
APPLE,AAPI
APPLE HOSPITALITY,APLE
APPLE HOSPITALITY REIT INC,APLE
"APPLE HOSPITALITY REIT, INC.",APLE
APPLE INC,AAPL
APPLE INC.,AAPL
APPLE ISPORTS,AAPI
APPLE ISPORTS GROUP INC,AAPI
"APPLE ISPORTS GROUP, INC.",AAPI
APPLIED,AERG
APPLIED,APLT
APPLIED,APDN
APPLIED,APLD
APPLIED,AMAT
APPLIED,AAOI
APPLIED,AIT
APPLIED,AERGP
APPLIED DIGITAL,APLD
APPLIED DIGITAL CORP,APLD
APPLIED DIGITAL CORP.,APLD
APPLIED DNA,APDN
APPLIED DNA SCIENCES,APDN
APPLIED DNA SCIENCES INC,APDN
APPLIED ENERGETICS INC,AERG
APPLIED ENERGETICS INC,AERGP
"APPLIED ENERGETICS,",AERG
"APPLIED ENERGETICS,",AERGP
"APPLIED ENERGETICS, INC.",AERG
"APPLIED ENERGETICS, INC.",AERGP
APPLIED INDUSTRIAL,AIT
APPLIED INDUSTRIAL TECHNOLOGIES INC,AIT
APPLIED MATERIALS,AMAT
APPLIED MATERIALS INC /DE,AMAT
APPLIED MATERIALS INC DE,AMAT
APPLIED OPTOELECTRONICS INC,AAOI
"APPLIED OPTOELECTRONICS,",AAOI
"APPLIED OPTOELECTRONICS, INC.",AAOI
APPLIED THERAPEUTICS INC,APLT
"APPLIED THERAPEUTICS,",APLT
"APPLIED THERAPEUTICS, INC.",APLT
APPLIFE,ALDS
APPLIFE DIGITAL,ALDS
APPLIFE DIGITAL SOLUTIONS INC,ALDS
APPLOVIN,APP
APPLOVIN CORP,APP
APPSOFT,ASFT
APPSOFT TECHNOLOGIES INC,ASFT
"APPSOFT TECHNOLOGIES,",ASFT
"APPSOFT TECHNOLOGIES, INC.",ASFT
APPTECH,APCX
APPTECH,APCXW
APPTECH PAYMENTS,APCXW
APPTECH PAYMENTS,APCX
APPTECH PAYMENTS CORP,APCX
APPTECH PAYMENTS CORP,APCXW
APPTECH PAYMENTS CORP.,APCX
APPTECH PAYMENTS CORP.,APCXW
APPYEA,APYP
"APPYEA,",APYP
"APPYEA, INC",APYP
APREA,APRE
APREA THERAPEUTICS INC,APRE
"APREA THERAPEUTICS,",APRE
"APREA THERAPEUTICS, INC.",APRE
APTARGROUP INC,ATR
"APTARGROUP,",ATR
"APTARGROUP, INC.",ATR
APTEVO,APVO
APTEVO THERAPEUTICS,APVO
APTEVO THERAPEUTICS INC,APVO
APTEVO THERAPEUTICS INC.,APVO
APTIV,APTV
APTIV PLC,APTV
APTORUM,APM
APTORUM GROUP,APM
APTORUM GROUP LTD,APM
APTOSE,APTOF
APTOSE BIOSCIENCES,APTOF
APTOSE BIOSCIENCES INC,APTOF
APTOSE BIOSCIENCES INC.,APTOF
APX,APXIF
APX ACQUISITION,APXIF
APX ACQUISITION CORP I,APXIF
APX ACQUISITION CORP. I,APXIF
APYX,APYX
APYX MEDICAL,APYX
APYX MEDICAL CORP,APYX
AQUA,AQMS
AQUA,APSI
AQUA METALS INC,AQMS
"AQUA METALS,",AQMS
"AQUA METALS, INC.",AQMS
AQUA POWER,APSI
AQUA POWER SYSTEMS INC,APSI
AQUA POWER SYSTEMS INC.,APSI
AQUABOUNTY,AQB
AQUABOUNTY TECHNOLOGIES,AQB
AQUABOUNTY TECHNOLOGIES INC,AQB
AQUARON,AQUC
AQUARON ACQUISITION,AQUC
AQUARON ACQUISITION CORP,AQUC
AQUARON ACQUISITION CORP.,AQUC
AQUESTIVE,AQST
AQUESTIVE THERAPEUTICS INC,AQST
"AQUESTIVE THERAPEUTICS,",AQST
"AQUESTIVE THERAPEUTICS, INC.",AQST
ARAMARK,ARMK
ARB,ARBB
ARB IOT,ARBB
ARB IOT GROUP LTD,ARBB
ARBE,ARBEW
ARBE,ARBE
ARBE ROBOTICS,ARBE
ARBE ROBOTICS,ARBEW
ARBE ROBOTICS LTD,ARBEW
ARBE ROBOTICS LTD,ARBE
ARBE ROBOTICS LTD.,ARBEW
ARBE ROBOTICS LTD.,ARBE
ARBOR,ABR
ARBOR REALTY,ABR
ARBOR REALTY TRUST,ABR
ARBOR REALTY TRUST INC,ABR
ARBUTUS,ABUS
ARBUTUS BIOPHARMA,ABUS
ARBUTUS BIOPHARMA CORP,ABUS
ARCADIA,RKDA
ARCADIA BIOSCIENCES INC,RKDA
"ARCADIA BIOSCIENCES,",RKDA
"ARCADIA BIOSCIENCES, INC.",RKDA
ARCBEST,ARCB
ARCBEST CORP,ARCB
ARCBEST CORP /DE/,ARCB
ARCBEST CORP DE,ARCB
ARCELLX INC,ACLX
"ARCELLX,",ACLX
"ARCELLX, INC.",ACLX
ARCELORMITTAL,AMSYF
ARCELORMITTAL,MT
ARCELORMITTAL,ARCXF
ARCH,ACGLN
ARCH,ACGL
ARCH,ACGLO
ARCH CAPITAL,ACGL
ARCH CAPITAL,ACGLO
ARCH CAPITAL,ACGLN
ARCH CAPITAL GROUP LTD,ACGLN
ARCH CAPITAL GROUP LTD,ACGL
ARCH CAPITAL GROUP LTD,ACGLO
ARCH CAPITAL GROUP LTD.,ACGLN
ARCH CAPITAL GROUP LTD.,ACGLO
ARCH CAPITAL GROUP LTD.,ACGL
ARCHER,ACHR
ARCHER AVIATION,ACHR
ARCHER AVIATION INC,ACHR
ARCHER AVIATION INC.,ACHR
ARCHER-DANIELS-MIDLAND,ADM
ARCHER-DANIELS-MIDLAND CO,ADM
ARCHERDANIELSMIDLAND,ADM
ARCHIMEDES,ATIIW
ARCHIMEDES,ATIIU
ARCHIMEDES,ATII
ARCHIMEDES TECH,ATIIW
ARCHIMEDES TECH,ATII
ARCHIMEDES TECH,ATIIU
ARCHIMEDES TECH SPAC PARTNERS II CO,ATII
ARCHIMEDES TECH SPAC PARTNERS II CO,ATIIW
ARCHIMEDES TECH SPAC PARTNERS II CO,ATIIU
ARCHIMEDES TECH SPAC PARTNERS II CO.,ATII
ARCHIMEDES TECH SPAC PARTNERS II CO.,ATIIW
ARCHIMEDES TECH SPAC PARTNERS II CO.,ATIIU
ARCHROCK INC,AROC
"ARCHROCK,",AROC
"ARCHROCK, INC.",AROC
ARCOS,ARCO
ARCOS DORADOS,ARCO
ARCOS DORADOS HOLDINGS INC,ARCO
ARCOS DORADOS HOLDINGS INC.,ARCO
ARCOSA INC,ACA
"ARCOSA,",ACA
"ARCOSA, INC.",ACA
ARCTURUS,ARCT
ARCTURUS THERAPEUTICS,ARCT
ARCTURUS THERAPEUTICS HOLDINGS INC,ARCT
ARCTURUS THERAPEUTICS HOLDINGS INC.,ARCT
ARCUS,RCUS
ARCUS BIOSCIENCES INC,RCUS
"ARCUS BIOSCIENCES,",RCUS
"ARCUS BIOSCIENCES, INC.",RCUS
ARCUTIS,ARQT
ARCUTIS BIOTHERAPEUTICS INC,ARQT
"ARCUTIS BIOTHERAPEUTICS,",ARQT
"ARCUTIS BIOTHERAPEUTICS, INC.",ARQT
ARDAGH,AMBP
ARDAGH METAL,AMBP
ARDAGH METAL PACKAGING S.A.,AMBP
ARDAGH METAL PACKAGING SA,AMBP
ARDELYX INC,ARDX
"ARDELYX,",ARDX
"ARDELYX, INC.",ARDX
ARDENT,ARDT
ARDENT HEALTH INC,ARDT
"ARDENT HEALTH,",ARDT
"ARDENT HEALTH, INC.",ARDT
ARDMORE,ASC
ARDMORE SHIPPING,ASC
ARDMORE SHIPPING CORP,ASC
ARENA,AREN
ARENA GROUP,AREN
ARENA GROUP HOLDINGS INC,AREN
"ARENA GROUP HOLDINGS, INC.",AREN
ARES,ARES
ARES,ARSMF
ARES,ARDC
ARES,AACT
ARES,ACRE
ARES,ARCC
ARES ACQUISITION,AACT
ARES ACQUISITION CORP II,AACT
ARES CAPITAL,ARCC
ARES CAPITAL CORP,ARCC
ARES COMMERCIAL,ACRE
ARES COMMERCIAL REAL ESTATE CORP,ACRE
ARES DYNAMIC,ARDC
ARES DYNAMIC CREDIT ALLOCATION FUND INC,ARDC
"ARES DYNAMIC CREDIT ALLOCATION FUND, INC.",ARDC
ARES MANAGEMENT,ARES
ARES MANAGEMENT CORP,ARES
ARES STRATEGIC,ARSMF
ARES STRATEGIC MINING INC,ARSMF
ARES STRATEGIC MINING INC.,ARSMF
ARGAN,AGX
ARGAN INC,AGX
ARGENTINA,LILIF
ARGENTINA LITHIUM,LILIF
ARGENTINA LITHIUM  ENERGY CORP,LILIF
ARGENTINA LITHIUM & ENERGY CORP.,LILIF
ARGENX,ARGX
ARGENX SE,ARGX
ARGO,ARGD
ARGO,ARBK
ARGO,ARBKF
ARGO,ARBKL
ARGO BLOCKCHAIN,ARBKF
ARGO BLOCKCHAIN,ARBKL
ARGO BLOCKCHAIN,ARBK
ARGO BLOCKCHAIN PLC,ARBKL
ARGO BLOCKCHAIN PLC,ARBKF
ARGO BLOCKCHAIN PLC,ARBK
ARGO GROUP,ARGD
ARGO GROUP INTERNATIONAL HOLDINGS INC,ARGD
"ARGO GROUP INTERNATIONAL HOLDINGS, INC.",ARGD
ARHAUS INC,ARHS
"ARHAUS,",ARHS
"ARHAUS, INC.",ARHS
ARIS,ARMN
ARIS,CLGDF
ARIS,ARIS
ARIS MINING,CLGDF
ARIS MINING,ARMN
ARIS MINING CORP,CLGDF
ARIS MINING CORP,ARMN
ARIS WATER,ARIS
ARIS WATER SOLUTIONS INC,ARIS
"ARIS WATER SOLUTIONS, INC.",ARIS
ARISTA,ANET
ARISTA NETWORKS INC,ANET
"ARISTA NETWORKS,",ANET
"ARISTA NETWORKS, INC.",ANET
ARISTON,ARSTY
ARISTON HOLDING,ARSTY
ARISTON HOLDING N.V./ADR,ARSTY
ARISTON HOLDING NVADR,ARSTY
ARIZONA,AZASF
ARIZONA GOLD,AZASF
ARIZONA GOLD  SILVER INC,AZASF
ARIZONA GOLD & SILVER INC.,AZASF
ARK,ARKR
ARK,ARKB
ARK 21SHARES,ARKB
ARK 21SHARES BITCOIN ETF,ARKB
ARK RESTAURANTS,ARKR
ARK RESTAURANTS CORP,ARKR
ARKO,ARKO
ARKO,ARKOW
ARKO CORP,ARKOW
ARKO CORP,ARKO
ARKO CORP.,ARKOW
ARKO CORP.,ARKO
ARLO,ARLO
ARLO TECHNOLOGIES INC,ARLO
"ARLO TECHNOLOGIES,",ARLO
"ARLO TECHNOLOGIES, INC.",ARLO
ARM,ARM
ARM HOLDINGS,ARM
ARM HOLDINGS PLC /UK,ARM
ARM HOLDINGS PLC UK,ARM
ARMADA,AACIU
ARMADA,AHH
ARMADA,AACI
ARMADA,AAMTF
ARMADA ACQUISITION,AACI
ARMADA ACQUISITION,AACIU
ARMADA ACQUISITION CORP II,AACI
ARMADA ACQUISITION CORP II,AACIU
ARMADA ACQUISITION CORP. II,AACI
ARMADA ACQUISITION CORP. II,AACIU
ARMADA HOFFLER,AHH
ARMADA HOFFLER PROPERTIES INC,AHH
"ARMADA HOFFLER PROPERTIES, INC.",AHH
ARMADA MERCANTILE,AAMTF
ARMADA MERCANTILE LTD,AAMTF
ARMATA,ARMP
ARMATA PHARMACEUTICALS INC,ARMP
"ARMATA PHARMACEUTICALS,",ARMP
"ARMATA PHARMACEUTICALS, INC.",ARMP
ARMLOGI,BTOC
ARMLOGI HOLDING,BTOC
ARMLOGI HOLDING CORP,BTOC
ARMLOGI HOLDING CORP.,BTOC
ARMOUR,ARR
ARMOUR RESIDENTIAL,ARR
ARMOUR RESIDENTIAL REIT INC,ARR
"ARMOUR RESIDENTIAL REIT, INC.",ARR
ARMSTRONG,AWI
ARMSTRONG WORLD,AWI
ARMSTRONG WORLD INDUSTRIES INC,AWI
AROGO,AOGO
AROGO CAPITAL,AOGO
AROGO CAPITAL ACQUISITION CORP,AOGO
AROGO CAPITAL ACQUISITION CORP.,AOGO
ARQ INC,ARQ
"ARQ,",ARQ
"ARQ, INC.",ARQ
ARQIT,ARQQW
ARQIT,ARQQ
ARQIT QUANTUM,ARQQ
ARQIT QUANTUM,ARQQW
ARQIT QUANTUM INC,ARQQ
ARQIT QUANTUM INC,ARQQW
ARQIT QUANTUM INC.,ARQQW
ARQIT QUANTUM INC.,ARQQ
ARRAS,ARRKF
ARRAS MINERALS,ARRKF
ARRAS MINERALS CORP,ARRKF
ARRAS MINERALS CORP.,ARRKF
ARRAY,ARRY
ARRAY TECHNOLOGIES INC,ARRY
"ARRAY TECHNOLOGIES,",ARRY
"ARRAY TECHNOLOGIES, INC.",ARRY
ARRIVE,ARAI
ARRIVE AI INC,ARAI
ARRIVE AI INC.,ARAI
ARRIVENT,AVBP
ARRIVENT BIOPHARMA INC,AVBP
"ARRIVENT BIOPHARMA,",AVBP
"ARRIVENT BIOPHARMA, INC.",AVBP
ARROW,AROW
ARROW,ARW
ARROW ELECTRONICS INC,ARW
"ARROW ELECTRONICS,",ARW
"ARROW ELECTRONICS, INC.",ARW
ARROW FINANCIAL,AROW
ARROW FINANCIAL CORP,AROW
ARROWHEAD,ARWR
ARROWHEAD PHARMACEUTICALS INC,ARWR
"ARROWHEAD PHARMACEUTICALS,",ARWR
"ARROWHEAD PHARMACEUTICALS, INC.",ARWR
ARROWMARK,BANX
ARROWMARK FINANCIAL,BANX
ARROWMARK FINANCIAL CORP,BANX
ARROWMARK FINANCIAL CORP.,BANX
ARS,SPRY
ARS PHARMACEUTICALS INC,SPRY
"ARS PHARMACEUTICALS,",SPRY
"ARS PHARMACEUTICALS, INC.",SPRY
ARTELO,ATLEW
ARTELO,ARTL
ARTELO BIOSCIENCES INC,ARTL
ARTELO BIOSCIENCES INC,ATLEW
"ARTELO BIOSCIENCES,",ARTL
"ARTELO BIOSCIENCES,",ATLEW
"ARTELO BIOSCIENCES, INC.",ATLEW
"ARTELO BIOSCIENCES, INC.",ARTL
ARTERIS INC,AIP
"ARTERIS,",AIP
"ARTERIS, INC.",AIP
ARTESIAN,ARTNB
ARTESIAN,ARTNA
ARTESIAN RESOURCES,ARTNA
ARTESIAN RESOURCES,ARTNB
ARTESIAN RESOURCES CORP,ARTNA
ARTESIAN RESOURCES CORP,ARTNB
ARTHUR,AJG
ARTHUR J GALLAGHER  CO,AJG
ARTHUR J. GALLAGHER & CO.,AJG
ARTIFICIAL,AITX
ARTIFICIAL INTELLIGENCE,AITX
ARTIFICIAL INTELLIGENCE TECHNOLOGY SOLUTIONS INC,AITX
ARTIFICIAL INTELLIGENCE TECHNOLOGY SOLUTIONS INC.,AITX
ARTISAN,APAM
ARTISAN,ARRT
ARTISAN CONSUMER,ARRT
ARTISAN CONSUMER GOODS INC,ARRT
"ARTISAN CONSUMER GOODS, INC.",ARRT
ARTISAN PARTNERS,APAM
ARTISAN PARTNERS ASSET MANAGEMENT INC,APAM
ARTISAN PARTNERS ASSET MANAGEMENT INC.,APAM
ARTIUS,AACB
ARTIUS,AACBR
ARTIUS,AACBU
ARTIUS II ACQUISITION INC,AACB
ARTIUS II ACQUISITION INC,AACBU
ARTIUS II ACQUISITION INC,AACBR
ARTIUS II ACQUISITION INC.,AACB
ARTIUS II ACQUISITION INC.,AACBU
ARTIUS II ACQUISITION INC.,AACBR
ARTIVA,ARTV
ARTIVA BIOTHERAPEUTICS INC,ARTV
"ARTIVA BIOTHERAPEUTICS,",ARTV
"ARTIVA BIOTHERAPEUTICS, INC.",ARTV
ARTIVION INC,AORT
"ARTIVION,",AORT
"ARTIVION, INC.",AORT
ARTS,ARTW
ARTS WAY,ARTW
ARTS WAY MANUFACTURING,ARTW
ARTS WAY MANUFACTURING CO INC,ARTW
ARVANA,AVNI
ARVANA INC,AVNI
ARVINAS INC,ARVN
"ARVINAS,",ARVN
"ARVINAS, INC.",ARVN
ARYZTA,ARZTD
ARYZTA AG (FKA IAWS GROUP PLC),ARZTD
ARYZTA AG FKA IAWS GROUP PLC,ARZTD
ASA,ASA
ASA GOLD,ASA
ASA GOLD  PRECIOUS METALS,ASA
ASA GOLD & PRECIOUS METALS LTD,ASA
ASAHI,AHICF
ASAHI,ASBRF
ASAHI,AICLY
ASAHI,ASBHY
ASAHI GROUP,ASBRF
ASAHI GROUP,ASBHY
ASAHI GROUP HOLDINGS LTDADR,ASBRF
ASAHI GROUP HOLDINGS LTDADR,ASBHY
"ASAHI GROUP HOLDINGS, LTD./ADR",ASBHY
"ASAHI GROUP HOLDINGS, LTD./ADR",ASBRF
ASAHI INTECC,AICLY
ASAHI INTECC,AHICF
ASAHI INTECC CO LTDADR,AICLY
ASAHI INTECC CO LTDADR,AHICF
"ASAHI INTECC CO., LTD./ADR",AICLY
"ASAHI INTECC CO., LTD./ADR",AHICF
ASANA INC,ASAN
"ASANA,",ASAN
"ASANA, INC.",ASAN
ASBURY,ABG
ASBURY AUTOMOTIVE,ABG
ASBURY AUTOMOTIVE GROUP INC,ABG
ASCEND,AAWH
ASCEND WELLNESS,AAWH
ASCEND WELLNESS HOLDINGS INC,AAWH
"ASCEND WELLNESS HOLDINGS, INC.",AAWH
ASCENDIS,ASND
ASCENDIS PHARMA,ASND
ASCENDIS PHARMA A/S,ASND
ASCENDIS PHARMA AS,ASND
ASCENT,ACNT
ASCENT,ASTI
ASCENT INDUSTRIES,ACNT
ASCENT INDUSTRIES CO,ACNT
ASCENT INDUSTRIES CO.,ACNT
ASCENT SOLAR,ASTI
ASCENT SOLAR TECHNOLOGIES INC,ASTI
"ASCENT SOLAR TECHNOLOGIES, INC.",ASTI
ASCENTAGE,AAPG
ASCENTAGE PHARMA,AAPG
ASCENTAGE PHARMA GROUP,AAPG
ASCENTAGE PHARMA GROUP INTERNATIONAL,AAPG
ASE,ASX
ASE TECHNOLOGY,ASX
ASE TECHNOLOGY HOLDING CO LTD,ASX
"ASE TECHNOLOGY HOLDING CO., LTD.",ASX
ASEP,SEPSF
ASEP MEDICAL,SEPSF
ASEP MEDICAL HOLDINGS INC,SEPSF
ASEP MEDICAL HOLDINGS INC.,SEPSF
ASGN,ASGN
ASGN INC,ASGN
ASHFORD,AHT
ASHFORD HOSPITALITY,AHT
ASHFORD HOSPITALITY TRUST,AHT
ASHFORD HOSPITALITY TRUST INC,AHT
ASHLAND,ASH
ASHLAND INC,ASH
ASHLAND INC.,ASH
ASIA,APWC
ASIA PACIFIC,APWC
ASIA PACIFIC WIRE  CABLE CORP,APWC
ASIA PACIFIC WIRE & CABLE CORP LTD,APWC
ASIAFIN,ASFH
ASIAFIN HOLDINGS,ASFH
ASIAFIN HOLDINGS CORP,ASFH
ASIAFIN HOLDINGS CORP.,ASFH
ASML,ASMLF
ASML,ASML
ASML HOLDING,ASML
ASML HOLDING,ASMLF
ASML HOLDING NV,ASMLF
ASML HOLDING NV,ASML
ASP,ASPI
ASP ISOTOPES,ASPI
ASP ISOTOPES INC,ASPI
ASP ISOTOPES INC.,ASPI
ASPAC,ASPC
ASPAC,ASCWF
ASPAC,ASCBF
ASPAC,ASPCR
ASPAC,ASPCU
ASPAC II ACQUISITION CORP,ASCWF
ASPAC II ACQUISITION CORP,ASCBF
ASPAC II ACQUISITION CORP.,ASCWF
ASPAC II ACQUISITION CORP.,ASCBF
ASPAC III,ASPCU
ASPAC III,ASPC
ASPAC III,ASPCR
ASPAC III ACQUISITION CORP,ASPCR
ASPAC III ACQUISITION CORP,ASPC
ASPAC III ACQUISITION CORP,ASPCU
ASPAC III ACQUISITION CORP.,ASPCU
ASPAC III ACQUISITION CORP.,ASPCR
ASPAC III ACQUISITION CORP.,ASPC
ASPEN,ASPU
ASPEN,AHL
ASPEN,ASPN
ASPEN AEROGELS,ASPN
ASPEN AEROGELS INC,ASPN
ASPEN GROUP INC,ASPU
"ASPEN GROUP,",ASPU
"ASPEN GROUP, INC.",ASPU
ASPEN INSURANCE,AHL
ASPEN INSURANCE HOLDINGS LTD,AHL
ASPIRA,AWHL
ASPIRA WOMEN'S,AWHL
ASPIRA WOMEN'S HEALTH INC.,AWHL
ASPIRA WOMENS HEALTH INC,AWHL
ASPIRE,ASBPW
ASPIRE,ASBP
ASPIRE BIOPHARMA,ASBP
ASPIRE BIOPHARMA,ASBPW
ASPIRE BIOPHARMA HOLDINGS INC,ASBPW
ASPIRE BIOPHARMA HOLDINGS INC,ASBP
"ASPIRE BIOPHARMA HOLDINGS, INC.",ASBPW
"ASPIRE BIOPHARMA HOLDINGS, INC.",ASBP
ASSEMBLY,ASMB
ASSEMBLY BIOSCIENCES INC,ASMB
"ASSEMBLY BIOSCIENCES,",ASMB
"ASSEMBLY BIOSCIENCES, INC.",ASMB
ASSERTIO,ASRT
ASSERTIO HOLDINGS INC,ASRT
"ASSERTIO HOLDINGS,",ASRT
"ASSERTIO HOLDINGS, INC.",ASRT
ASSET,ASST
ASSET ENTITIES,ASST
ASSET ENTITIES INC,ASST
ASSET ENTITIES INC.,ASST
ASSOCIATED,ASBA
ASSOCIATED,ASB
ASSOCIATED,AC
ASSOCIATED BANC-CORP,ASBA
ASSOCIATED BANC-CORP,ASB
ASSOCIATED BANCCORP,ASBA
ASSOCIATED BANCCORP,ASB
ASSOCIATED CAPITAL,AC
ASSOCIATED CAPITAL GROUP INC,AC
"ASSOCIATED CAPITAL GROUP, INC.",AC
ASSURANT INC,AIZN
ASSURANT INC,AIZ
"ASSURANT,",AIZN
"ASSURANT,",AIZ
"ASSURANT, INC.",AIZN
"ASSURANT, INC.",AIZ
ASSURED,AGO
ASSURED GUARANTY,AGO
ASSURED GUARANTY LTD,AGO
AST,ASTS
AST SPACEMOBILE INC,ASTS
"AST SPACEMOBILE,",ASTS
"AST SPACEMOBILE, INC.",ASTS
ASTEC,ASTE
ASTEC INDUSTRIES,ASTE
ASTEC INDUSTRIES INC,ASTE
ASTERA,ALAB
ASTERA LABS INC,ALAB
"ASTERA LABS,",ALAB
"ASTERA LABS, INC.",ALAB
ASTON,ATBHF
ASTON BAY,ATBHF
ASTON BAY HOLDINGS LTD,ATBHF
ASTON BAY HOLDINGS LTD.,ATBHF
ASTRA,ASRE
ASTRA ENERGY INC,ASRE
"ASTRA ENERGY,",ASRE
"ASTRA ENERGY, INC.",ASRE
ASTRANA,ASTH
ASTRANA HEALTH INC,ASTH
"ASTRANA HEALTH,",ASTH
"ASTRANA HEALTH, INC.",ASTH
ASTRAZENECA,AZNCF
ASTRAZENECA,AZN
ASTRAZENECA PLC,AZNCF
ASTRAZENECA PLC,AZN
ASTRIA,ATXS
ASTRIA THERAPEUTICS INC,ATXS
"ASTRIA THERAPEUTICS,",ATXS
"ASTRIA THERAPEUTICS, INC.",ATXS
ASTRONICS,ATROB
ASTRONICS,ATRO
ASTRONICS CORP,ATROB
ASTRONICS CORP,ATRO
ASTRONOVA INC,ALOT
"ASTRONOVA,",ALOT
"ASTRONOVA, INC.",ALOT
ASTROTECH,ASTC
ASTROTECH CORP,ASTC
ASURE,ASUR
ASURE SOFTWARE,ASUR
ASURE SOFTWARE INC,ASUR
AT&T,T
AT&T,T-PC
AT&T,T-PA
AT&T,TBB
AT&T INC.,T
AT&T INC.,TBB
AT&T INC.,T-PA
AT&T INC.,T-PC
ATA,AACG
ATA CREATIVITY,AACG
ATA CREATIVITY GLOBAL,AACG
ATACAMA,ACRL
ATACAMA,FUEMF
ATACAMA COPPER,FUEMF
ATACAMA COPPER CORP,FUEMF
ATACAMA RESOURCES,ACRL
ATACAMA RESOURCES INTERNATIONAL INC,ACRL
"ATACAMA RESOURCES INTERNATIONAL, INC.",ACRL
ATAI,ATAI
ATAI LIFE,ATAI
ATAI LIFE SCIENCES N.V.,ATAI
ATAI LIFE SCIENCES NV,ATAI
ATARA,ATRA
ATARA BIOTHERAPEUTICS INC,ATRA
"ATARA BIOTHERAPEUTICS,",ATRA
"ATARA BIOTHERAPEUTICS, INC.",ATRA
ATEA,AVIR
ATEA PHARMACEUTICALS INC,AVIR
"ATEA PHARMACEUTICALS,",AVIR
"ATEA PHARMACEUTICALS, INC.",AVIR
ATEGRITY,ASIC
ATEGRITY SPECIALTY,ASIC
ATEGRITY SPECIALTY INSURANCE CO,ASIC
ATEGRITY SPECIALTY INSURANCE CO HOLDINGS,ASIC
ATERIAN INC,ATER
"ATERIAN,",ATER
"ATERIAN, INC.",ATER
ATHENA,ATEK
ATHENA,ABIT
ATHENA,ATEKU
ATHENA,ATEKW
ATHENA,AHNRF
ATHENA BITCOIN,ABIT
ATHENA BITCOIN GLOBAL,ABIT
ATHENA GOLD,AHNRF
ATHENA GOLD CORP,AHNRF
ATHENA TECHNOLOGY,ATEKW
ATHENA TECHNOLOGY,ATEK
ATHENA TECHNOLOGY,ATEKU
ATHENA TECHNOLOGY ACQUISITION CORP II,ATEKU
ATHENA TECHNOLOGY ACQUISITION CORP II,ATEK
ATHENA TECHNOLOGY ACQUISITION CORP II,ATEKW
ATHENA TECHNOLOGY ACQUISITION CORP. II,ATEKU
ATHENA TECHNOLOGY ACQUISITION CORP. II,ATEK
ATHENA TECHNOLOGY ACQUISITION CORP. II,ATEKW
ATHENE,ATHS
ATHENE HOLDING,ATHS
ATHENE HOLDING LTD,ATHS
ATHENE HOLDING LTD.,ATHS
ATHENS,ATHNF
ATHENS,ATHNY
ATHENS INTERNATIONAL,ATHNF
ATHENS INTERNATIONAL,ATHNY
ATHENS INTERNATIONAL AIRPORT SA/ADR,ATHNF
ATHENS INTERNATIONAL AIRPORT SA/ADR,ATHNY
ATHENS INTERNATIONAL AIRPORT SAADR,ATHNF
ATHENS INTERNATIONAL AIRPORT SAADR,ATHNY
ATHIRA,ATHA
ATHIRA PHARMA INC,ATHA
"ATHIRA PHARMA,",ATHA
"ATHIRA PHARMA, INC.",ATHA
ATI,ATIP
ATI,ATI
ATI INC,ATI
ATI PHYSICAL,ATIP
ATI PHYSICAL THERAPY INC,ATIP
"ATI PHYSICAL THERAPY, INC.",ATIP
ATIF,ZBAI
ATIF HOLDINGS,ZBAI
ATIF HOLDINGS LTD,ZBAI
ATKORE,ATKR
ATKORE INC,ATKR
ATKORE INC.,ATKR
ATLANTA,BATRB
ATLANTA,BATRA
ATLANTA,BATRK
ATLANTA BRAVES,BATRA
ATLANTA BRAVES,BATRB
ATLANTA BRAVES,BATRK
ATLANTA BRAVES HOLDINGS INC,BATRB
ATLANTA BRAVES HOLDINGS INC,BATRK
ATLANTA BRAVES HOLDINGS INC,BATRA
"ATLANTA BRAVES HOLDINGS, INC.",BATRK
"ATLANTA BRAVES HOLDINGS, INC.",BATRB
"ATLANTA BRAVES HOLDINGS, INC.",BATRA
ATLANTIC,AAME
ATLANTIC,ATLN
ATLANTIC,AUB
ATLANTIC,SQLLW
ATLANTIC AMERICAN,AAME
ATLANTIC AMERICAN CORP,AAME
ATLANTIC INTERNATIONAL,ATLN
ATLANTIC INTERNATIONAL,SQLLW
ATLANTIC INTERNATIONAL CORP,SQLLW
ATLANTIC INTERNATIONAL CORP,ATLN
ATLANTIC INTERNATIONAL CORP.,SQLLW
ATLANTIC INTERNATIONAL CORP.,ATLN
ATLANTIC UNION,AUB
ATLANTIC UNION BANKSHARES,AUB
ATLANTIC UNION BANKSHARES CORP,AUB
ATLANTICA,ALDA
ATLANTICA INC,ALDA
ATLANTICUS,ATLCZ
ATLANTICUS,ATLCP
ATLANTICUS,ATLCL
ATLANTICUS,ATLC
ATLANTICUS HOLDINGS,ATLCP
ATLANTICUS HOLDINGS,ATLCZ
ATLANTICUS HOLDINGS,ATLC
ATLANTICUS HOLDINGS,ATLCL
ATLANTICUS HOLDINGS CORP,ATLC
ATLANTICUS HOLDINGS CORP,ATLCP
ATLANTICUS HOLDINGS CORP,ATLCZ
ATLANTICUS HOLDINGS CORP,ATLCL
ATLAS,ATLX
ATLAS,ATCOL
ATLAS,JUPGF
ATLAS,AESI
ATLAS CORP,ATCOL
ATLAS CORP.,ATCOL
ATLAS CRITICAL,JUPGF
ATLAS CRITICAL MINERALS,JUPGF
ATLAS CRITICAL MINERALS CORP,JUPGF
ATLAS ENERGY,AESI
ATLAS ENERGY SOLUTIONS INC,AESI
ATLAS ENERGY SOLUTIONS INC.,AESI
ATLAS LITHIUM,ATLX
ATLAS LITHIUM CORP,ATLX
ATLASCLEAR,ATCH
ATLASCLEAR,ATCHW
ATLASCLEAR HOLDINGS INC,ATCH
ATLASCLEAR HOLDINGS INC,ATCHW
"ATLASCLEAR HOLDINGS,",ATCHW
"ATLASCLEAR HOLDINGS,",ATCH
"ATLASCLEAR HOLDINGS, INC.",ATCHW
"ATLASCLEAR HOLDINGS, INC.",ATCH
ATLASSIAN,TEAM
ATLASSIAN CORP,TEAM
ATMOS,ATO
ATMOS ENERGY,ATO
ATMOS ENERGY CORP,ATO
ATMUS,ATMU
ATMUS FILTRATION,ATMU
ATMUS FILTRATION TECHNOLOGIES INC,ATMU
ATMUS FILTRATION TECHNOLOGIES INC.,ATMU
ATN,ATNI
ATN INTERNATIONAL INC,ATNI
"ATN INTERNATIONAL,",ATNI
"ATN INTERNATIONAL, INC.",ATNI
ATOMERA,ATOM
ATOMERA INC,ATOM
ATOSSA,ATOS
ATOSSA THERAPEUTICS INC,ATOS
"ATOSSA THERAPEUTICS,",ATOS
"ATOSSA THERAPEUTICS, INC.",ATOS
ATOUR,ATAT
ATOUR LIFESTYLE,ATAT
ATOUR LIFESTYLE HOLDINGS LTD,ATAT
ATRENEW,RERE
ATRENEW INC,RERE
ATRENEW INC.,RERE
ATRICURE INC,ATRC
"ATRICURE,",ATRC
"ATRICURE, INC.",ATRC
ATS,ATS
ATS CORP,ATS
ATS CORP /ATS,ATS
ATS CORP ATS,ATS
ATT INC,T
ATT INC,TBB
ATT INC,T-PC
ATT INC,T-PA
ATYR,ATYR
ATYR PHARMA,ATYR
ATYR PHARMA INC,ATYR
AUBURN,AUBN
AUBURN NATIONAL,AUBN
AUBURN NATIONAL BANCORPORATION,AUBN
"AUBURN NATIONAL BANCORPORATION, INC",AUBN
AUDDIA,AUUDW
AUDDIA,AUUD
AUDDIA INC,AUUDW
AUDDIA INC,AUUD
AUDDIA INC.,AUUDW
AUDDIA INC.,AUUD
AUDIOCODES,AUDC
AUDIOCODES LTD,AUDC
AUDIOEYE,AEYE
AUDIOEYE INC,AEYE
AUGUSTA,AUGG
AUGUSTA GOLD,AUGG
AUGUSTA GOLD CORP,AUGG
AUGUSTA GOLD CORP.,AUGG
AUNA,AUNA
AUNA S.A.,AUNA
AUNA SA,AUNA
AURA,ORAAF
AURA,AUSI
AURA,AURA
AURA,AUGO
AURA BIOSCIENCES INC,AURA
"AURA BIOSCIENCES,",AURA
"AURA BIOSCIENCES, INC.",AURA
AURA MINERALS,ORAAF
AURA MINERALS,AUGO
AURA MINERALS INC,AUGO
AURA MINERALS INC,ORAAF
AURA MINERALS INC.,ORAAF
AURA MINERALS INC.,AUGO
AURA SYSTEMS,AUSI
AURA SYSTEMS INC,AUSI
AURANIA,AUIWF
AURANIA,AUIAF
AURANIA RESOURCES,AUIAF
AURANIA RESOURCES,AUIWF
AURANIA RESOURCES LTD,AUIAF
AURANIA RESOURCES LTD,AUIWF
AURANIA RESOURCES LTD.,AUIWF
AURANIA RESOURCES LTD.,AUIAF
AUREUS,AGH
AUREUS GREENWAY,AGH
AUREUS GREENWAY HOLDINGS INC,AGH
AURINIA,AUPH
AURINIA PHARMACEUTICALS,AUPH
AURINIA PHARMACEUTICALS INC,AUPH
AURINIA PHARMACEUTICALS INC.,AUPH
AURION,AIRRF
AURION RESOURCES,AIRRF
AURION RESOURCES LTD,AIRRF
AURION RESOURCES LTD.,AIRRF
AURORA,AUROW
AURORA,JG
AURORA,AUR
AURORA,ACB
AURORA CANNABIS,ACB
AURORA CANNABIS INC,ACB
AURORA INNOVATION INC,AUR
AURORA INNOVATION INC,AUROW
"AURORA INNOVATION,",AUROW
"AURORA INNOVATION,",AUR
"AURORA INNOVATION, INC.",AUR
"AURORA INNOVATION, INC.",AUROW
AURORA MOBILE,JG
AURORA MOBILE LTD,JG
AUSTIN,AUST
AUSTIN GOLD,AUST
AUSTIN GOLD CORP,AUST
AUSTIN GOLD CORP.,AUST
AUSTRALIAN,COOT
AUSTRALIAN,COOTW
AUSTRALIAN OILSEEDS,COOTW
AUSTRALIAN OILSEEDS,COOT
AUSTRALIAN OILSEEDS HOLDINGS LTD,COOTW
AUSTRALIAN OILSEEDS HOLDINGS LTD,COOT
AUTHENTIC,AHRO
AUTHENTIC HOLDINGS INC,AHRO
"AUTHENTIC HOLDINGS,",AHRO
"AUTHENTIC HOLDINGS, INC.",AHRO
AUTHID,AUID
AUTHID INC,AUID
AUTHID INC.,AUID
AUTODESK INC,ADSK
"AUTODESK,",ADSK
"AUTODESK, INC.",ADSK
AUTOHOME,ATHM
AUTOHOME INC,ATHM
AUTOHOME INC.,ATHM
AUTOLIV,ALV
AUTOLIV INC,ALV
AUTOLUS,AUTL
AUTOLUS THERAPEUTICS,AUTL
AUTOLUS THERAPEUTICS PLC,AUTL
AUTOMATIC,ADP
AUTOMATIC DATA,ADP
AUTOMATIC DATA PROCESSING,ADP
AUTOMATIC DATA PROCESSING INC,ADP
AUTONATION INC,AN
"AUTONATION,",AN
"AUTONATION, INC.",AN
AUTONOMIX,AMIX
AUTONOMIX MEDICAL INC,AMIX
"AUTONOMIX MEDICAL,",AMIX
"AUTONOMIX MEDICAL, INC.",AMIX
AUTOSCOPE,AATC
AUTOSCOPE TECHNOLOGIES,AATC
AUTOSCOPE TECHNOLOGIES CORP,AATC
AUTOZI,AZI
AUTOZI INTERNET,AZI
AUTOZI INTERNET TECHNOLOGY (GLOBAL) LTD.,AZI
AUTOZI INTERNET TECHNOLOGY GLOBAL LTD,AZI
AUTOZONE,AZO
AUTOZONE INC,AZO
AVADEL,AVDL
AVADEL PHARMACEUTICALS,AVDL
AVADEL PHARMACEUTICALS PLC,AVDL
AVALO,AVTX
AVALO THERAPEUTICS INC,AVTX
"AVALO THERAPEUTICS,",AVTX
"AVALO THERAPEUTICS, INC.",AVTX
AVALON,ALBT
AVALON,AWX
AVALON,AVLNF
AVALON ADVANCED,AVLNF
AVALON ADVANCED MATERIALS INC,AVLNF
AVALON ADVANCED MATERIALS INC.,AVLNF
AVALON GLOBOCARE,ALBT
AVALON GLOBOCARE CORP,ALBT
AVALON GLOBOCARE CORP.,ALBT
AVALON HOLDINGS,AWX
AVALON HOLDINGS CORP,AWX
AVALONBAY,AVB
AVALONBAY COMMUNITIES,AVB
AVALONBAY COMMUNITIES INC,AVB
AVANOS,AVNS
AVANOS MEDICAL INC,AVNS
"AVANOS MEDICAL,",AVNS
"AVANOS MEDICAL, INC.",AVNS
AVANT,AVAI
AVANT TECHNOLOGIES,AVAI
AVANT TECHNOLOGIES INC,AVAI
AVANT TECHNOLOGIES INC.,AVAI
AVANTOR INC,AVTR
"AVANTOR,",AVTR
"AVANTOR, INC.",AVTR
AVEANNA,AVAH
AVEANNA HEALTHCARE,AVAH
AVEANNA HEALTHCARE HOLDINGS INC,AVAH
"AVEANNA HEALTHCARE HOLDINGS, INC.",AVAH
AVENIR,AVRW
AVENIR WELLNESS,AVRW
AVENIR WELLNESS SOLUTIONS INC,AVRW
"AVENIR WELLNESS SOLUTIONS, INC.",AVRW
AVENUE,ATXI
AVENUE THERAPEUTICS INC,ATXI
"AVENUE THERAPEUTICS,",ATXI
"AVENUE THERAPEUTICS, INC.",ATXI
AVEPOINT INC,AVPTW
AVEPOINT INC,AVPT
"AVEPOINT,",AVPT
"AVEPOINT,",AVPTW
"AVEPOINT, INC.",AVPT
"AVEPOINT, INC.",AVPTW
AVERY,AVY
AVERY DENNISON,AVY
AVERY DENNISON CORP,AVY
AVIAT,AVNW
AVIAT NETWORKS INC,AVNW
"AVIAT NETWORKS,",AVNW
"AVIAT NETWORKS, INC.",AVNW
AVIDIA,AVBC
AVIDIA BANCORP INC,AVBC
"AVIDIA BANCORP,",AVBC
"AVIDIA BANCORP, INC.",AVBC
AVIDITY,RNA
AVIDITY BIOSCIENCES INC,RNA
"AVIDITY BIOSCIENCES,",RNA
"AVIDITY BIOSCIENCES, INC.",RNA
AVIDXCHANGE,AVDX
AVIDXCHANGE HOLDINGS INC,AVDX
"AVIDXCHANGE HOLDINGS,",AVDX
"AVIDXCHANGE HOLDINGS, INC.",AVDX
AVIENT,AVNT
AVIENT CORP,AVNT
AVINGTRANS,AVGPF
AVINGTRANS PLC,AVGPF
AVINO,ASM
AVINO SILVER,ASM
AVINO SILVER  GOLD MINES,ASM
AVINO SILVER & GOLD MINES LTD,ASM
AVIS,CAR
AVIS BUDGET,CAR
AVIS BUDGET GROUP INC,CAR
"AVIS BUDGET GROUP, INC.",CAR
AVISTA,AVA
AVISTA CORP,AVA
AVITA,AVHHL
AVITA,RCEL
AVITA MEDICAL INC,RCEL
AVITA MEDICAL INC,AVHHL
"AVITA MEDICAL,",AVHHL
"AVITA MEDICAL,",RCEL
"AVITA MEDICAL, INC.",AVHHL
"AVITA MEDICAL, INC.",RCEL
AVNET,AVT
AVNET INC,AVT
AVRICORE,AVCRF
AVRICORE HEALTH,AVCRF
AVRICORE HEALTH INC,AVCRF
AVRICORE HEALTH INC.,AVCRF
AVRUPA,AVPMF
AVRUPA MINERALS,AVPMF
AVRUPA MINERALS LTD,AVPMF
AVRUPA MINERALS LTD.,AVPMF
AWARE,AWRE
AWARE INC,AWRE
AWARE INC /MA/,AWRE
AWARE INC MA,AWRE
AWAYSIS,AWCA
AWAYSIS CAPITAL INC,AWCA
"AWAYSIS CAPITAL,",AWCA
"AWAYSIS CAPITAL, INC.",AWCA
AXALTA,AXTA
AXALTA COATING,AXTA
AXALTA COATING SYSTEMS LTD,AXTA
AXALTA COATING SYSTEMS LTD.,AXTA
AXCAP,GARLF
AXCAP VENTURES,GARLF
AXCAP VENTURES INC,GARLF
AXCAP VENTURES INC.,GARLF
AXCELIS,ACLS
AXCELIS TECHNOLOGIES,ACLS
AXCELIS TECHNOLOGIES INC,ACLS
AXIL,AXIL
AXIL BRANDS INC,AXIL
"AXIL BRANDS,",AXIL
"AXIL BRANDS, INC.",AXIL
AXIM,AXIM
AXIM BIOTECHNOLOGIES INC,AXIM
"AXIM BIOTECHNOLOGIES,",AXIM
"AXIM BIOTECHNOLOGIES, INC.",AXIM
AXIOM,AXINU
AXIOM,AXIN
AXIOM INTELLIGENCE,AXIN
AXIOM INTELLIGENCE,AXINU
AXIOM INTELLIGENCE ACQUISITION CORP 1,AXIN
AXIOM INTELLIGENCE ACQUISITION CORP 1,AXINU
AXIS,AXS
AXIS CAPITAL,AXS
AXIS CAPITAL HOLDINGS LTD,AXS
AXOGEN INC,AXGN
"AXOGEN,",AXGN
"AXOGEN, INC.",AXGN
AXON,AXON
AXON ENTERPRISE INC,AXON
"AXON ENTERPRISE,",AXON
"AXON ENTERPRISE, INC.",AXON
AXOS,AX
AXOS FINANCIAL INC,AX
"AXOS FINANCIAL,",AX
"AXOS FINANCIAL, INC.",AX
AXSOME,AXSM
AXSOME THERAPEUTICS INC,AXSM
"AXSOME THERAPEUTICS,",AXSM
"AXSOME THERAPEUTICS, INC.",AXSM
AXT,AXTI
AXT INC,AXTI
AYR,AYWWF
AYR,AYRWF
AYR WELLNESS,AYRWF
AYR WELLNESS,AYWWF
AYR WELLNESS INC,AYWWF
AYR WELLNESS INC,AYRWF
AYR WELLNESS INC.,AYRWF
AYR WELLNESS INC.,AYWWF
AYRO INC,AYRO
"AYRO,",AYRO
"AYRO, INC.",AYRO
AYTU,AYTU
AYTU BIOPHARMA,AYTU
"AYTU BIOPHARMA,",AYTU
"AYTU BIOPHARMA, INC",AYTU
AZEK,AZEK
AZEK CO INC,AZEK
AZEK CO INC.,AZEK
AZENTA INC,AZTA
"AZENTA,",AZTA
"AZENTA, INC.",AZTA
AZITRA INC,AZTR
"AZITRA,",AZTR
"AZITRA, INC.",AZTR
AZTEC,AZZTF
AZTEC MINERALS,AZZTF
AZTEC MINERALS CORP,AZZTF
AZTEC MINERALS CORP.,AZZTF
AZUL,AZULQ
AZUL SA,AZULQ
AZZ,AZZ
AZZ INC,AZZ
B RILEY FINANCIAL INC,RILY
B RILEY FINANCIAL INC,RILYG
B RILEY FINANCIAL INC,RILYK
B RILEY FINANCIAL INC,RILYZ
B RILEY FINANCIAL INC,RILYT
B RILEY FINANCIAL INC,RILYP
B RILEY FINANCIAL INC,RILYN
B RILEY FINANCIAL INC,RILYL
B&G,BGS
"B&G FOODS,",BGS
"B&G FOODS, INC.",BGS
"B. RILEY FINANCIAL, INC.",RILYZ
"B. RILEY FINANCIAL, INC.",RILYT
"B. RILEY FINANCIAL, INC.",RILYL
"B. RILEY FINANCIAL, INC.",RILYG
"B. RILEY FINANCIAL, INC.",RILYK
"B. RILEY FINANCIAL, INC.",RILYP
"B. RILEY FINANCIAL, INC.",RILYN
"B. RILEY FINANCIAL, INC.",RILY
B2GOLD,BTG
B2GOLD CORP,BTG
BAB INC,BABB
"BAB,",BABB
"BAB, INC.",BABB
BABCOCK,BWNB
BABCOCK,BCKIF
BABCOCK,BW-PA
BABCOCK,BWSN
BABCOCK,BW
BABCOCK  WILCOX ENTERPRISES INC,BW-PA
BABCOCK  WILCOX ENTERPRISES INC,BWSN
BABCOCK  WILCOX ENTERPRISES INC,BWNB
BABCOCK  WILCOX ENTERPRISES INC,BW
"BABCOCK & WILCOX ENTERPRISES, INC.",BW-PA
"BABCOCK & WILCOX ENTERPRISES, INC.",BWSN
"BABCOCK & WILCOX ENTERPRISES, INC.",BW
"BABCOCK & WILCOX ENTERPRISES, INC.",BWNB
BABCOCK INTERNATIONAL,BCKIF
BABCOCK INTERNATIONAL GROUP PLC/ADR,BCKIF
BABCOCK INTERNATIONAL GROUP PLCADR,BCKIF
BACKBLAZE INC,BLZE
"BACKBLAZE,",BLZE
"BACKBLAZE, INC.",BLZE
BADGER,BMI
BADGER METER,BMI
BADGER METER INC,BMI
BAE,BAESF
BAE,BAESY
BAE SYSTEMS,BAESF
BAE SYSTEMS,BAESY
BAE SYSTEMS PLC /FI/,BAESY
BAE SYSTEMS PLC /FI/,BAESF
BAE SYSTEMS PLC FI,BAESF
BAE SYSTEMS PLC FI,BAESY
BAIDU INC,BAIDF
BAIDU INC,BIDU
"BAIDU,",BIDU
"BAIDU,",BAIDF
"BAIDU, INC.",BAIDF
"BAIDU, INC.",BIDU
BAIJIAYUN,RTCJF
BAIJIAYUN GROUP,RTCJF
BAIJIAYUN GROUP LTD,RTCJF
BAIN,BCSF
BAIN CAPITAL,BCSF
BAIN CAPITAL SPECIALTY FINANCE INC,BCSF
"BAIN CAPITAL SPECIALTY FINANCE, INC.",BCSF
BAIRD,BDMD
BAIRD,BDMDW
BAIRD MEDICAL,BDMD
BAIRD MEDICAL,BDMDW
BAIRD MEDICAL INVESTMENT,BDMD
BAIRD MEDICAL INVESTMENT,BDMDW
BAIRD MEDICAL INVESTMENT HOLDINGS LTD,BDMD
BAIRD MEDICAL INVESTMENT HOLDINGS LTD,BDMDW
BAIYA,BIYA
BAIYA INTERNATIONAL,BIYA
BAIYA INTERNATIONAL GROUP INC,BIYA
BAIYA INTERNATIONAL GROUP INC.,BIYA
BAKER,BKR
BAKER,BAKR
BAKER GLOBAL,BAKR
BAKER GLOBAL ASSET MANAGEMENT INC,BAKR
BAKER GLOBAL ASSET MANAGEMENT INC.,BAKR
BAKER HUGHES,BKR
BAKER HUGHES CO,BKR
BAKKT,BKKT
BAKKT HOLDINGS INC,BKKT
"BAKKT HOLDINGS,",BKKT
"BAKKT HOLDINGS, INC.",BKKT
BALANCE,BLNC
BALANCE LABS INC,BLNC
"BALANCE LABS,",BLNC
"BALANCE LABS, INC.",BLNC
BALCHEM,BCPC
BALCHEM CORP,BCPC
BALDWIN,BWIN
BALDWIN INSURANCE,BWIN
BALDWIN INSURANCE GROUP INC,BWIN
"BALDWIN INSURANCE GROUP, INC.",BWIN
BALFOUR,BAFBF
BALFOUR,BLFBY
BALFOUR BEATTY,BAFBF
BALFOUR BEATTY,BLFBY
BALFOUR BEATTY PLC/ADR,BAFBF
BALFOUR BEATTY PLC/ADR,BLFBY
BALFOUR BEATTY PLCADR,BAFBF
BALFOUR BEATTY PLCADR,BLFBY
BALL,BALL
BALL CORP,BALL
BALLARD,BLDP
BALLARD POWER,BLDP
BALLARD POWER SYSTEMS INC,BLDP
BALLARD POWER SYSTEMS INC.,BLDP
BALLY'S,BALY
BALLY'S CORP,BALY
BALLYS,BALY
BANC,BANC
BANC OF CALIFORNIA INC,BANC
"BANC OF CALIFORNIA, INC.",BANC
BANCFIRST,BANF
BANCFIRST,BANFP
BANCFIRST CORP,BANF
BANCFIRST CORP,BANFP
BANCFIRST CORP /OK/,BANF
BANCFIRST CORP /OK/,BANFP
BANCFIRST CORP OK,BANFP
BANCFIRST CORP OK,BANF
BANCO,BCDRF
BANCO,BBVXF
BANCO,BBAR
BANCO,BBVA
BANCO,SAN
BANCO,BSAC
BANCO,BSBR
BANCO BBVA,BBAR
BANCO BBVA ARGENTINA S.A.,BBAR
BANCO BBVA ARGENTINA SA,BBAR
BANCO BILBAO,BBVXF
BANCO BILBAO,BBVA
BANCO BILBAO VIZCAYA ARGENTARIA SA,BBVXF
BANCO BILBAO VIZCAYA ARGENTARIA SA,BBVA
"BANCO BILBAO VIZCAYA ARGENTARIA, S.A.",BBVA
"BANCO BILBAO VIZCAYA ARGENTARIA, S.A.",BBVXF
BANCO SANTANDER,BSAC
BANCO SANTANDER,BSBR
BANCO SANTANDER (BRASIL) S.A.,BSBR
BANCO SANTANDER BRASIL SA,BSBR
BANCO SANTANDER CHILE,BSAC
BANCO SANTANDER SA,SAN
BANCO SANTANDER SA,BCDRF
"BANCO SANTANDER,",SAN
"BANCO SANTANDER,",BCDRF
"BANCO SANTANDER, S.A.",BCDRF
"BANCO SANTANDER, S.A.",SAN
BANCORP,BCTF
BANCORP 34 INC,BCTF
"BANCORP 34,",BCTF
"BANCORP 34, INC.",BCTF
BANCORP INC,TBBK
"BANCORP,",TBBK
"BANCORP, INC.",TBBK
BANCROFT,BCV
BANCROFT FUND,BCV
BANCROFT FUND LTD,BCV
BANDWIDTH,BAND
BANDWIDTH INC,BAND
BANDWIDTH INC.,BAND
BANK,SHNY
BANK,BK-PK
BANK,BMO
BANK,FNGD
BANK,BFC
BANK,BK
BANK,BNKD
BANK,BNS
BANK,OZK
BANK,FNGB
BANK,FNGO
BANK,WTIU
BANK,NTB
BANK,FNGS
BANK,GDXD
BANK,NRGD
BANK,WTID
BANK,NRGU
BANK,BBD
BANK,OZKAP
BANK,GDXU
BANK,BOTJ
BANK,DULL
BANK,BOH
BANK,FLYD
BANK,BMRC
BANK,BAC
BANK,OILD
BANK,CARU
BANK,BERZ
BANK,BKSC
BANK,BNKU
BANK,BBDO
BANK,BCH
BANK,BULZ
BANK,FLYU
BANK,OILU
BANK,JETU
BANK,CARD
BANK,BACRP
BANK,JETD
BANK BRADESCO,BBD
BANK BRADESCO,BBDO
BANK FIRST,BFC
BANK FIRST CORP,BFC
BANK OF AMERICA CORP /DE/,BACRP
BANK OF AMERICA CORP /DE/,BAC
BANK OF AMERICA CORP DE,BACRP
BANK OF AMERICA CORP DE,BAC
BANK OF CHILE,BCH
BANK OF HAWAII,BOH
BANK OF HAWAII CORP,BOH
BANK OF MARIN BANCORP,BMRC
BANK OF MONTREAL /CAN/,FNGB
BANK OF MONTREAL /CAN/,GDXD
BANK OF MONTREAL /CAN/,NRGD
BANK OF MONTREAL /CAN/,OILD
BANK OF MONTREAL /CAN/,JETD
BANK OF MONTREAL /CAN/,FNGS
BANK OF MONTREAL /CAN/,CARD
BANK OF MONTREAL /CAN/,BERZ
BANK OF MONTREAL /CAN/,OILU
BANK OF MONTREAL /CAN/,FLYU
BANK OF MONTREAL /CAN/,GDXU
BANK OF MONTREAL /CAN/,WTID
BANK OF MONTREAL /CAN/,DULL
BANK OF MONTREAL /CAN/,FLYD
BANK OF MONTREAL /CAN/,CARU
BANK OF MONTREAL /CAN/,BNKU
BANK OF MONTREAL /CAN/,BULZ
BANK OF MONTREAL /CAN/,BNKD
BANK OF MONTREAL /CAN/,FNGO
BANK OF MONTREAL /CAN/,FNGD
BANK OF MONTREAL /CAN/,SHNY
BANK OF MONTREAL /CAN/,NRGU
BANK OF MONTREAL /CAN/,BMO
BANK OF MONTREAL /CAN/,JETU
BANK OF MONTREAL /CAN/,WTIU
BANK OF MONTREAL CAN,CARD
BANK OF MONTREAL CAN,BMO
BANK OF MONTREAL CAN,BERZ
BANK OF MONTREAL CAN,FLYU
BANK OF MONTREAL CAN,OILU
BANK OF MONTREAL CAN,BNKD
BANK OF MONTREAL CAN,FNGD
BANK OF MONTREAL CAN,CARU
BANK OF MONTREAL CAN,FLYD
BANK OF MONTREAL CAN,GDXU
BANK OF MONTREAL CAN,DULL
BANK OF MONTREAL CAN,WTIU
BANK OF MONTREAL CAN,OILD
BANK OF MONTREAL CAN,GDXD
BANK OF MONTREAL CAN,JETD
BANK OF MONTREAL CAN,BULZ
BANK OF MONTREAL CAN,JETU
BANK OF MONTREAL CAN,WTID
BANK OF MONTREAL CAN,NRGD
BANK OF MONTREAL CAN,NRGU
BANK OF MONTREAL CAN,BNKU
BANK OF MONTREAL CAN,FNGB
BANK OF MONTREAL CAN,FNGS
BANK OF MONTREAL CAN,FNGO
BANK OF MONTREAL CAN,SHNY
BANK OF N.T. BUTTERFIELD & SON LTD,NTB
BANK OF NEW YORK MELLON,BK
BANK OF NEW YORK MELLON,BK-PK
BANK OF NEW YORK MELLON CORP,BK
BANK OF NEW YORK MELLON CORP,BK-PK
BANK OF NOVA SCOTIA,BNS
BANK OF NT BUTTERFIELD  SON,NTB
BANK OF SOUTH CAROLINA,BKSC
BANK OF SOUTH CAROLINA CORP,BKSC
BANK OF THE JAMES,BOTJ
BANK OF THE JAMES FINANCIAL GROUP INC,BOTJ
BANK OZK,OZK
BANK OZK,OZKAP
BANK7,BSVN
BANK7 CORP,BSVN
BANK7 CORP.,BSVN
BANKFINANCIAL,BFIN
BANKFINANCIAL CORP,BFIN
BANKGUAM,BKGM
BANKGUAM HOLDING,BKGM
BANKGUAM HOLDING CO,BKGM
BANKUNITED INC,BKU
"BANKUNITED,",BKU
"BANKUNITED, INC.",BKU
BANKWELL,BWFG
BANKWELL FINANCIAL,BWFG
BANKWELL FINANCIAL GROUP INC,BWFG
"BANKWELL FINANCIAL GROUP, INC.",BWFG
BANNER,BANR
BANNER CORP,BANR
BANNIX,BNIX
BANNIX,BNIXR
BANNIX,BNIXW
BANNIX ACQUISITION,BNIXW
BANNIX ACQUISITION,BNIX
BANNIX ACQUISITION,BNIXR
BANNIX ACQUISITION CORP,BNIXW
BANNIX ACQUISITION CORP,BNIX
BANNIX ACQUISITION CORP,BNIXR
BANNIX ACQUISITION CORP.,BNIX
BANNIX ACQUISITION CORP.,BNIXW
BANNIX ACQUISITION CORP.,BNIXR
BANZAI,BNZIW
BANZAI,BNZI
BANZAI INTERNATIONAL INC,BNZIW
BANZAI INTERNATIONAL INC,BNZI
"BANZAI INTERNATIONAL,",BNZIW
"BANZAI INTERNATIONAL,",BNZI
"BANZAI INTERNATIONAL, INC.",BNZIW
"BANZAI INTERNATIONAL, INC.",BNZI
BAOSHENG,BAOS
BAOSHENG MEDIA,BAOS
BAOSHENG MEDIA GROUP,BAOS
BAOSHENG MEDIA GROUP HOLDINGS LTD,BAOS
BAOZUN,BZUN
BAOZUN INC,BZUN
BAOZUN INC.,BZUN
BAR,BHB
BAR HARBOR,BHB
BAR HARBOR BANKSHARES,BHB
BARCLAYS,TAPR
BARCLAYS,VXX
BARCLAYS,GRN
BARCLAYS,BCLYF
BARCLAYS,JJETF
BARCLAYS,PGMFF
BARCLAYS,BCS
BARCLAYS,JJGTF
BARCLAYS,JJCTF
BARCLAYS,VXZ
BARCLAYS,BWVTF
BARCLAYS,COWTF
BARCLAYS,DJP
BARCLAYS,GBUG
BARCLAYS,ATMP
BARCLAYS BANK,DJP
BARCLAYS BANK,COWTF
BARCLAYS BANK,JJCTF
BARCLAYS BANK,JJETF
BARCLAYS BANK,TAPR
BARCLAYS BANK,PGMFF
BARCLAYS BANK,GBUG
BARCLAYS BANK,JJGTF
BARCLAYS BANK,GRN
BARCLAYS BANK,BWVTF
BARCLAYS BANK,VXZ
BARCLAYS BANK,ATMP
BARCLAYS BANK,VXX
BARCLAYS BANK PLC,COWTF
BARCLAYS BANK PLC,VXZ
BARCLAYS BANK PLC,JJCTF
BARCLAYS BANK PLC,JJGTF
BARCLAYS BANK PLC,DJP
BARCLAYS BANK PLC,PGMFF
BARCLAYS BANK PLC,JJETF
BARCLAYS BANK PLC,GBUG
BARCLAYS BANK PLC,ATMP
BARCLAYS BANK PLC,VXX
BARCLAYS BANK PLC,TAPR
BARCLAYS BANK PLC,BWVTF
BARCLAYS BANK PLC,GRN
BARCLAYS PLC,BCS
BARCLAYS PLC,BCLYF
BARFRESH,BRFH
BARFRESH FOOD,BRFH
BARFRESH FOOD GROUP INC,BRFH
BARFRESH FOOD GROUP INC.,BRFH
BARINGS,BGH
BARINGS,MPV
BARINGS,BBDC
BARINGS,MCI
BARINGS BDC INC,BBDC
"BARINGS BDC,",BBDC
"BARINGS BDC, INC.",BBDC
BARINGS CORPORATE,MCI
BARINGS CORPORATE INVESTORS,MCI
BARINGS GLOBAL,BGH
BARINGS GLOBAL SHORT DURATION HIGH YIELD FUND,BGH
BARINGS PARTICIPATION,MPV
BARINGS PARTICIPATION INVESTORS,MPV
BARINTHUS,BRNS
BARINTHUS BIOTHERAPEUTICS,BRNS
BARINTHUS BIOTHERAPEUTICS PLC,BRNS
BARINTHUS BIOTHERAPEUTICS PLC.,BRNS
BARK INC,BARK
"BARK,",BARK
"BARK, INC.",BARK
BARKSDALE,BRKCF
BARKSDALE RESOURCES,BRKCF
BARKSDALE RESOURCES CORP,BRKCF
BARKSDALE RESOURCES CORP.,BRKCF
BARNES,BNED
BARNES  NOBLE EDUCATION INC,BNED
"BARNES & NOBLE EDUCATION, INC.",BNED
BARNWELL,BRN
BARNWELL INDUSTRIES,BRN
BARNWELL INDUSTRIES INC,BRN
BARRATT,BTDPF
BARRATT,BTDPY
BARRATT DEVELOPMENTS,BTDPY
BARRATT DEVELOPMENTS,BTDPF
BARRATT DEVELOPMENTS PLC/ADR,BTDPF
BARRATT DEVELOPMENTS PLC/ADR,BTDPY
BARRATT DEVELOPMENTS PLCADR,BTDPF
BARRATT DEVELOPMENTS PLCADR,BTDPY
BARRETT,BBSI
BARRETT BUSINESS,BBSI
BARRETT BUSINESS SERVICES INC,BBSI
BARRICK,B
BARRICK MINING,B
BARRICK MINING CORP,B
BARRY,BYCBF
BARRY CALLEBAUT,BYCBF
BARRY CALLEBAUT AG/ADR,BYCBF
BARRY CALLEBAUT AGADR,BYCBF
BASANITE INC,BASA
"BASANITE,",BASA
"BASANITE, INC.",BASA
BASEL,BMGL
BASEL MEDICAL,BMGL
BASEL MEDICAL GROUP LTD,BMGL
BASIN,BURCF
BASIN URANIUM,BURCF
BASIN URANIUM CORP,BURCF
BASIN URANIUM CORP.,BURCF
BASSETT,BSET
BASSETT FURNITURE,BSET
BASSETT FURNITURE INDUSTRIES INC,BSET
BATH,BBWI
BATH  BODY WORKS INC,BBWI
"BATH & BODY WORKS, INC.",BBWI
BATTALION,BATL
BATTALION OIL,BATL
BATTALION OIL CORP,BATL
BAUSCH,BHC
BAUSCH,BLCO
BAUSCH  LOMB,BLCO
BAUSCH & LOMB CORP,BLCO
BAUSCH HEALTH,BHC
BAUSCH HEALTH COMPANIES INC,BHC
BAUSCH HEALTH COMPANIES INC.,BHC
BAXTER,BAX
BAXTER INTERNATIONAL,BAX
BAXTER INTERNATIONAL INC,BAX
BAYCOM,BCML
BAYCOM CORP,BCML
BAYERISCHE,BYMOF
BAYERISCHE,BAMXF
BAYERISCHE,BMWKY
BAYERISCHE MOTOREN,BYMOF
BAYERISCHE MOTOREN,BAMXF
BAYERISCHE MOTOREN,BMWKY
BAYERISCHE MOTOREN WERKE AG/ADR,BMWKY
BAYERISCHE MOTOREN WERKE AG/ADR,BAMXF
BAYERISCHE MOTOREN WERKE AG/ADR,BYMOF
BAYERISCHE MOTOREN WERKE AGADR,BMWKY
BAYERISCHE MOTOREN WERKE AGADR,BYMOF
BAYERISCHE MOTOREN WERKE AGADR,BAMXF
BAYFIRST,BAFN
BAYFIRST FINANCIAL,BAFN
BAYFIRST FINANCIAL CORP,BAFN
BAYFIRST FINANCIAL CORP.,BAFN
BAYHORSE,BHSIF
BAYHORSE SILVER,BHSIF
BAYHORSE SILVER INC,BHSIF
BAYHORSE SILVER INC.,BHSIF
BAYTEX,BTE
BAYTEX ENERGY,BTE
BAYTEX ENERGY CORP,BTE
BAYTEX ENERGY CORP.,BTE
BAYVIEW,BAYA
BAYVIEW,BAYAR
BAYVIEW,BAYAU
BAYVIEW ACQUISITION,BAYAU
BAYVIEW ACQUISITION,BAYAR
BAYVIEW ACQUISITION,BAYA
BAYVIEW ACQUISITION CORP,BAYAU
BAYVIEW ACQUISITION CORP,BAYAR
BAYVIEW ACQUISITION CORP,BAYA
BBB,TBBB
BBB FOODS,TBBB
BBB FOODS INC,TBBB
BBX,BBXIA
BBX,BBXIB
BBX CAPITAL INC,BBXIB
BBX CAPITAL INC,BBXIA
"BBX CAPITAL,",BBXIB
"BBX CAPITAL,",BBXIA
"BBX CAPITAL, INC.",BBXIA
"BBX CAPITAL, INC.",BBXIB
BCB,BCBP
BCB BANCORP,BCBP
BCB BANCORP INC,BCBP
BCE,BCEIF
BCE,BECEF
BCE,BCPPF
BCE,BCAEF
BCE,BCE
BCE,BCENF
BCE,BCEXF
BCE,BCEPF
BCE,BCEFF
BCE INC,BCEFF
BCE INC,BCEXF
BCE INC,BCE
BCE INC,BCPPF
BCE INC,BCEIF
BCE INC,BECEF
BCE INC,BCEPF
BCE INC,BCENF
BCE INC,BCAEF
BEACHBODY,BODYW
BEACHBODY,BODI
BEACHBODY COMPANY INC,BODYW
BEACHBODY COMPANY INC,BODI
"BEACHBODY COMPANY,",BODYW
"BEACHBODY COMPANY,",BODI
"BEACHBODY COMPANY, INC.",BODYW
"BEACHBODY COMPANY, INC.",BODI
BEAM,BEEM
BEAM,BEAM
BEAM GLOBAL,BEEM
BEAM THERAPEUTICS,BEAM
BEAM THERAPEUTICS INC,BEAM
BEAM THERAPEUTICS INC.,BEAM
BEAMR,BMR
BEAMR IMAGING,BMR
BEAMR IMAGING LTD,BMR
BEAMR IMAGING LTD.,BMR
BEASLEY,BBGI
BEASLEY BROADCAST,BBGI
BEASLEY BROADCAST GROUP INC,BBGI
BEAUTY,SKIN
BEAUTY HEALTH,SKIN
BEAUTY HEALTH CO,SKIN
BEAZER,BZH
BEAZER HOMES,BZH
BEAZER HOMES USA,BZH
BEAZER HOMES USA INC,BZH
BECTON,BDX
BECTON DICKINSON,BDX
BECTON DICKINSON & CO,BDX
BEELINE,BLNE
BEELINE HOLDINGS INC,BLNE
"BEELINE HOLDINGS,",BLNE
"BEELINE HOLDINGS, INC.",BLNE
BEL,BELFB
BEL,BELFA
BEL FUSE,BELFA
BEL FUSE,BELFB
BEL FUSE INC /NJ,BELFB
BEL FUSE INC /NJ,BELFA
BEL FUSE INC NJ,BELFB
BEL FUSE INC NJ,BELFA
BELDEN,BDC
BELDEN INC,BDC
BELDEN INC.,BDC
BELITE,BLTE
BELITE BIO,BLTE
"BELITE BIO,",BLTE
"BELITE BIO, INC",BLTE
BELIVE,BLIV
BELIVE HOLDINGS,BLIV
BELL,BCUFF
BELL COPPER,BCUFF
BELL COPPER CORP,BCUFF
BELLRING,BRBR
BELLRING BRANDS INC,BRBR
"BELLRING BRANDS,",BRBR
"BELLRING BRANDS, INC.",BRBR
BELPOINTE,OZ
BELPOINTE PREP,OZ
"BELPOINTE PREP,",OZ
"BELPOINTE PREP, LLC",OZ
BEMAX INC,BMXC
"BEMAX,",BMXC
"BEMAX, INC.",BMXC
BENCHMARK,BMBN
BENCHMARK,BHE
BENCHMARK BANKSHARES,BMBN
BENCHMARK BANKSHARES INC,BMBN
BENCHMARK ELECTRONICS,BHE
BENCHMARK ELECTRONICS INC,BHE
BENEFICIENT,BENF
BENEFICIENT,BENFW
BENITEC,BNTC
BENITEC BIOPHARMA,BNTC
BENITEC BIOPHARMA INC,BNTC
BENITEC BIOPHARMA INC.,BNTC
BENSON,BHILQ
BENSON HILL INC,BHILQ
"BENSON HILL,",BHILQ
"BENSON HILL, INC.",BHILQ
BENTLEY,BSY
BENTLEY SYSTEMS,BSY
BENTLEY SYSTEMS INC,BSY
BEO,BEOB
BEO BANCORP,BEOB
BEONE,ONC
BEONE,BEIGF
BEONE MEDICINES,BEIGF
BEONE MEDICINES,ONC
BEONE MEDICINES LTD,ONC
BEONE MEDICINES LTD,BEIGF
BEONE MEDICINES LTD.,ONC
BEONE MEDICINES LTD.,BEIGF
BERKLEY,WRB
BERKLEY W R,WRB
BERKLEY W R CORP,WRB
BERKSHIRE,BRK-B
BERKSHIRE,BHLB
BERKSHIRE,BRK-A
BERKSHIRE HATHAWAY,BRK-A
BERKSHIRE HATHAWAY,BRK-B
BERKSHIRE HATHAWAY INC,BRK-B
BERKSHIRE HATHAWAY INC,BRK-A
BERKSHIRE HILLS,BHLB
BERKSHIRE HILLS BANCORP,BHLB
BERKSHIRE HILLS BANCORP INC,BHLB
BERONI,BNIGF
BERONI GROUP,BNIGF
BERONI GROUP LTD,BNIGF
BERRY,BRY
BERRY CORP,BRY
BERRY CORP (BRY),BRY
BERRY CORP BRY,BRY
BERTO,TACOW
BERTO,TACO
BERTO,TACOU
BERTO ACQUISITION,TACO
BERTO ACQUISITION,TACOW
BERTO ACQUISITION,TACOU
BERTO ACQUISITION CORP,TACOW
BERTO ACQUISITION CORP,TACO
BERTO ACQUISITION CORP,TACOU
BERTO ACQUISITION CORP.,TACOW
BERTO ACQUISITION CORP.,TACOU
BERTO ACQUISITION CORP.,TACO
BESPOKE,BSPK
BESPOKE EXTRACTS INC,BSPK
"BESPOKE EXTRACTS,",BSPK
"BESPOKE EXTRACTS, INC.",BSPK
BEST,BSAA
BEST,BSAAU
BEST,BBY
BEST BUY,BBY
BEST BUY CO INC,BBY
BEST SPAC,BSAA
BEST SPAC,BSAAU
BEST SPAC I ACQUISITION CORP,BSAAU
BEST SPAC I ACQUISITION CORP,BSAA
BEST SPAC I ACQUISITION CORP.,BSAAU
BEST SPAC I ACQUISITION CORP.,BSAA
BESTGOFER,BGFR
BESTGOFER INC,BGFR
BESTGOFER INC.,BGFR
BETA,BTFT
BETA,BBNX
BETA BIONICS INC,BBNX
"BETA BIONICS,",BBNX
"BETA BIONICS, INC.",BBNX
BETA FINTECH,BTFT
BETA FINTECH HOLDINGS LTD,BTFT
BETTER,BETR
BETTER,BETRW
BETTER HOME,BETR
BETTER HOME,BETRW
BETTER HOME  FINANCE HOLDING,BETR
BETTER HOME  FINANCE HOLDING,BETRW
BETTER HOME & FINANCE HOLDING CO,BETRW
BETTER HOME & FINANCE HOLDING CO,BETR
BETTERLIFE,BETRF
BETTERLIFE PHARMA,BETRF
BETTERLIFE PHARMA INC,BETRF
BETTERLIFE PHARMA INC.,BETRF
BETTERWARE,BWMX
BETTERWARE DE MEXICO SAPI DE CV,BWMX
"BETTERWARE DE MEXICO, S.A.P.I. DE C.V",BWMX
BEWHERE,BEWFF
BEWHERE HOLDINGS,BEWFF
BEWHERE HOLDINGS INC,BEWFF
BEXIL,BXSY
BEXIL INVESTMENT,BXSY
BEXIL INVESTMENT TRUST,BXSY
BEYOND,XAIR
BEYOND,BYND
BEYOND,BYOC
BEYOND AIR INC,XAIR
"BEYOND AIR,",XAIR
"BEYOND AIR, INC.",XAIR
BEYOND COMMERCE INC,BYOC
"BEYOND COMMERCE,",BYOC
"BEYOND COMMERCE, INC.",BYOC
BEYOND INC,BYON
BEYOND MEAT INC,BYND
"BEYOND MEAT,",BYND
"BEYOND MEAT, INC.",BYND
"BEYOND,",BYON
"BEYOND, INC.",BYON
BEYONDSPRING,BYSI
BEYONDSPRING INC,BYSI
BEYONDSPRING INC.,BYSI
BG FOODS INC,BGS
BGC,BGC
BGC GROUP INC,BGC
"BGC GROUP,",BGC
"BGC GROUP, INC.",BGC
BGIN,BGIN
BGIN BLOCKCHAIN,BGIN
BGIN BLOCKCHAIN LTD,BGIN
BGM,BGM
BGM GROUP,BGM
BGM GROUP LTD,BGM
BGM GROUP LTD.,BGM
BGSF INC,BGSF
"BGSF,",BGSF
"BGSF, INC.",BGSF
BHP,BHPLF
BHP,BHP
BHP GROUP,BHP
BHP GROUP,BHPLF
BHP GROUP LTD,BHPLF
BHP GROUP LTD,BHP
BICARA,BCAX
BICARA THERAPEUTICS,BCAX
BICARA THERAPEUTICS INC,BCAX
BICARA THERAPEUTICS INC.,BCAX
BICYCLE,BCYC
BICYCLE THERAPEUTICS,BCYC
BICYCLE THERAPEUTICS PLC,BCYC
BIG,DSY
BIG,BIGGQ
BIG,DSYWW
BIG,BGFV
BIG 5 SPORTING GOODS,BGFV
BIG 5 SPORTING GOODS CORP,BGFV
BIG LOTS,BIGGQ
BIG LOTS INC,BIGGQ
BIG TREE,DSYWW
BIG TREE,DSY
BIG TREE CLOUD,DSY
BIG TREE CLOUD,DSYWW
BIG TREE CLOUD HOLDINGS LTD,DSYWW
BIG TREE CLOUD HOLDINGS LTD,DSY
BIGBEAR.AI,BBAI
"BIGBEAR.AI HOLDINGS,",BBAI
"BIGBEAR.AI HOLDINGS, INC.",BBAI
BIGBEARAI HOLDINGS INC,BBAI
BIGCOMMERCE,BIGC
BIGCOMMERCE HOLDINGS INC,BIGC
"BIGCOMMERCE HOLDINGS,",BIGC
"BIGCOMMERCE HOLDINGS, INC.",BIGC
BIGLARI,BH-A
BIGLARI,BH
BIGLARI HOLDINGS,BH-A
BIGLARI HOLDINGS,BH
BIGLARI HOLDINGS INC,BH-A
BIGLARI HOLDINGS INC,BH
BIGLARI HOLDINGS INC.,BH-A
BIGLARI HOLDINGS INC.,BH
BILIBILI,BLBLF
BILIBILI,BILI
BILIBILI INC,BILI
BILIBILI INC,BLBLF
BILIBILI INC.,BLBLF
BILIBILI INC.,BILI
BILL,BILL
BILL HOLDINGS INC,BILL
"BILL HOLDINGS,",BILL
"BILL HOLDINGS, INC.",BILL
BIMERGEN,BESS
BIMERGEN ENERGY,BESS
BIMERGEN ENERGY CORP,BESS
BIMINI,BMNM
BIMINI CAPITAL,BMNM
BIMINI CAPITAL MANAGEMENT INC,BMNM
"BIMINI CAPITAL MANAGEMENT, INC.",BMNM
BINAH,BCGWW
BINAH,BCG
BINAH CAPITAL,BCG
BINAH CAPITAL,BCGWW
BINAH CAPITAL GROUP INC,BCGWW
BINAH CAPITAL GROUP INC,BCG
"BINAH CAPITAL GROUP, INC.",BCGWW
"BINAH CAPITAL GROUP, INC.",BCG
BINGEX,FLX
BINGEX LTD,FLX
BIO,BKYI
BIO,BIOE
BIO ESSENCE,BIOE
BIO ESSENCE CORP,BIOE
BIO KEY,BKYI
BIO KEY INTERNATIONAL INC,BKYI
BIO-PATH,BPTH
"BIO-PATH HOLDINGS,",BPTH
"BIO-PATH HOLDINGS, INC.",BPTH
BIO-RAD,BIO-B
BIO-RAD,BIO
"BIO-RAD LABORATORIES,",BIO-B
"BIO-RAD LABORATORIES,",BIO
"BIO-RAD LABORATORIES, INC.",BIO-B
"BIO-RAD LABORATORIES, INC.",BIO
BIO-TECHNE,TECH
BIO-TECHNE CORP,TECH
BIOADAPTIVES INC,BDPT
"BIOADAPTIVES,",BDPT
"BIOADAPTIVES, INC.",BDPT
BIOAFFINITY,BIAF
BIOAFFINITY,BIAFW
BIOAFFINITY TECHNOLOGIES INC,BIAF
BIOAFFINITY TECHNOLOGIES INC,BIAFW
"BIOAFFINITY TECHNOLOGIES,",BIAFW
"BIOAFFINITY TECHNOLOGIES,",BIAF
"BIOAFFINITY TECHNOLOGIES, INC.",BIAFW
"BIOAFFINITY TECHNOLOGIES, INC.",BIAF
BIOAGE,BIOA
BIOAGE LABS INC,BIOA
"BIOAGE LABS,",BIOA
"BIOAGE LABS, INC.",BIOA
BIOATLA INC,BCAB
"BIOATLA,",BCAB
"BIOATLA, INC.",BCAB
BIOCARDIA INC,BCDA
"BIOCARDIA,",BCDA
"BIOCARDIA, INC.",BCDA
BIOCERES,BIOX
BIOCERES CROP,BIOX
BIOCERES CROP SOLUTIONS CORP,BIOX
BIOCERES CROP SOLUTIONS CORP.,BIOX
BIOCORRX,BICX
BIOCORRX INC,BICX
BIOCORRX INC.,BICX
BIOCRYST,BCRX
BIOCRYST PHARMACEUTICALS,BCRX
BIOCRYST PHARMACEUTICALS INC,BCRX
BIODESIX,BDSX
BIODESIX INC,BDSX
BIODEXA,BDRX
BIODEXA PHARMACEUTICALS,BDRX
BIODEXA PHARMACEUTICALS PLC,BDRX
BIOFORCE,BFNH
BIOFORCE NANOSCIENCES,BFNH
BIOFORCE NANOSCIENCES HOLDINGS INC,BFNH
"BIOFORCE NANOSCIENCES HOLDINGS, INC.",BFNH
BIOFRONTERA,BFRI
BIOFRONTERA,BFRIW
BIOFRONTERA INC,BFRI
BIOFRONTERA INC,BFRIW
BIOFRONTERA INC.,BFRIW
BIOFRONTERA INC.,BFRI
BIOGEN,BIIB
BIOGEN INC,BIIB
BIOGEN INC.,BIIB
BIOHARVEST,BHST
BIOHARVEST SCIENCES,BHST
BIOHARVEST SCIENCES INC,BHST
BIOHARVEST SCIENCES INC.,BHST
BIOHAVEN,BHVN
BIOHAVEN LTD,BHVN
BIOHAVEN LTD.,BHVN
BIOLARGO INC,BLGO
"BIOLARGO,",BLGO
"BIOLARGO, INC.",BLGO
BIOLASE,BIOLQ
"BIOLASE,",BIOLQ
"BIOLASE, INC",BIOLQ
BIOLIFE,BLFS
BIOLIFE SOLUTIONS,BLFS
BIOLIFE SOLUTIONS INC,BLFS
BIOLINERX,BLRX
BIOLINERX LTD,BLRX
BIOLINERX LTD.,BLRX
BIOMARIN,BMRN
BIOMARIN PHARMACEUTICAL,BMRN
BIOMARIN PHARMACEUTICAL INC,BMRN
BIOMEA,BMEA
BIOMEA FUSION INC,BMEA
"BIOMEA FUSION,",BMEA
"BIOMEA FUSION, INC.",BMEA
BIOMERICA,BMRA
BIOMERICA INC,BMRA
BIOMX,PHGE
BIOMX INC,PHGE
BIOMX INC.,PHGE
BION,BNET
BION ENVIRONMENTAL,BNET
BION ENVIRONMENTAL TECHNOLOGIES INC,BNET
BIONANO,BNGO
BIONANO GENOMICS INC,BNGO
"BIONANO GENOMICS,",BNGO
"BIONANO GENOMICS, INC.",BNGO
BIONEXUS,BGLC
BIONEXUS GENE,BGLC
BIONEXUS GENE LAB,BGLC
BIONEXUS GENE LAB CORP,BGLC
BIONTECH,BNTX
BIONTECH SE,BNTX
BIOPATH HOLDINGS INC,BPTH
BIOPHYTIS,BPTSY
BIOPHYTIS SA,BPTSY
BIOQUEST,BQST
BIOQUEST CORP,BQST
BIORA,BIORQ
BIORA THERAPEUTICS INC,BIORQ
"BIORA THERAPEUTICS,",BIORQ
"BIORA THERAPEUTICS, INC.",BIORQ
BIORAD LABORATORIES INC,BIO-B
BIORAD LABORATORIES INC,BIO
BIOREGENX INC,BRGX
"BIOREGENX,",BRGX
"BIOREGENX, INC.",BRGX
BIORESTORATIVE,BRTX
BIORESTORATIVE THERAPIES INC,BRTX
"BIORESTORATIVE THERAPIES,",BRTX
"BIORESTORATIVE THERAPIES, INC.",BRTX
BIOSCIENCE,BHIC
BIOSCIENCE HEALTH,BHIC
BIOSCIENCE HEALTH INNOVATIONS INC,BHIC
"BIOSCIENCE HEALTH INNOVATIONS, INC.",BHIC
BIOSIG,BSGM
BIOSIG TECHNOLOGIES INC,BSGM
"BIOSIG TECHNOLOGIES,",BSGM
"BIOSIG TECHNOLOGIES, INC.",BSGM
BIOSTEM,BSEM
BIOSTEM TECHNOLOGIES,BSEM
BIOTE,BTMD
BIOTE CORP,BTMD
BIOTE CORP.,BTMD
BIOTECHNE,TECH
BIOTRICITY,BTCY
BIOTRICITY INC,BTCY
BIOTRICITY INC.,BTCY
BIOVENTUS,BVS
BIOVENTUS INC,BVS
BIOVENTUS INC.,BVS
BIOVIE,BIVI
BIOVIE INC,BIVI
BIOVIE INC.,BIVI
BIOXCEL,BTAI
BIOXCEL THERAPEUTICS INC,BTAI
"BIOXCEL THERAPEUTICS,",BTAI
"BIOXCEL THERAPEUTICS, INC.",BTAI
BIOXYTRAN,BIXT
"BIOXYTRAN,",BIXT
"BIOXYTRAN, INC",BIXT
BIRCHTECH,BCHT
BIRCHTECH CORP,BCHT
BIRCHTECH CORP.,BCHT
BIRDIE,BRWC
BIRDIE WIN,BRWC
BIRDIE WIN CORP,BRWC
BIRKENSTOCK,BIRK
BIRKENSTOCK HOLDING,BIRK
BIRKENSTOCK HOLDING PLC,BIRK
BIRKS,BGI
BIRKS GROUP,BGI
BIRKS GROUP INC,BGI
BIRKS GROUP INC.,BGI
BIT,BTOG
BIT,BTCM
BIT,BTBT
BIT DIGITAL,BTBT
"BIT DIGITAL,",BTBT
"BIT DIGITAL, INC",BTBT
BIT MINING,BTCM
BIT MINING LTD,BTCM
BIT ORIGIN,BTOG
BIT ORIGIN LTD,BTOG
BITCOIN,BTM
BITCOIN,BTMWW
BITCOIN DEPOT,BTMWW
BITCOIN DEPOT,BTM
BITCOIN DEPOT INC,BTM
BITCOIN DEPOT INC,BTMWW
BITCOIN DEPOT INC.,BTM
BITCOIN DEPOT INC.,BTMWW
BITDEER,BTDR
BITDEER TECHNOLOGIES,BTDR
BITDEER TECHNOLOGIES GROUP,BTDR
BITFARMS,BITF
BITFARMS LTD,BITF
BITFUFU,FUFU
BITFUFU,FUFUW
BITFUFU INC,FUFUW
BITFUFU INC,FUFU
BITFUFU INC.,FUFU
BITFUFU INC.,FUFUW
BITMINE,BMNR
BITMINE IMMERSION,BMNR
BITMINE IMMERSION TECHNOLOGIES INC,BMNR
"BITMINE IMMERSION TECHNOLOGIES, INC.",BMNR
BITTERROOT,BITTF
BITTERROOT RESOURCES,BITTF
BITTERROOT RESOURCES LTD,BITTF
BITWISE,BITW
BITWISE,BITB
BITWISE,ETHW
BITWISE 10 CRYPTO INDEX FUND,BITW
BITWISE BITCOIN,BITB
BITWISE BITCOIN ETF,BITB
BITWISE ETHEREUM,ETHW
BITWISE ETHEREUM ETF,ETHW
BJ'S,BJ
BJ'S WHOLESALE,BJ
"BJ'S WHOLESALE CLUB HOLDINGS, INC.",BJ
BJS,BJRI
BJS RESTAURANTS,BJRI
BJS RESTAURANTS INC,BJRI
BJS WHOLESALE CLUB HOLDINGS INC,BJ
BK,BKTI
BK TECHNOLOGIES CORP,BKTI
BKV,BKV
BKV CORP,BKV
BLACK,BTTC
BLACK,BKH
BLACK,BDTX
BLACK,BKHA
BLACK,BKHAU
BLACK,BSMLP
BLACK,BSM
BLACK,BKHAR
BLACK DIAMOND,BDTX
BLACK DIAMOND THERAPEUTICS INC,BDTX
"BLACK DIAMOND THERAPEUTICS, INC.",BDTX
BLACK HAWK,BKHA
BLACK HAWK,BKHAU
BLACK HAWK,BKHAR
BLACK HAWK ACQUISITION,BKHAR
BLACK HAWK ACQUISITION,BKHA
BLACK HAWK ACQUISITION,BKHAU
BLACK HAWK ACQUISITION CORP,BKHAU
BLACK HAWK ACQUISITION CORP,BKHAR
BLACK HAWK ACQUISITION CORP,BKHA
BLACK HILLS,BKH
BLACK HILLS CORP /SD/,BKH
BLACK HILLS CORP SD,BKH
BLACK STONE,BSMLP
BLACK STONE,BSM
BLACK STONE MINERALS,BSM
BLACK STONE MINERALS,BSMLP
"BLACK STONE MINERALS, L.P.",BSMLP
"BLACK STONE MINERALS, L.P.",BSM
BLACK TITAN,BTTC
BLACK TITAN CORP,BTTC
BLACKBAUD,BLKB
BLACKBAUD INC,BLKB
BLACKBERRY,BB
BLACKBERRY LTD,BB
BLACKBOXSTOCKS,BLBX
BLACKBOXSTOCKS INC,BLBX
BLACKBOXSTOCKS INC.,BLBX
BLACKLINE INC,BL
"BLACKLINE,",BL
"BLACKLINE, INC.",BL
BLACKROCK,BLE
BLACKROCK,BDJ
BLACKROCK,BHV
BLACKROCK,HYT
BLACKROCK,BUI
BLACKROCK,BKN
BLACKROCK,BKRRF
BLACKROCK,BTT
BLACKROCK,MUE
BLACKROCK,BKT
BLACKROCK,BMN
BLACKROCK,BIT
BLACKROCK,BFZ
BLACKROCK,BYM
BLACKROCK,BTX
BLACKROCK,MHD
BLACKROCK,BNY
BLACKROCK,MPA
BLACKROCK,FRA
BLACKROCK,MUJ
BLACKROCK,BME
BLACKROCK,BFK
BLACKROCK,MQT
BLACKROCK,MYD
BLACKROCK,BGT
BLACKROCK,CII
BLACKROCK,BGR
BLACKROCK,BBN
BLACKROCK,ECAT
BLACKROCK,BCX
BLACKROCK,MUA
BLACKROCK,MUC
BLACKROCK,BTZ
BLACKROCK,MVF
BLACKROCK,BOE
BLACKROCK,BGY
BLACKROCK,MIY
BLACKROCK,BTA
BLACKROCK,MHN
BLACKROCK,BCAT
BLACKROCK,BLW
BLACKROCK,BST
BLACKROCK,BMEZ
BLACKROCK,MQY
BLACKROCK,TCPC
BLACKROCK,BHK
BLACKROCK,MVT
BLACKROCK,BSTZ
BLACKROCK,MYI
BLACKROCK,DSU
BLACKROCK,MYN
BLACKROCK 2037,BMN
BLACKROCK 2037 MUNICIPAL TARGET TERM TRUST,BMN
BLACKROCK CALIFORNIA,BFZ
BLACKROCK CALIFORNIA MUNICIPAL INCOME TRUST,BFZ
BLACKROCK CAPITAL,BCAT
BLACKROCK CAPITAL ALLOCATION TERM TRUST,BCAT
BLACKROCK CORE,BHK
BLACKROCK CORE BOND TRUST,BHK
BLACKROCK CORPORATE,HYT
BLACKROCK CORPORATE HIGH YIELD FUND INC,HYT
"BLACKROCK CORPORATE HIGH YIELD FUND, INC.",HYT
BLACKROCK CREDIT,BTZ
BLACKROCK CREDIT ALLOCATION INCOME TRUST,BTZ
BLACKROCK DEBT,DSU
BLACKROCK DEBT STRATEGIES FUND INC,DSU
"BLACKROCK DEBT STRATEGIES FUND, INC.",DSU
BLACKROCK ENERGY,BGR
BLACKROCK ENERGY  RESOURCES TRUST,BGR
BLACKROCK ENERGY & RESOURCES TRUST,BGR
BLACKROCK ENHANCED,BGY
BLACKROCK ENHANCED,CII
BLACKROCK ENHANCED,BDJ
BLACKROCK ENHANCED,BOE
BLACKROCK ENHANCED EQUITY DIVIDEND TRUST,BDJ
BLACKROCK ENHANCED GLOBAL DIVIDEND TRUST,BOE
BLACKROCK ENHANCED INTERNATIONAL DIVIDEND TRUST,BGY
BLACKROCK ENHANCED LARGE CAP CORE FUND INC,CII
"BLACKROCK ENHANCED LARGE CAP CORE FUND, INC.",CII
BLACKROCK ESG,ECAT
BLACKROCK ESG CAPITAL ALLOCATION TERM TRUST,ECAT
BLACKROCK FLOATING,FRA
BLACKROCK FLOATING,BGT
BLACKROCK FLOATING RATE INCOME STRATEGIES FUND INC,FRA
"BLACKROCK FLOATING RATE INCOME STRATEGIES FUND, INC.",FRA
BLACKROCK FLOATING RATE INCOME TRUST,BGT
BLACKROCK HEALTH,BMEZ
BLACKROCK HEALTH,BME
BLACKROCK HEALTH SCIENCES TERM TRUST,BMEZ
BLACKROCK HEALTH SCIENCES TRUST,BME
BLACKROCK INC,BLK
BLACKROCK INCOME,BKT
BLACKROCK INCOME TRUST INC,BKT
"BLACKROCK INCOME TRUST, INC.",BKT
BLACKROCK INVESTMENT,BKN
BLACKROCK INVESTMENT QUALITY MUNICIPAL TRUST INC,BKN
"BLACKROCK INVESTMENT QUALITY MUNICIPAL TRUST, INC.",BKN
BLACKROCK LONG-TERM,BTA
BLACKROCK LONG-TERM MUNICIPAL ADVANTAGE TRUST,BTA
BLACKROCK LONGTERM MUNICIPAL ADVANTAGE TRUST,BTA
BLACKROCK LTD,BLW
BLACKROCK LTD DURATION INCOME TRUST,BLW
BLACKROCK MULTI-SECTOR,BIT
BLACKROCK MULTI-SECTOR INCOME TRUST,BIT
BLACKROCK MULTISECTOR INCOME TRUST,BIT
BLACKROCK MUNIASSETS,MUA
BLACKROCK MUNIASSETS FUND INC,MUA
"BLACKROCK MUNIASSETS FUND, INC.",MUA
BLACKROCK MUNICIPAL,BLE
BLACKROCK MUNICIPAL,BYM
BLACKROCK MUNICIPAL,BFK
BLACKROCK MUNICIPAL,BTT
BLACKROCK MUNICIPAL 2030 TARGET TERM TRUST,BTT
BLACKROCK MUNICIPAL INCOME QUALITY TRUST,BYM
BLACKROCK MUNICIPAL INCOME TRUST,BFK
BLACKROCK MUNICIPAL INCOME TRUST II,BLE
BLACKROCK MUNIHOLDINGS,MHD
BLACKROCK MUNIHOLDINGS,MUE
BLACKROCK MUNIHOLDINGS,MUJ
BLACKROCK MUNIHOLDINGS,MUC
BLACKROCK MUNIHOLDINGS,MHN
BLACKROCK MUNIHOLDINGS CALIFORNIA QUALITY FUND INC,MUC
"BLACKROCK MUNIHOLDINGS CALIFORNIA QUALITY FUND, INC.",MUC
BLACKROCK MUNIHOLDINGS FUND INC,MHD
"BLACKROCK MUNIHOLDINGS FUND, INC.",MHD
BLACKROCK MUNIHOLDINGS NEW JERSEY QUALITY FUND INC,MUJ
"BLACKROCK MUNIHOLDINGS NEW JERSEY QUALITY FUND, INC.",MUJ
BLACKROCK MUNIHOLDINGS NEW YORK QUALITY FUND INC,MHN
"BLACKROCK MUNIHOLDINGS NEW YORK QUALITY FUND, INC.",MHN
BLACKROCK MUNIHOLDINGS QUALITY FUND II INC,MUE
"BLACKROCK MUNIHOLDINGS QUALITY FUND II, INC.",MUE
BLACKROCK MUNIVEST,MVT
BLACKROCK MUNIVEST,MVF
BLACKROCK MUNIVEST FUND II INC,MVT
"BLACKROCK MUNIVEST FUND II, INC.",MVT
BLACKROCK MUNIVEST FUND INC,MVF
"BLACKROCK MUNIVEST FUND, INC.",MVF
BLACKROCK MUNIYIELD,MYI
BLACKROCK MUNIYIELD,MPA
BLACKROCK MUNIYIELD,MYN
BLACKROCK MUNIYIELD,MIY
BLACKROCK MUNIYIELD,MYD
BLACKROCK MUNIYIELD,MQT
BLACKROCK MUNIYIELD,MQY
BLACKROCK MUNIYIELD FUND INC,MYD
"BLACKROCK MUNIYIELD FUND, INC.",MYD
BLACKROCK MUNIYIELD MICHIGAN QUALITY FUND INC,MIY
"BLACKROCK MUNIYIELD MICHIGAN QUALITY FUND, INC.",MIY
BLACKROCK MUNIYIELD NEW YORK QUALITY FUND INC,MYN
"BLACKROCK MUNIYIELD NEW YORK QUALITY FUND, INC.",MYN
BLACKROCK MUNIYIELD PENNSYLVANIA QUALITY FUND,MPA
BLACKROCK MUNIYIELD QUALITY FUND II INC,MQT
"BLACKROCK MUNIYIELD QUALITY FUND II, INC.",MQT
BLACKROCK MUNIYIELD QUALITY FUND III INC,MYI
"BLACKROCK MUNIYIELD QUALITY FUND III, INC.",MYI
BLACKROCK MUNIYIELD QUALITY FUND INC,MQY
"BLACKROCK MUNIYIELD QUALITY FUND, INC.",MQY
BLACKROCK NEW,BNY
BLACKROCK NEW YORK MUNICIPAL INCOME TRUST,BNY
BLACKROCK RESOURCES,BCX
BLACKROCK RESOURCES  COMMODITIES STRATEGY TRUST,BCX
BLACKROCK RESOURCES & COMMODITIES STRATEGY TRUST,BCX
BLACKROCK SCIENCE,BST
BLACKROCK SCIENCE,BSTZ
BLACKROCK SCIENCE  TECHNOLOGY TERM TRUST,BSTZ
BLACKROCK SCIENCE  TECHNOLOGY TRUST,BST
BLACKROCK SCIENCE & TECHNOLOGY TERM TRUST,BSTZ
BLACKROCK SCIENCE & TECHNOLOGY TRUST,BST
BLACKROCK SILVER,BKRRF
BLACKROCK SILVER CORP,BKRRF
BLACKROCK SILVER CORP.,BKRRF
BLACKROCK TAXABLE,BBN
BLACKROCK TAXABLE MUNICIPAL BOND TRUST,BBN
BLACKROCK TCP,TCPC
BLACKROCK TCP CAPITAL CORP,TCPC
BLACKROCK TCP CAPITAL CORP.,TCPC
BLACKROCK TECHNOLOGY,BTX
BLACKROCK TECHNOLOGY  PRIVATE EQUITY TERM TRUST,BTX
BLACKROCK TECHNOLOGY & PRIVATE EQUITY TERM TRUST,BTX
BLACKROCK UTILITIES INFRASTRUCTURE  POWER OPPORTUNITIES TRUST,BUI
"BLACKROCK UTILITIES,",BUI
"BLACKROCK UTILITIES, INFRASTRUCTURE & POWER OPPORTUNITIES TRUST",BUI
BLACKROCK VIRGINIA,BHV
BLACKROCK VIRGINIA MUNICIPAL BOND TRUST,BHV
"BLACKROCK,",BLK
"BLACKROCK, INC.",BLK
BLACKSKY,BKSY
BLACKSKY TECHNOLOGY,BKSY
BLACKSKY TECHNOLOGY INC,BKSY
BLACKSKY TECHNOLOGY INC.,BKSY
BLACKSTAR,BEGI
BLACKSTAR ENTERPRISE,BEGI
BLACKSTAR ENTERPRISE GROUP INC,BEGI
"BLACKSTAR ENTERPRISE GROUP, INC.",BEGI
BLACKSTONE,BGB
BLACKSTONE,BXMT
BLACKSTONE,BXSL
BLACKSTONE,BGX
BLACKSTONE,BSTT
BLACKSTONE,BSL
BLACKSTONE,BX
BLACKSTONE INC,BX
BLACKSTONE INC.,BX
BLACKSTONE LONG-SHORT,BGX
BLACKSTONE LONG-SHORT CREDIT INCOME FUND,BGX
BLACKSTONE LONGSHORT CREDIT INCOME FUND,BGX
BLACKSTONE MORTGAGE,BXMT
BLACKSTONE MORTGAGE TRUST INC,BXMT
"BLACKSTONE MORTGAGE TRUST, INC.",BXMT
BLACKSTONE REAL,BSTT
BLACKSTONE REAL ESTATE INCOME TRUST INC,BSTT
"BLACKSTONE REAL ESTATE INCOME TRUST, INC.",BSTT
BLACKSTONE SECURED,BXSL
BLACKSTONE SECURED LENDING FUND,BXSL
BLACKSTONE SENIOR,BSL
BLACKSTONE SENIOR FLOATING RATE 2027 TERM FUND,BSL
BLACKSTONE STRATEGIC,BGB
BLACKSTONE STRATEGIC CREDIT 2027 TERM FUND,BGB
BLACKWELL,BDCC
BLACKWELL 3D CONSTRUCTION CORP,BDCC
BLACKWELL 3D CONSTRUCTION CORP.,BDCC
BLADE,BLDEW
BLADE,BLDE
BLADE AIR,BLDE
BLADE AIR,BLDEW
BLADE AIR MOBILITY INC,BLDE
BLADE AIR MOBILITY INC,BLDEW
"BLADE AIR MOBILITY, INC.",BLDE
"BLADE AIR MOBILITY, INC.",BLDEW
BLAIZE,BZAIW
BLAIZE,BZAI
BLAIZE HOLDINGS INC,BZAI
BLAIZE HOLDINGS INC,BZAIW
"BLAIZE HOLDINGS,",BZAI
"BLAIZE HOLDINGS,",BZAIW
"BLAIZE HOLDINGS, INC.",BZAI
"BLAIZE HOLDINGS, INC.",BZAIW
BLEICHROEDER,BACQ
BLEICHROEDER,BACQR
BLEICHROEDER,BACQU
BLEICHROEDER ACQUISITION,BACQR
BLEICHROEDER ACQUISITION,BACQ
BLEICHROEDER ACQUISITION,BACQU
BLEICHROEDER ACQUISITION CORP I,BACQR
BLEICHROEDER ACQUISITION CORP I,BACQU
BLEICHROEDER ACQUISITION CORP I,BACQ
BLEICHROEDER ACQUISITION CORP. I,BACQ
BLEICHROEDER ACQUISITION CORP. I,BACQU
BLEICHROEDER ACQUISITION CORP. I,BACQR
BLEND,BLND
BLEND LABS INC,BLND
"BLEND LABS,",BLND
"BLEND LABS, INC.",BLND
BLINK,BLNK
BLINK CHARGING,BLNK
BLINK CHARGING CO,BLNK
BLINK CHARGING CO.,BLNK
BLOCK INC,BSQKZ
BLOCK INC,XYZ
"BLOCK,",XYZ
"BLOCK,",BSQKZ
"BLOCK, INC.",BSQKZ
"BLOCK, INC.",XYZ
BLOCKHOLD,BHLD
BLOCKHOLD CAPITAL,BHLD
BLOCKHOLD CAPITAL CORP,BHLD
BLONDER,BDRL
BLONDER TONGUE,BDRL
BLONDER TONGUE LABORATORIES,BDRL
BLONDER TONGUE LABORATORIES INC,BDRL
BLOOM,BE
BLOOM ENERGY,BE
BLOOM ENERGY CORP,BE
BLOOMIN BRANDS INC,BLMN
BLOOMIN',BLMN
"BLOOMIN' BRANDS,",BLMN
"BLOOMIN' BRANDS, INC.",BLMN
BLOOMZ,BLMZ
BLOOMZ INC,BLMZ
BLOOMZ INC.,BLMZ
BLUBUZZARD INC,BZRD
"BLUBUZZARD,",BZRD
"BLUBUZZARD, INC.",BZRD
BLUE,OWL
BLUE,BHAT
BLUE,BLUWU
BLUE,BGL
BLUE,BRBS
BLUE,OBDC
BLUE,BLUW
BLUE,BLPG
BLUE,BKUCF
BLUE,BMOOF
BLUE,BDCO
BLUE,OTF
BLUE,BACC
BLUE,BIOF
BLUE,BLFY
BLUE,BSFC
BLUE,BACCU
BLUE,BLBD
BLUE ACQUISITION,BACCU
BLUE ACQUISITION,BACC
BLUE ACQUISITION CORP/CAYMAN,BACC
BLUE ACQUISITION CORP/CAYMAN,BACCU
BLUE ACQUISITION CORPCAYMAN,BACC
BLUE ACQUISITION CORPCAYMAN,BACCU
BLUE BIOFUELS INC,BIOF
"BLUE BIOFUELS,",BIOF
"BLUE BIOFUELS, INC.",BIOF
BLUE BIRD,BLBD
BLUE BIRD CORP,BLBD
BLUE DOLPHIN,BDCO
BLUE DOLPHIN ENERGY,BDCO
BLUE DOLPHIN ENERGY CO,BDCO
BLUE FOUNDRY,BLFY
BLUE FOUNDRY BANCORP,BLFY
BLUE GOLD,BGL
BLUE GOLD LTD,BGL
BLUE HAT,BHAT
BLUE HAT INTERACTIVE ENTERTAINMENT TECHNOLOGY,BHAT
BLUE LINE,BLPG
BLUE LINE PROTECTION GROUP INC,BLPG
"BLUE LINE PROTECTION GROUP, INC.",BLPG
BLUE MOON,BMOOF
BLUE MOON METALS INC,BMOOF
BLUE MOON METALS INC.,BMOOF
BLUE OWL,OBDC
BLUE OWL,OWL
BLUE OWL,OTF
BLUE OWL CAPITAL,OBDC
BLUE OWL CAPITAL CORP,OBDC
BLUE OWL CAPITAL INC,OWL
BLUE OWL CAPITAL INC.,OWL
BLUE OWL TECHNOLOGY FINANCE CORP,OTF
BLUE OWL TECHNOLOGY FINANCE CORP.,OTF
BLUE RIDGE,BRBS
BLUE RIDGE BANKSHARES INC,BRBS
"BLUE RIDGE BANKSHARES, INC.",BRBS
BLUE SKY,BKUCF
BLUE SKY URANIUM CORP,BKUCF
BLUE SKY URANIUM CORP.,BKUCF
BLUE STAR,BSFC
BLUE STAR FOODS CORP,BSFC
BLUE STAR FOODS CORP.,BSFC
BLUE WATER,BLUWU
BLUE WATER,BLUW
BLUE WATER ACQUISITION CORP III,BLUWU
BLUE WATER ACQUISITION CORP III,BLUW
BLUE WATER ACQUISITION CORP. III,BLUWU
BLUE WATER ACQUISITION CORP. III,BLUW
BLUEJAY,BJDX
BLUEJAY DIAGNOSTICS INC,BJDX
"BLUEJAY DIAGNOSTICS,",BJDX
"BLUEJAY DIAGNOSTICS, INC.",BJDX
BLUELINX,BXC
BLUELINX HOLDINGS,BXC
BLUELINX HOLDINGS INC,BXC
BLUELINX HOLDINGS INC.,BXC
BLUEMOUNT,BMHL
BLUEMOUNT HOLDINGS,BMHL
BLUEMOUNT HOLDINGS LTD,BMHL
BLUEONE,BCRD
BLUEONE CARD INC,BCRD
"BLUEONE CARD,",BCRD
"BLUEONE CARD, INC.",BCRD
BLUEPRINT,BPMC
BLUEPRINT MEDICINES,BPMC
BLUEPRINT MEDICINES CORP,BPMC
BLUEROCK,BHM
BLUEROCK HOMES,BHM
BLUEROCK HOMES TRUST INC,BHM
"BLUEROCK HOMES TRUST, INC.",BHM
BLUM,BLMH
BLUM HOLDINGS INC,BLMH
"BLUM HOLDINGS,",BLMH
"BLUM HOLDINGS, INC.",BLMH
BLUSKY,BSAI
BLUSKY AI INC,BSAI
BLUSKY AI INC.,BSAI
BNP,BNPZY
BNP,BNPQY
BNP,BNPQF
BNP PARIBAS,BNPQF
BNP PARIBAS,BNPQY
BNP PARIBAS,BNPZY
BNY,DMF
BNY,LEO
BNY,DHF
BNY,XALCX
BNY,DMB
BNY,DSM
BNY MELLON,DSM
BNY MELLON,DMF
BNY MELLON,DHF
BNY MELLON,LEO
BNY MELLON,XALCX
BNY MELLON,DMB
"BNY MELLON ALCENTRA GLOBAL MULTI-STRATEGY CREDIT FUND, INC.",XALCX
BNY MELLON ALCENTRA GLOBAL MULTISTRATEGY CREDIT FUND INC,XALCX
BNY MELLON HIGH YIELD STRATEGIES FUND,DHF
BNY MELLON MUNICIPAL BOND INFRASTRUCTURE FUND INC,DMB
"BNY MELLON MUNICIPAL BOND INFRASTRUCTURE FUND, INC.",DMB
BNY MELLON MUNICIPAL INCOME INC,DMF
"BNY MELLON MUNICIPAL INCOME, INC.",DMF
BNY MELLON STRATEGIC MUNICIPAL BOND FUND INC,DSM
"BNY MELLON STRATEGIC MUNICIPAL BOND FUND, INC.",DSM
BNY MELLON STRATEGIC MUNICIPALS INC,LEO
"BNY MELLON STRATEGIC MUNICIPALS, INC.",LEO
BOEING,BA-PA
BOEING,BA
BOEING CO,BA-PA
BOEING CO,BA
BOGOTA,BSBK
BOGOTA FINANCIAL,BSBK
BOGOTA FINANCIAL CORP,BSBK
BOGOTA FINANCIAL CORP.,BSBK
BOISE,BCC
BOISE CASCADE,BCC
BOISE CASCADE CO,BCC
BOK,BOKF
BOK FINANCIAL,BOKF
BOK FINANCIAL CORP,BOKF
BOLD,BEAG
BOLD,BEAGU
BOLD,BEAGR
BOLD EAGLE,BEAGR
BOLD EAGLE,BEAG
BOLD EAGLE,BEAGU
BOLD EAGLE ACQUISITION CORP,BEAG
BOLD EAGLE ACQUISITION CORP,BEAGU
BOLD EAGLE ACQUISITION CORP,BEAGR
BOLD EAGLE ACQUISITION CORP.,BEAGR
BOLD EAGLE ACQUISITION CORP.,BEAGU
BOLD EAGLE ACQUISITION CORP.,BEAG
BOLT,BOLT
BOLT,BSLKW
BOLT,BSLK
BOLT BIOTHERAPEUTICS INC,BOLT
"BOLT BIOTHERAPEUTICS,",BOLT
"BOLT BIOTHERAPEUTICS, INC.",BOLT
BOLT PROJECTS,BSLK
BOLT PROJECTS,BSLKW
BOLT PROJECTS HOLDINGS INC,BSLK
BOLT PROJECTS HOLDINGS INC,BSLKW
"BOLT PROJECTS HOLDINGS, INC.",BSLKW
"BOLT PROJECTS HOLDINGS, INC.",BSLK
BON,BON
BON NATURAL,BON
BON NATURAL LIFE,BON
BON NATURAL LIFE LTD,BON
BONE,BBLG
BONE,BBLGW
BONE BIOLOGICS,BBLGW
BONE BIOLOGICS,BBLG
BONE BIOLOGICS CORP,BBLG
BONE BIOLOGICS CORP,BBLGW
BONSO,BNSOF
BONSO ELECTRONICS,BNSOF
BONSO ELECTRONICS INTERNATIONAL INC,BNSOF
BONTERRA,BONXF
BONTERRA RESOURCES,BONXF
BONTERRA RESOURCES INC,BONXF
BONTERRA RESOURCES INC.,BONXF
BONUS,BONS
BONUS BIOGROUP,BONS
BONUS BIOGROUP LTD,BONS
BONUS BIOGROUP LTD.,BONS
BOOKING,BKNG
BOOKING HOLDINGS,BKNG
BOOKING HOLDINGS INC,BKNG
BOOKING HOLDINGS INC.,BKNG
BOOT,BOOT
BOOT BARN,BOOT
BOOT BARN HOLDINGS INC,BOOT
"BOOT BARN HOLDINGS, INC.",BOOT
BOOZ,BAH
BOOZ ALLEN,BAH
BOOZ ALLEN HAMILTON HOLDING,BAH
BOOZ ALLEN HAMILTON HOLDING CORP,BAH
BOQII,BQ
BOQII HOLDING,BQ
BOQII HOLDING LTD,BQ
BOREALIS,BORMF
BOREALIS,BRLSW
BOREALIS,BRLS
BOREALIS FOODS,BRLSW
BOREALIS FOODS,BRLS
BOREALIS FOODS INC,BRLS
BOREALIS FOODS INC,BRLSW
BOREALIS FOODS INC.,BRLS
BOREALIS FOODS INC.,BRLSW
BOREALIS MINING,BORMF
BOREALIS MINING CO,BORMF
BOREALIS MINING CO LTD,BORMF
BORGWARNER,BWA
BORGWARNER INC,BWA
BORQS,BRQSF
BORQS TECHNOLOGIES INC,BRQSF
"BORQS TECHNOLOGIES,",BRQSF
"BORQS TECHNOLOGIES, INC.",BRQSF
BORR,BORR
BORR DRILLING,BORR
BORR DRILLING LTD,BORR
BOS,BOSC
BOS BETTER,BOSC
BOS BETTER ONLINE,BOSC
BOS BETTER ONLINE SOLUTIONS LTD,BOSC
BOSTON,BSX
BOSTON,BOC
BOSTON,SAM
BOSTON BEER,SAM
BOSTON BEER CO INC,SAM
BOSTON OMAHA,BOC
BOSTON OMAHA CORP,BOC
BOSTON SCIENTIFIC,BSX
BOSTON SCIENTIFIC CORP,BSX
BOUNDLESS,BOLD
BOUNDLESS BIO INC,BOLD
"BOUNDLESS BIO,",BOLD
"BOUNDLESS BIO, INC.",BOLD
BOWEN,BOWNU
BOWEN,BOWNR
BOWEN,BOWN
BOWEN ACQUISITION,BOWN
BOWEN ACQUISITION,BOWNU
BOWEN ACQUISITION,BOWNR
BOWEN ACQUISITION CORP,BOWN
BOWEN ACQUISITION CORP,BOWNU
BOWEN ACQUISITION CORP,BOWNR
BOWHEAD,BOW
BOWHEAD SPECIALTY,BOW
BOWHEAD SPECIALTY HOLDINGS INC,BOW
BOWHEAD SPECIALTY HOLDINGS INC.,BOW
BOWMAN,BWMN
BOWMAN CONSULTING,BWMN
BOWMAN CONSULTING GROUP LTD,BWMN
BOWMAN CONSULTING GROUP LTD.,BWMN
BOX,BOX
BOX,BXNCP
BOX INC,BXNCP
BOX INC,BOX
BOXER,BXRLY
BOXER RETAIL,BXRLY
BOXER RETAIL LIMITED/ADR,BXRLY
BOXER RETAIL LIMITEDADR,BXRLY
BOXLIGHT,BOXL
BOXLIGHT CORP,BOXL
BOYD,BYD
BOYD GAMING,BYD
BOYD GAMING CORP,BYD
BP,BPAQF
BP,BP
BP PLC,BP
BP PLC,BPAQF
BP PRUDHOE BAY ROYALTY TRUST,BPT
BRADY,BRC
BRADY CORP,BRC
BRAEMAR,BHR
BRAEMAR HOTELS,BHR
BRAEMAR HOTELS  RESORTS INC,BHR
BRAEMAR HOTELS & RESORTS INC.,BHR
BRAG,TBH
BRAG HOUSE,TBH
BRAG HOUSE HOLDINGS INC,TBH
"BRAG HOUSE HOLDINGS, INC.",TBH
BRAGG,BRAG
BRAGG GAMING,BRAG
BRAGG GAMING GROUP INC,BRAG
BRAGG GAMING GROUP INC.,BRAG
BRAINSTORM,BCLI
BRAINSTORM CELL,BCLI
BRAINSTORM CELL THERAPEUTICS INC,BCLI
BRAINSTORM CELL THERAPEUTICS INC.,BCLI
BRAINSWAY,BRSYF
BRAINSWAY,BWAY
BRAINSWAY LTD,BRSYF
BRAINSWAY LTD,BWAY
BRAINSWAY LTD.,BWAY
BRAINSWAY LTD.,BRSYF
BRANCHOUT,BOF
BRANCHOUT FOOD,BOF
BRANCHOUT FOOD INC,BOF
BRANCHOUT FOOD INC.,BOF
BRAND,BNAIW
BRAND,BNAI
BRAND ENGAGEMENT,BNAI
BRAND ENGAGEMENT,BNAIW
BRAND ENGAGEMENT NETWORK INC,BNAIW
BRAND ENGAGEMENT NETWORK INC,BNAI
BRAND ENGAGEMENT NETWORK INC.,BNAI
BRAND ENGAGEMENT NETWORK INC.,BNAIW
BRANDYWINE,BDN
BRANDYWINE REALTY,BDN
BRANDYWINE REALTY TRUST,BDN
BRANDYWINEGLOBAL-GLOBAL,BWG
BRANDYWINEGLOBAL-GLOBAL INCOME,BWG
BRANDYWINEGLOBAL-GLOBAL INCOME OPPORTUNITIES FUND INC,BWG
BRANDYWINEGLOBALGLOBAL INCOME OPPORTUNITIES FUND,BWG
BRASILAGRO,LND
BRASILAGRO  BRAZILIAN AGRICULTURAL,LND
BRASILAGRO - BRAZILIAN AGRICULTURAL REAL ESTATE CO,LND
BRASKEM,BAK
BRASKEM SA,BAK
BRAVADA,BGAVF
BRAVADA GOLD,BGAVF
BRAVADA GOLD CORP,BGAVF
BRAVO,BRVO
BRAVO,BRVMF
BRAVO MINING,BRVMF
BRAVO MINING CORP,BRVMF
BRAVO MINING CORP.,BRVMF
BRAVO MULTINATIONAL,BRVO
BRAVO MULTINATIONAL INC,BRVO
BRAVO MULTINATIONAL INC.,BRVO
BRAXIA,BRAXF
BRAXIA SCIENTIFIC,BRAXF
BRAXIA SCIENTIFIC CORP,BRAXF
BRAXIA SCIENTIFIC CORP.,BRAXF
BRAZE INC,BRZE
"BRAZE,",BRZE
"BRAZE, INC.",BRZE
BRAZIL,GRO
BRAZIL POTASH,GRO
BRAZIL POTASH CORP,GRO
BRAZIL POTASH CORP.,GRO
BRAZILIAN,EBR
BRAZILIAN,BRELY
BRAZILIAN,BRETF
BRAZILIAN,CBDBY
BRAZILIAN,EBR-B
BRAZILIAN DISTRIBUTION,CBDBY
BRAZILIAN DISTRIBUTION CO COMPANHIA BRASILEIRA DE DISTR CBD,CBDBY
BRAZILIAN ELECTRIC,EBR-B
BRAZILIAN ELECTRIC,EBR
BRAZILIAN ELECTRIC POWER,EBR
BRAZILIAN ELECTRIC POWER,EBR-B
BRAZILIAN ELECTRIC POWER CO,EBR
BRAZILIAN ELECTRIC POWER CO,EBR-B
BRAZILIAN RARE,BRELY
BRAZILIAN RARE,BRETF
BRAZILIAN RARE EARTHS LIMITED/ADR,BRELY
BRAZILIAN RARE EARTHS LIMITED/ADR,BRETF
BRAZILIAN RARE EARTHS LIMITEDADR,BRELY
BRAZILIAN RARE EARTHS LIMITEDADR,BRETF
BRC,BRCC
BRC INC,BRCC
BRC INC.,BRCC
BREAD,BFH
BREAD FINANCIAL,BFH
BREAD FINANCIAL HOLDINGS INC,BFH
"BREAD FINANCIAL HOLDINGS, INC.",BFH
BREEZE,BRZH
BREEZE,BRZHW
BREEZE,BRZHR
BREEZE HOLDINGS,BRZHW
BREEZE HOLDINGS,BRZH
BREEZE HOLDINGS,BRZHR
BREEZE HOLDINGS ACQUISITION CORP,BRZHR
BREEZE HOLDINGS ACQUISITION CORP,BRZH
BREEZE HOLDINGS ACQUISITION CORP,BRZHW
BREEZE HOLDINGS ACQUISITION CORP.,BRZHR
BREEZE HOLDINGS ACQUISITION CORP.,BRZH
BREEZE HOLDINGS ACQUISITION CORP.,BRZHW
BRENMILLER,BNRG
BRENMILLER ENERGY,BNRG
BRENMILLER ENERGY LTD,BNRG
BRENMILLER ENERGY LTD.,BNRG
BRERA,BREA
BRERA HOLDINGS,BREA
BRERA HOLDINGS PLC,BREA
BRF,BRFS
BRF S.A.,BRFS
BRF SA,BRFS
BRIACELL,BCTXW
BRIACELL,BCTX
BRIACELL,BCTXZ
BRIACELL THERAPEUTICS,BCTXZ
BRIACELL THERAPEUTICS,BCTX
BRIACELL THERAPEUTICS,BCTXW
BRIACELL THERAPEUTICS CORP,BCTXW
BRIACELL THERAPEUTICS CORP,BCTXZ
BRIACELL THERAPEUTICS CORP,BCTX
BRIACELL THERAPEUTICS CORP.,BCTXZ
BRIACELL THERAPEUTICS CORP.,BCTX
BRIACELL THERAPEUTICS CORP.,BCTXW
BRIDGE,BRDG
BRIDGE INVESTMENT,BRDG
BRIDGE INVESTMENT GROUP HOLDINGS INC,BRDG
BRIDGE INVESTMENT GROUP HOLDINGS INC.,BRDG
BRIDGEBIO,BBIO
BRIDGEBIO PHARMA INC,BBIO
"BRIDGEBIO PHARMA,",BBIO
"BRIDGEBIO PHARMA, INC.",BBIO
BRIDGELINE,BLIN
BRIDGELINE DIGITAL INC,BLIN
"BRIDGELINE DIGITAL,",BLIN
"BRIDGELINE DIGITAL, INC.",BLIN
BRIDGER,BAER
BRIDGER,BAERW
BRIDGER AEROSPACE,BAER
BRIDGER AEROSPACE,BAERW
BRIDGER AEROSPACE GROUP HOLDINGS INC,BAER
BRIDGER AEROSPACE GROUP HOLDINGS INC,BAERW
"BRIDGER AEROSPACE GROUP HOLDINGS, INC.",BAER
"BRIDGER AEROSPACE GROUP HOLDINGS, INC.",BAERW
BRIDGEWATER,BWBBP
BRIDGEWATER,BWB
BRIDGEWATER BANCSHARES,BWB
BRIDGEWATER BANCSHARES,BWBBP
BRIDGEWATER BANCSHARES INC,BWB
BRIDGEWATER BANCSHARES INC,BWBBP
BRIDGFORD,BRID
BRIDGFORD FOODS,BRID
BRIDGFORD FOODS CORP,BRID
BRIGHT,BEDU
BRIGHT,BGXXQ
BRIGHT,BMTM
BRIGHT,BFAM
BRIGHT,DRUG
BRIGHT GREEN,BGXXQ
BRIGHT GREEN CORP,BGXXQ
BRIGHT HORIZONS,BFAM
BRIGHT HORIZONS FAMILY SOLUTIONS INC,BFAM
BRIGHT HORIZONS FAMILY SOLUTIONS INC.,BFAM
BRIGHT MINDS,DRUG
BRIGHT MINDS BIOSCIENCES INC,DRUG
BRIGHT MINDS BIOSCIENCES INC.,DRUG
BRIGHT MOUNTAIN,BMTM
BRIGHT MOUNTAIN MEDIA INC,BMTM
"BRIGHT MOUNTAIN MEDIA, INC.",BMTM
BRIGHT SCHOLAR,BEDU
BRIGHT SCHOLAR EDUCATION,BEDU
BRIGHT SCHOLAR EDUCATION HOLDINGS LTD,BEDU
BRIGHTHOUSE,BHFAN
BRIGHTHOUSE,BHFAM
BRIGHTHOUSE,BHFAL
BRIGHTHOUSE,BHFAO
BRIGHTHOUSE,BHF
BRIGHTHOUSE,BHFAP
BRIGHTHOUSE FINANCIAL INC,BHFAN
BRIGHTHOUSE FINANCIAL INC,BHFAO
BRIGHTHOUSE FINANCIAL INC,BHFAM
BRIGHTHOUSE FINANCIAL INC,BHFAP
BRIGHTHOUSE FINANCIAL INC,BHF
BRIGHTHOUSE FINANCIAL INC,BHFAL
"BRIGHTHOUSE FINANCIAL,",BHFAM
"BRIGHTHOUSE FINANCIAL,",BHFAP
"BRIGHTHOUSE FINANCIAL,",BHF
"BRIGHTHOUSE FINANCIAL,",BHFAN
"BRIGHTHOUSE FINANCIAL,",BHFAL
"BRIGHTHOUSE FINANCIAL,",BHFAO
"BRIGHTHOUSE FINANCIAL, INC.",BHFAN
"BRIGHTHOUSE FINANCIAL, INC.",BHFAO
"BRIGHTHOUSE FINANCIAL, INC.",BHFAP
"BRIGHTHOUSE FINANCIAL, INC.",BHFAL
"BRIGHTHOUSE FINANCIAL, INC.",BHF
"BRIGHTHOUSE FINANCIAL, INC.",BHFAM
BRIGHTROCK,BRGC
BRIGHTROCK GOLD,BRGC
BRIGHTROCK GOLD CORP,BRGC
BRIGHTSPIRE,BRSP
BRIGHTSPIRE CAPITAL INC,BRSP
"BRIGHTSPIRE CAPITAL,",BRSP
"BRIGHTSPIRE CAPITAL, INC.",BRSP
BRIGHTSPRING,BTSGU
BRIGHTSPRING,BTSG
BRIGHTSPRING HEALTH,BTSGU
BRIGHTSPRING HEALTH,BTSG
BRIGHTSPRING HEALTH SERVICES INC,BTSGU
BRIGHTSPRING HEALTH SERVICES INC,BTSG
"BRIGHTSPRING HEALTH SERVICES, INC.",BTSGU
"BRIGHTSPRING HEALTH SERVICES, INC.",BTSG
BRIGHTVIEW,BV
BRIGHTVIEW HOLDINGS INC,BV
"BRIGHTVIEW HOLDINGS,",BV
"BRIGHTVIEW HOLDINGS, INC.",BV
BRILLIA,BRIA
BRILLIA INC,BRIA
BRILLIANT,BRLT
BRILLIANT EARTH,BRLT
BRILLIANT EARTH GROUP INC,BRLT
"BRILLIANT EARTH GROUP, INC.",BRLT
BRINKER,EAT
BRINKER INTERNATIONAL,EAT
"BRINKER INTERNATIONAL,",EAT
"BRINKER INTERNATIONAL, INC",EAT
BRINKS,BCO
BRINKS CO,BCO
BRISTOL,BMY
BRISTOL,BMYMP
BRISTOL MYERS,BMYMP
BRISTOL MYERS,BMY
BRISTOL MYERS SQUIBB,BMYMP
BRISTOL MYERS SQUIBB,BMY
BRISTOL MYERS SQUIBB CO,BMYMP
BRISTOL MYERS SQUIBB CO,BMY
BRISTOW,VTOL
BRISTOW GROUP,VTOL
BRISTOW GROUP INC,VTOL
BRISTOW GROUP INC.,VTOL
BRITISH,BTAFF
BRITISH,BTI
BRITISH AMERICAN,BTI
BRITISH AMERICAN,BTAFF
BRITISH AMERICAN TOBACCO P.L.C.,BTI
BRITISH AMERICAN TOBACCO P.L.C.,BTAFF
BRITISH AMERICAN TOBACCO PLC,BTAFF
BRITISH AMERICAN TOBACCO PLC,BTI
BRIXMOR,BRX
BRIXMOR PROPERTY,BRX
BRIXMOR PROPERTY GROUP INC,BRX
BRIXMOR PROPERTY GROUP INC.,BRX
BRIXTON,BBBXF
BRIXTON METALS,BBBXF
BRIXTON METALS CORP,BBBXF
BROAD,BRST
BROAD STREET,BRST
BROAD STREET REALTY INC,BRST
"BROAD STREET REALTY, INC.",BRST
BROADCOM,AVGO
BROADCOM INC,AVGO
BROADCOM INC.,AVGO
BROADRIDGE,BR
BROADRIDGE FINANCIAL,BR
BROADRIDGE FINANCIAL SOLUTIONS INC,BR
"BROADRIDGE FINANCIAL SOLUTIONS, INC.",BR
BROADSTONE,BNL
BROADSTONE NET,BNL
BROADSTONE NET LEASE INC,BNL
"BROADSTONE NET LEASE, INC.",BNL
BROADWAY,BYFC
BROADWAY FINANCIAL,BYFC
BROADWAY FINANCIAL CORP DE,BYFC
BROADWIND INC,BWEN
"BROADWIND,",BWEN
"BROADWIND, INC.",BWEN
BROOGE,BROG
BROOGE,BROGF
BROOGE ENERGY,BROGF
BROOGE ENERGY,BROG
BROOGE ENERGY LTD,BROG
BROOGE ENERGY LTD,BROGF
BROOKDALE,BKD
BROOKDALE SENIOR,BKD
BROOKDALE SENIOR LIVING INC,BKD
BROOKDALE SENIOR LIVING INC.,BKD
BROOKFIELD,BRCFF
BROOKFIELD,BKPA
BROOKFIELD,BKFAF
BROOKFIELD,BRENF
BROOKFIELD,BPYPP
BROOKFIELD,DTLAP
BROOKFIELD,BXDIF
BROOKFIELD,BKFDF
BROOKFIELD,BRPSF
BROOKFIELD,BEPJ
BROOKFIELD,BRIPF
BROOKFIELD,BKFPF
BROOKFIELD,BEPI
BROOKFIELD,BKFOF
BROOKFIELD,BNH
BROOKFIELD,BKFSF
BROOKFIELD,BEPC
BROOKFIELD,BEP
BROOKFIELD,BIPJ
BROOKFIELD,BBU
BROOKFIELD,BAMKF
BROOKFIELD,BIPH
BROOKFIELD,BROXF
BROOKFIELD,BBUC
BROOKFIELD,BIPC
BROOKFIELD,BIPI
BROOKFIELD,BEPH
BROOKFIELD,BIP
BROOKFIELD,BPYPN
BROOKFIELD,RA
BROOKFIELD,BNJ
BROOKFIELD,BKAMF
BROOKFIELD,BAM
BROOKFIELD,BPYPO
BROOKFIELD,BNT
BROOKFIELD,BPYPM
BROOKFIELD,BAMGF
BROOKFIELD,BN
BROOKFIELD ASSET,BAM
BROOKFIELD ASSET MANAGEMENT LTD,BAM
BROOKFIELD ASSET MANAGEMENT LTD.,BAM
BROOKFIELD BUSINESS,BBU
BROOKFIELD BUSINESS,BBUC
BROOKFIELD BUSINESS CORP,BBUC
BROOKFIELD BUSINESS PARTNERS,BBU
BROOKFIELD BUSINESS PARTNERS L.P.,BBU
BROOKFIELD CORP,BKFOF
BROOKFIELD CORP,BKFSF
BROOKFIELD CORP,BAMKF
BROOKFIELD CORP,BNH
BROOKFIELD CORP,BKFDF
BROOKFIELD CORP,BROXF
BROOKFIELD CORP,BKFPF
BROOKFIELD CORP,BAMGF
BROOKFIELD CORP,BRCFF
BROOKFIELD CORP,BKAMF
BROOKFIELD CORP,BXDIF
BROOKFIELD CORP,BKFAF
BROOKFIELD CORP,BKPA
BROOKFIELD CORP,BRPSF
BROOKFIELD CORP,BNJ
BROOKFIELD CORP,BN
BROOKFIELD CORP /ON/,BKFAF
BROOKFIELD CORP /ON/,BKFOF
BROOKFIELD CORP /ON/,BKPA
BROOKFIELD CORP /ON/,BRCFF
BROOKFIELD CORP /ON/,BNJ
BROOKFIELD CORP /ON/,BKAMF
BROOKFIELD CORP /ON/,BRPSF
BROOKFIELD CORP /ON/,BKFDF
BROOKFIELD CORP /ON/,BNH
BROOKFIELD CORP /ON/,BKFSF
BROOKFIELD CORP /ON/,BN
BROOKFIELD CORP /ON/,BAMGF
BROOKFIELD CORP /ON/,BKFPF
BROOKFIELD CORP /ON/,BROXF
BROOKFIELD CORP /ON/,BAMKF
BROOKFIELD CORP /ON/,BXDIF
BROOKFIELD CORP ON,BRPSF
BROOKFIELD CORP ON,BROXF
BROOKFIELD CORP ON,BAMKF
BROOKFIELD CORP ON,BN
BROOKFIELD CORP ON,BKFOF
BROOKFIELD CORP ON,BKFSF
BROOKFIELD CORP ON,BNJ
BROOKFIELD CORP ON,BKAMF
BROOKFIELD CORP ON,BKPA
BROOKFIELD CORP ON,BXDIF
BROOKFIELD CORP ON,BKFDF
BROOKFIELD CORP ON,BKFPF
BROOKFIELD CORP ON,BAMGF
BROOKFIELD CORP ON,BRCFF
BROOKFIELD CORP ON,BKFAF
BROOKFIELD CORP ON,BNH
BROOKFIELD DTLA,DTLAP
BROOKFIELD DTLA FUND OFFICE TRUST INVESTOR INC,DTLAP
BROOKFIELD DTLA FUND OFFICE TRUST INVESTOR INC.,DTLAP
BROOKFIELD INFRASTRUCTURE,BIPC
BROOKFIELD INFRASTRUCTURE,BIPJ
BROOKFIELD INFRASTRUCTURE,BRIPF
BROOKFIELD INFRASTRUCTURE,BIPI
BROOKFIELD INFRASTRUCTURE,BIPH
BROOKFIELD INFRASTRUCTURE,BIP
BROOKFIELD INFRASTRUCTURE CORP,BIPC
BROOKFIELD INFRASTRUCTURE PARTNERS,BIPJ
BROOKFIELD INFRASTRUCTURE PARTNERS,BRIPF
BROOKFIELD INFRASTRUCTURE PARTNERS,BIPH
BROOKFIELD INFRASTRUCTURE PARTNERS,BIP
BROOKFIELD INFRASTRUCTURE PARTNERS,BIPI
BROOKFIELD INFRASTRUCTURE PARTNERS L.P.,BIPJ
BROOKFIELD INFRASTRUCTURE PARTNERS L.P.,BRIPF
BROOKFIELD INFRASTRUCTURE PARTNERS L.P.,BIPH
BROOKFIELD INFRASTRUCTURE PARTNERS L.P.,BIP
BROOKFIELD INFRASTRUCTURE PARTNERS L.P.,BIPI
BROOKFIELD PROPERTY,BPYPN
BROOKFIELD PROPERTY,BPYPO
BROOKFIELD PROPERTY,BPYPM
BROOKFIELD PROPERTY,BPYPP
BROOKFIELD PROPERTY PARTNERS,BPYPP
BROOKFIELD PROPERTY PARTNERS,BPYPO
BROOKFIELD PROPERTY PARTNERS,BPYPN
BROOKFIELD PROPERTY PARTNERS,BPYPM
BROOKFIELD PROPERTY PARTNERS L.P.,BPYPO
BROOKFIELD PROPERTY PARTNERS L.P.,BPYPN
BROOKFIELD PROPERTY PARTNERS L.P.,BPYPP
BROOKFIELD PROPERTY PARTNERS L.P.,BPYPM
BROOKFIELD REAL,RA
BROOKFIELD REAL ASSETS INCOME FUND INC,RA
BROOKFIELD REAL ASSETS INCOME FUND INC.,RA
BROOKFIELD RENEWABLE,BEPI
BROOKFIELD RENEWABLE,BEPJ
BROOKFIELD RENEWABLE,BEP
BROOKFIELD RENEWABLE,BEPH
BROOKFIELD RENEWABLE,BEPC
BROOKFIELD RENEWABLE,BRENF
BROOKFIELD RENEWABLE CORP,BEPC
BROOKFIELD RENEWABLE PARTNERS,BEPI
BROOKFIELD RENEWABLE PARTNERS,BEPH
BROOKFIELD RENEWABLE PARTNERS,BRENF
BROOKFIELD RENEWABLE PARTNERS,BEPJ
BROOKFIELD RENEWABLE PARTNERS,BEP
BROOKFIELD RENEWABLE PARTNERS L.P.,BRENF
BROOKFIELD RENEWABLE PARTNERS L.P.,BEPJ
BROOKFIELD RENEWABLE PARTNERS L.P.,BEP
BROOKFIELD RENEWABLE PARTNERS L.P.,BEPH
BROOKFIELD RENEWABLE PARTNERS L.P.,BEPI
BROOKFIELD WEALTH,BNT
BROOKFIELD WEALTH SOLUTIONS LTD,BNT
BROOKFIELD WEALTH SOLUTIONS LTD.,BNT
BROOKLINE,BRKL
BROOKLINE BANCORP,BRKL
BROOKLINE BANCORP INC,BRKL
BROOKMOUNT,BMXI
BROOKMOUNT EXPLORATIONS,BMXI
BROOKMOUNT EXPLORATIONS INC,BMXI
BROOQLY INC,BRQL
"BROOQLY,",BRQL
"BROOQLY, INC.",BRQL
BROWN,BRO
BROWN,BF-A
BROWN,BF-B
BROWN  BROWN INC,BRO
"BROWN & BROWN, INC.",BRO
BROWN FORMAN,BF-A
BROWN FORMAN,BF-B
BROWN FORMAN CORP,BF-A
BROWN FORMAN CORP,BF-B
BRP,DOOO
BRP INC,DOOO
BRP INC.,DOOO
BRT,BRT
BRT APARTMENTS,BRT
BRT APARTMENTS CORP,BRT
BRT APARTMENTS CORP.,BRT
BRUKER,BRKR
BRUKER CORP,BRKR
BRUNELLO,BCUCF
BRUNELLO CUCINELLI,BCUCF
BRUNELLO CUCINELLI S.P.A./ADR,BCUCF
BRUNELLO CUCINELLI SPAADR,BCUCF
BRUNSWICK,BC-PC
BRUNSWICK,BC
BRUNSWICK,BC-PA
BRUNSWICK CORP,BC
BRUNSWICK CORP,BC-PC
BRUNSWICK CORP,BC-PA
BT BRANDS INC,BTBDW
BT BRANDS INC,BTBD
"BT BRANDS, INC.",BTBDW
"BT BRANDS, INC.",BTBD
BTC,BTCT
BTC DIGITAL,BTCT
BTC DIGITAL LTD,BTCT
BTC DIGITAL LTD.,BTCT
BTCS,BTCS
BTCS INC,BTCS
BTCS INC.,BTCS
BTS,BTGRF
BTS,BTLWF
BTS GROUP,BTGRF
BTS GROUP,BTLWF
BTS GROUP HOLDINGS PUBLIC CO LIMITED/ADR,BTGRF
BTS GROUP HOLDINGS PUBLIC CO LIMITED/ADR,BTLWF
BTS GROUP HOLDINGS PUBLIC CO LIMITEDADR,BTGRF
BTS GROUP HOLDINGS PUBLIC CO LIMITEDADR,BTLWF
BUBBLR,BBLR
BUBBLR INC,BBLR
BUBBLR INC.,BBLR
BUCKLE,BKE
BUCKLE INC,BKE
BUENAVENTURA,BVN
BUENAVENTURA MINING,BVN
BUENAVENTURA MINING CO INC,BVN
BUILD-A-BEAR,BBW
BUILD-A-BEAR WORKSHOP,BBW
BUILD-A-BEAR WORKSHOP INC,BBW
BUILDABEAR WORKSHOP,BBW
BUILDABLOCK,NFTM
BUILDABLOCK CORP,NFTM
BUILDABLOCK CORP.,NFTM
BUILDERS,BLDR
BUILDERS FIRSTSOURCE INC,BLDR
"BUILDERS FIRSTSOURCE,",BLDR
"BUILDERS FIRSTSOURCE, INC.",BLDR
BULLFROG,BFRGW
BULLFROG,BFRG
BULLFROG AI HOLDINGS INC,BFRGW
BULLFROG AI HOLDINGS INC,BFRG
"BULLFROG AI HOLDINGS, INC.",BFRG
"BULLFROG AI HOLDINGS, INC.",BFRGW
BUMBLE,BMBL
BUMBLE INC,BMBL
BUMBLE INC.,BMBL
BUMRUNGRAD,BUHPY
BUMRUNGRAD,BUHPF
BUMRUNGRAD,BUGDF
BUMRUNGRAD HOSPITAL,BUHPF
BUMRUNGRAD HOSPITAL,BUHPY
BUMRUNGRAD HOSPITAL,BUGDF
BUMRUNGRAD HOSPITAL PUBLIC CO LIMITED/ADR,BUGDF
BUMRUNGRAD HOSPITAL PUBLIC CO LIMITED/ADR,BUHPF
BUMRUNGRAD HOSPITAL PUBLIC CO LIMITED/ADR,BUHPY
BUMRUNGRAD HOSPITAL PUBLIC CO LIMITEDADR,BUHPY
BUMRUNGRAD HOSPITAL PUBLIC CO LIMITEDADR,BUHPF
BUMRUNGRAD HOSPITAL PUBLIC CO LIMITEDADR,BUGDF
BUNGE,BG
BUNGE GLOBAL,BG
BUNGE GLOBAL SA,BG
BUNKER,BHLL
BUNKER HILL,BHLL
BUNKER HILL MINING CORP,BHLL
BUNKER HILL MINING CORP.,BHLL
BUNZL,BZLFY
BUNZL,BZLFF
BUNZL PLC,BZLFY
BUNZL PLC,BZLFF
BURCON,BRCND
BURCON NUTRASCIENCE,BRCND
BURCON NUTRASCIENCE CORP,BRCND
BURFORD,BUR
BURFORD CAPITAL,BUR
BURFORD CAPITAL LTD,BUR
BURKE,BHRB
BURKE  HERBERT FINANCIAL SERVICES CORP,BHRB
BURKE & HERBERT FINANCIAL SERVICES CORP.,BHRB
BURLINGTON,BURL
BURLINGTON STORES INC,BURL
"BURLINGTON STORES,",BURL
"BURLINGTON STORES, INC.",BURL
BURNING,BNR
BURNING ROCK,BNR
BURNING ROCK BIOTECH,BNR
BURNING ROCK BIOTECH LTD,BNR
BURZYNSKI,BZYR
BURZYNSKI RESEARCH,BZYR
BURZYNSKI RESEARCH INSTITUTE,BZYR
BURZYNSKI RESEARCH INSTITUTE INC,BZYR
BUSINESS,BFST
BUSINESS FIRST,BFST
BUSINESS FIRST BANCSHARES INC,BFST
"BUSINESS FIRST BANCSHARES, INC.",BFST
BUTLER,BUKS
BUTLER NATIONAL,BUKS
BUTLER NATIONAL CORP,BUKS
BUTTERFLY,BFLY
BUTTERFLY NETWORK INC,BFLY
"BUTTERFLY NETWORK,",BFLY
"BUTTERFLY NETWORK, INC.",BFLY
BUUU,BUUU
BUUU GROUP,BUUU
BUUU GROUP LTD,BUUU
BUZZFEED INC,BZFDW
BUZZFEED INC,BZFD
"BUZZFEED,",BZFDW
"BUZZFEED,",BZFD
"BUZZFEED, INC.",BZFDW
"BUZZFEED, INC.",BZFD
BV FINANCIAL INC,BVFL
"BV FINANCIAL, INC.",BVFL
BW LPG,BWLP
BW LPG LTD,BWLP
BWX,BWXT
BWX TECHNOLOGIES INC,BWXT
"BWX TECHNOLOGIES,",BWXT
"BWX TECHNOLOGIES, INC.",BWXT
BXP INC,BXP
"BXP,",BXP
"BXP, INC.",BXP
BYD,BYDIF
BYD,BYDDF
BYD CO,BYDDF
BYD CO LTD,BYDDF
BYD ELECTRONIC,BYDIF
BYD ELECTRONIC (INTERNATIONAL) CO LTD,BYDIF
BYD ELECTRONIC INTERNATIONAL CO,BYDIF
BYLINE,BY
BYLINE BANCORP INC,BY
"BYLINE BANCORP,",BY
"BYLINE BANCORP, INC.",BY
BYNORDIC,BYNOW
BYNORDIC,BYNOU
BYNORDIC,BYNO
BYNORDIC ACQUISITION,BYNO
BYNORDIC ACQUISITION,BYNOW
BYNORDIC ACQUISITION,BYNOU
BYNORDIC ACQUISITION CORP,BYNOU
BYNORDIC ACQUISITION CORP,BYNO
BYNORDIC ACQUISITION CORP,BYNOW
BYRN INC,BRRN
"BYRN,",BRRN
"BYRN, INC.",BRRN
BYRNA,BYRN
BYRNA TECHNOLOGIES,BYRN
BYRNA TECHNOLOGIES INC,BYRN
BYRNA TECHNOLOGIES INC.,BYRN
C  F,CFFI
C & F FINANCIAL CORP,CFFI
C H ROBINSON WORLDWIDE INC,CHRW
C-BOND,CBNT
"C-BOND SYSTEMS,",CBNT
"C-BOND SYSTEMS, INC",CBNT
"C. H. ROBINSON WORLDWIDE, INC.",CHRW
C1 FUND INC,CFND
C1 FUND INC.,CFND
"C2 BLOCKCHAIN,INC.",CBLO
C2 BLOCKCHAININC,CBLO
C21,CXXIF
C21,CWLXF
C21 INVESTMENTS,CXXIF
C21 INVESTMENTS,CWLXF
C21 INVESTMENTS INC,CWLXF
C21 INVESTMENTS INC,CXXIF
C21 INVESTMENTS INC.,CWLXF
C21 INVESTMENTS INC.,CXXIF
C3 METALS INC,CUAUF
C3 METALS INC.,CUAUF
"C3.AI,",AI
"C3.AI, INC.",AI
C3AI INC,AI
C3IS,CISS
C3IS INC,CISS
C3IS INC.,CISS
C4 THERAPEUTICS INC,CCCC
"C4 THERAPEUTICS, INC.",CCCC
CABALETTA,CABA
CABALETTA BIO INC,CABA
"CABALETTA BIO,",CABA
"CABALETTA BIO, INC.",CABA
CABLE,CABO
CABLE ONE INC,CABO
"CABLE ONE,",CABO
"CABLE ONE, INC.",CABO
CABO,VYRE
CABO VERDE,VYRE
CABO VERDE CAPITAL INC,VYRE
CABO VERDE CAPITAL INC.,VYRE
CABOT,CBT
CABOT CORP,CBT
CACI,CACI
CACI INTERNATIONAL,CACI
CACI INTERNATIONAL INC /DE/,CACI
CACI INTERNATIONAL INC DE,CACI
CACTUS,CCTSF
CACTUS ACQUISITION,CCTSF
CACTUS ACQUISITION CORP 1,CCTSF
CACTUS ACQUISITION CORP. 1 LTD,CCTSF
CACTUS INC,WHD
"CACTUS,",WHD
"CACTUS, INC.",WHD
CADELER,CDLR
CADELER A/S,CDLR
CADELER AS,CDLR
CADENCE,CADE
CADENCE,CDNS
CADENCE BANK,CADE
CADENCE DESIGN,CDNS
CADENCE DESIGN SYSTEMS INC,CDNS
CADIZ,CDZI
CADIZ,CDZIP
CADIZ INC,CDZIP
CADIZ INC,CDZI
CADRE,CDRE
CADRE HOLDINGS INC,CDRE
"CADRE HOLDINGS,",CDRE
"CADRE HOLDINGS, INC.",CDRE
CADRENAL,CVKD
CADRENAL THERAPEUTICS INC,CVKD
"CADRENAL THERAPEUTICS,",CVKD
"CADRENAL THERAPEUTICS, INC.",CVKD
CAE,CAE
CAE INC,CAE
CAESARS,CZR
CAESARS ENTERTAINMENT INC,CZR
"CAESARS ENTERTAINMENT,",CZR
"CAESARS ENTERTAINMENT, INC.",CZR
CAESARSTONE,CSTE
CAESARSTONE LTD,CSTE
CAESARSTONE LTD.,CSTE
CAIXABANK/ADR,CIXPF
CAIXABANKADR,CIXPF
CAL,CRAQU
CAL,CRAQR
CAL,CRA
CAL REDWOOD,CRAQR
CAL REDWOOD,CRA
CAL REDWOOD,CRAQU
CAL REDWOOD ACQUISITION CORP,CRAQR
CAL REDWOOD ACQUISITION CORP,CRA
CAL REDWOOD ACQUISITION CORP,CRAQU
CAL REDWOOD ACQUISITION CORP.,CRA
CAL REDWOOD ACQUISITION CORP.,CRAQR
CAL REDWOOD ACQUISITION CORP.,CRAQU
CAL-MAINE,CALM
CAL-MAINE FOODS,CALM
CAL-MAINE FOODS INC,CALM
CALAMOS,CHY
CALAMOS,CPZ
CALAMOS,CHW
CALAMOS,CCD
CALAMOS,CSQ
CALAMOS,CGO
CALAMOS,CHI
CALAMOS CONVERTIBLE,CHY
CALAMOS CONVERTIBLE,CHI
CALAMOS CONVERTIBLE  HIGH INCOME FUND,CHY
CALAMOS CONVERTIBLE & HIGH INCOME FUND,CHY
CALAMOS CONVERTIBLE OPPORTUNITIES  INCOME FUND,CHI
CALAMOS CONVERTIBLE OPPORTUNITIES & INCOME FUND,CHI
CALAMOS DYNAMIC,CCD
CALAMOS DYNAMIC CONVERTIBLE  INCOME FUND,CCD
CALAMOS DYNAMIC CONVERTIBLE & INCOME FUND,CCD
CALAMOS GLOBAL,CHW
CALAMOS GLOBAL,CGO
CALAMOS GLOBAL DYNAMIC INCOME FUND,CHW
CALAMOS GLOBAL TOTAL RETURN FUND,CGO
CALAMOS LONG/SHORT,CPZ
CALAMOS LONG/SHORT EQUITY & DYNAMIC INCOME TRUST,CPZ
CALAMOS LONGSHORT EQUITY  DYNAMIC INCOME TRUST,CPZ
CALAMOS STRATEGIC,CSQ
CALAMOS STRATEGIC TOTAL RETURN FUND,CSQ
CALAVO,CVGW
CALAVO GROWERS,CVGW
CALAVO GROWERS INC,CVGW
CALCIMEDICA INC,CALC
"CALCIMEDICA,",CALC
"CALCIMEDICA, INC.",CALC
CALEDONIA,CMCL
CALEDONIA MINING,CMCL
CALEDONIA MINING CORP,CMCL
CALEDONIA MINING CORP PLC,CMCL
CALERES,CAL
CALERES INC,CAL
CALETHOS INC,GEDC
"CALETHOS,",GEDC
"CALETHOS, INC.",GEDC
CALIBERCOS,CWD
CALIBERCOS INC,CWD
CALIBERCOS INC.,CWD
CALIDI,CLDWW
CALIDI,CLDI
CALIDI BIOTHERAPEUTICS INC,CLDI
CALIDI BIOTHERAPEUTICS INC,CLDWW
"CALIDI BIOTHERAPEUTICS,",CLDWW
"CALIDI BIOTHERAPEUTICS,",CLDI
"CALIDI BIOTHERAPEUTICS, INC.",CLDI
"CALIDI BIOTHERAPEUTICS, INC.",CLDWW
CALIFORNIA,BCAL
CALIFORNIA,CRC
CALIFORNIA,CFNB
CALIFORNIA,CWT
CALIFORNIA BANCORP,BCAL
CALIFORNIA BANCORP  CA,BCAL
CALIFORNIA BANCORP \ CA,BCAL
CALIFORNIA FIRST,CFNB
CALIFORNIA FIRST LEASING,CFNB
CALIFORNIA FIRST LEASING CORP,CFNB
CALIFORNIA RESOURCES,CRC
CALIFORNIA RESOURCES CORP,CRC
CALIFORNIA WATER,CWT
CALIFORNIA WATER SERVICE,CWT
CALIFORNIA WATER SERVICE GROUP,CWT
CALIX,CALX
"CALIX,",CALX
"CALIX, INC",CALX
CALLAN,CJMB
CALLAN JMB,CJMB
CALLAN JMB INC,CJMB
CALLAN JMB INC.,CJMB
CALMAINE FOODS,CALM
CALUMET INC DE,CLMT
"CALUMET,",CLMT
"CALUMET, INC.",CLMT
"CALUMET, INC. /DE",CLMT
CAM,CAMG
CAM GROUP INC,CAMG
"CAM GROUP,",CAMG
"CAM GROUP, INC.",CAMG
CAMBER,CEIN
CAMBER ENERGY INC,CEIN
"CAMBER ENERGY,",CEIN
"CAMBER ENERGY, INC.",CEIN
CAMBIUM,CMBM
CAMBIUM NETWORKS,CMBM
CAMBIUM NETWORKS CORP,CMBM
CAMDEN,CPT
CAMDEN,CAC
CAMDEN NATIONAL,CAC
CAMDEN NATIONAL CORP,CAC
CAMDEN PROPERTY,CPT
CAMDEN PROPERTY TRUST,CPT
CAMECO,CCJ
CAMECO CORP,CCJ
CAMP4,CAMP
CAMP4 THERAPEUTICS,CAMP
CAMP4 THERAPEUTICS CORP,CAMP
CAMPBELL'S,CPB
CAMPBELL'S CO,CPB
CAMPBELLS,CPB
CAMPING,CWH
CAMPING WORLD,CWH
CAMPING WORLD HOLDINGS INC,CWH
"CAMPING WORLD HOLDINGS, INC.",CWH
CAMTEK,CAMT
CAMTEK LTD,CAMT
CAN,CANB
CAN B,CANB
CAN B CORP,CANB
CAN-FITE,CANF
CAN-FITE BIOPHARMA,CANF
CAN-FITE BIOPHARMA LTD.,CANF
CANAAN,CAN
CANAAN INC,CAN
CANAAN INC.,CAN
CANADA,GOOS
CANADA GOOSE,GOOS
CANADA GOOSE HOLDINGS INC,GOOS
CANADA GOOSE HOLDINGS INC.,GOOS
CANADIAN,CM
CANADIAN,CP
CANADIAN,CSIQ
CANADIAN,CNQ
CANADIAN,CNI
CANADIAN IMPERIAL,CM
CANADIAN IMPERIAL BANK OF COMMERCE /CAN/,CM
CANADIAN IMPERIAL BANK OF COMMERCE CAN,CM
CANADIAN NATIONAL,CNI
CANADIAN NATIONAL RAILWAY,CNI
CANADIAN NATIONAL RAILWAY CO,CNI
CANADIAN NATURAL,CNQ
CANADIAN NATURAL RESOURCES,CNQ
CANADIAN NATURAL RESOURCES LTD,CNQ
CANADIAN PACIFIC,CP
CANADIAN PACIFIC KANSAS CITY LTD/CN,CP
CANADIAN PACIFIC KANSAS CITY LTDCN,CP
CANADIAN SOLAR,CSIQ
CANADIAN SOLAR INC,CSIQ
CANADIAN SOLAR INC.,CSIQ
CANAGOLD,CRCUF
CANAGOLD RESOURCES,CRCUF
CANAGOLD RESOURCES LTD,CRCUF
CANAGOLD RESOURCES LTD.,CRCUF
CANALASKA,CVVUF
CANALASKA URANIUM,CVVUF
CANALASKA URANIUM LTD,CVVUF
CANCAMBRIA,CCEYF
CANCAMBRIA ENERGY,CCEYF
CANCAMBRIA ENERGY CORP,CCEYF
CANCAMBRIA ENERGY CORP.,CCEYF
CANDEL,CADL
CANDEL THERAPEUTICS INC,CADL
"CANDEL THERAPEUTICS,",CADL
"CANDEL THERAPEUTICS, INC.",CADL
CANFITE BIOPHARMA LTD,CANF
CANGO,CANG
CANGO INC,CANG
CANGO INC.,CANG
CANNABIS,CBGL
CANNABIS,CSUI
CANNABIS,CBIH
CANNABIS BIOSCIENCE,CBIH
CANNABIS BIOSCIENCE INTERNATIONAL HOLDINGS INC,CBIH
"CANNABIS BIOSCIENCE INTERNATIONAL HOLDINGS, INC.",CBIH
CANNABIS GLOBAL INC,CBGL
"CANNABIS GLOBAL,",CBGL
"CANNABIS GLOBAL, INC.",CBGL
CANNABIS SUISSE,CSUI
CANNABIS SUISSE CORP,CSUI
CANNABIS SUISSE CORP.,CSUI
CANNABIST,CBSTF
CANNABIST CO HOLDINGS INC,CBSTF
CANNABIST CO HOLDINGS INC.,CBSTF
CANNAE,CNNE
CANNAE HOLDINGS INC,CNNE
"CANNAE HOLDINGS,",CNNE
"CANNAE HOLDINGS, INC.",CNNE
CANNAISSEUR,TCRG
CANNAISSEUR GROUP,TCRG
CANNAISSEUR GROUP INC,TCRG
CANNAISSEUR GROUP INC.,TCRG
CANNAPHARMARX INC,CPMD
"CANNAPHARMARX,",CPMD
"CANNAPHARMARX, INC.",CPMD
CANON,CAJFF
CANON,CAJPY
CANON INC,CAJFF
CANON INC,CAJPY
CANOO,GOEVQ
CANOO,GOEWQ
CANOO INC,GOEVQ
CANOO INC,GOEWQ
CANOO INC.,GOEWQ
CANOO INC.,GOEVQ
CANOPY,CGC
CANOPY GROWTH,CGC
CANOPY GROWTH CORP,CGC
CANTALOUPE INC,CTLP
CANTALOUPE INC,CTLPP
"CANTALOUPE,",CTLP
"CANTALOUPE,",CTLPP
"CANTALOUPE, INC.",CTLPP
"CANTALOUPE, INC.",CTLP
CANTER,CNRCF
CANTER RESOURCES,CNRCF
CANTER RESOURCES CORP,CNRCF
CANTER RESOURCES CORP.,CNRCF
CANTERBURY,CPHC
CANTERBURY PARK,CPHC
CANTERBURY PARK HOLDING,CPHC
CANTERBURY PARK HOLDING CORP,CPHC
CANTOR,CEP
CANTOR,CEPO
CANTOR,CEPT
CANTOR EQUITY,CEP
CANTOR EQUITY,CEPT
CANTOR EQUITY,CEPO
CANTOR EQUITY PARTNERS I INC,CEPO
"CANTOR EQUITY PARTNERS I, INC.",CEPO
CANTOR EQUITY PARTNERS II INC,CEPT
"CANTOR EQUITY PARTNERS II, INC.",CEPT
CANTOR EQUITY PARTNERS INC,CEP
"CANTOR EQUITY PARTNERS, INC.",CEP
CAPITAL,CPTP
CAPITAL,COF
CAPITAL,CBNK
CAPITAL,CCEC
CAPITAL,CCBG
CAPITAL,CSWC
CAPITAL,CSWCZ
CAPITAL BANCORP,CBNK
CAPITAL BANCORP INC,CBNK
CAPITAL CITY,CCBG
CAPITAL CITY BANK,CCBG
CAPITAL CITY BANK GROUP INC,CCBG
CAPITAL CLEAN,CCEC
CAPITAL CLEAN ENERGY CARRIERS CORP,CCEC
CAPITAL CLEAN ENERGY CARRIERS CORP.,CCEC
CAPITAL ONE,COF
CAPITAL ONE FINANCIAL CORP,COF
CAPITAL PROPERTIES,CPTP
CAPITAL PROPERTIES INC /RI/,CPTP
CAPITAL PROPERTIES INC RI,CPTP
CAPITAL SOUTHWEST,CSWC
CAPITAL SOUTHWEST,CSWCZ
CAPITAL SOUTHWEST CORP,CSWCZ
CAPITAL SOUTHWEST CORP,CSWC
CAPITEC,CKHGF
CAPITEC BANK,CKHGF
CAPITEC BANK HOLDINGS LTD  ADR,CKHGF
CAPITEC BANK HOLDINGS LTD / ADR,CKHGF
CAPITOL,CFFN
CAPITOL FEDERAL,CFFN
CAPITOL FEDERAL FINANCIAL INC,CFFN
"CAPITOL FEDERAL FINANCIAL, INC.",CFFN
CAPRI,CPRI
CAPRI HOLDINGS,CPRI
CAPRI HOLDINGS LTD,CPRI
CAPRICOR,CAPR
CAPRICOR THERAPEUTICS INC,CAPR
"CAPRICOR THERAPEUTICS,",CAPR
"CAPRICOR THERAPEUTICS, INC.",CAPR
CAPSOVISION,CV
"CAPSOVISION,",CV
"CAPSOVISION, INC",CV
CAPSTONE,CAPS
CAPSTONE,CAPC
CAPSTONE,CATG
CAPSTONE,CGEH
CAPSTONE COMPANIES INC,CAPC
"CAPSTONE COMPANIES,",CAPC
"CAPSTONE COMPANIES, INC.",CAPC
CAPSTONE GREEN,CGEH
CAPSTONE GREEN ENERGY HOLDINGS INC,CGEH
"CAPSTONE GREEN ENERGY HOLDINGS, INC.",CGEH
CAPSTONE HOLDING,CAPS
CAPSTONE HOLDING CORP,CAPS
CAPSTONE HOLDING CORP.,CAPS
CAPSTONE TECHNOLOGIES,CATG
CAPSTONE TECHNOLOGIES GROUP INC,CATG
CAPSTONE TECHNOLOGIES GROUP INC.,CATG
CAPTIVA,CPIVF
CAPTIVA VERDE,CPIVF
CAPTIVA VERDE WELLNESS CORP,CPIVF
CAPTIVA VERDE WELLNESS CORP.,CPIVF
CAPTIVISION,CAPT
CAPTIVISION,CAPTW
CAPTIVISION INC,CAPT
CAPTIVISION INC,CAPTW
CAPTIVISION INC.,CAPTW
CAPTIVISION INC.,CAPT
CARBON,CREV
CARBON,CZTI
CARBON,CREVW
CARBON REVOLUTION,CREV
CARBON REVOLUTION,CREVW
CARBON REVOLUTION PUBLIC,CREV
CARBON REVOLUTION PUBLIC,CREVW
CARBON REVOLUTION PUBLIC LTD CO,CREV
CARBON REVOLUTION PUBLIC LTD CO,CREVW
CARBON ZERO,CZTI
CARBON ZERO TECHNOLOGIES INTERNATIONAL INC,CZTI
CARBON ZERO TECHNOLOGIES INTERNATIONAL INC.,CZTI
CARDIFF,CDIX
CARDIFF,CRDF
CARDIFF LEXINGTON,CDIX
CARDIFF LEXINGTON CORP,CDIX
CARDIFF ONCOLOGY INC,CRDF
"CARDIFF ONCOLOGY,",CRDF
"CARDIFF ONCOLOGY, INC.",CRDF
CARDINAL,CAH
CARDINAL HEALTH,CAH
CARDINAL HEALTH INC,CAH
CARDIO,CDIOW
CARDIO,CDIO
CARDIO DIAGNOSTICS,CDIO
CARDIO DIAGNOSTICS,CDIOW
CARDIO DIAGNOSTICS HOLDINGS INC,CDIO
CARDIO DIAGNOSTICS HOLDINGS INC,CDIOW
"CARDIO DIAGNOSTICS HOLDINGS, INC.",CDIO
"CARDIO DIAGNOSTICS HOLDINGS, INC.",CDIOW
CARDIOL,CRDL
CARDIOL THERAPEUTICS,CRDL
CARDIOL THERAPEUTICS INC,CRDL
CARDIOL THERAPEUTICS INC.,CRDL
CARDLYTICS INC,CDLX
"CARDLYTICS,",CDLX
"CARDLYTICS, INC.",CDLX
CARECLOUD INC,CCLD
CARECLOUD INC,CCLDO
"CARECLOUD,",CCLD
"CARECLOUD,",CCLDO
"CARECLOUD, INC.",CCLDO
"CARECLOUD, INC.",CCLD
CAREDX INC,CDNA
"CAREDX,",CDNA
"CAREDX, INC.",CDNA
CARETRUST,CTRE
CARETRUST REIT INC,CTRE
"CARETRUST REIT,",CTRE
"CARETRUST REIT, INC.",CTRE
CAREVIEW,CRVW
CAREVIEW COMMUNICATIONS,CRVW
CAREVIEW COMMUNICATIONS INC,CRVW
CARGO,CRGX
CARGO THERAPEUTICS INC,CRGX
"CARGO THERAPEUTICS,",CRGX
"CARGO THERAPEUTICS, INC.",CRGX
CARGOTEC,CYJBF
CARGOTEC CORP,CYJBF
CARGOTEC CORP OYJ,CYJBF
CARGURUS INC,CARG
"CARGURUS,",CARG
"CARGURUS, INC.",CARG
CARIBOU,CRBU
CARIBOU BIOSCIENCES INC,CRBU
"CARIBOU BIOSCIENCES,",CRBU
"CARIBOU BIOSCIENCES, INC.",CRBU
CARING,CBRA
CARING BRANDS INC,CBRA
"CARING BRANDS,",CBRA
"CARING BRANDS, INC.",CBRA
CARIS,CAI
CARIS LIFE,CAI
CARIS LIFE SCIENCES INC,CAI
"CARIS LIFE SCIENCES, INC.",CAI
CARISMA,CARM
CARISMA THERAPEUTICS,CARM
CARISMA THERAPEUTICS INC,CARM
CARISMA THERAPEUTICS INC.,CARM
CARLISLE,CSL
CARLISLE COMPANIES,CSL
CARLISLE COMPANIES INC,CSL
CARLYLE,CGBD
CARLYLE,CG
CARLYLE,CCCFF
CARLYLE,CGBDL
CARLYLE,CCIF
CARLYLE,CGABL
CARLYLE,CCIA
CARLYLE COMMODITIES,CCCFF
CARLYLE COMMODITIES CORP,CCCFF
CARLYLE COMMODITIES CORP.,CCCFF
CARLYLE CREDIT,CCIF
CARLYLE CREDIT,CCIA
CARLYLE CREDIT INCOME FUND,CCIF
CARLYLE CREDIT INCOME FUND,CCIA
CARLYLE GROUP,CG
CARLYLE GROUP,CGABL
CARLYLE GROUP INC,CGABL
CARLYLE GROUP INC,CG
CARLYLE GROUP INC.,CG
CARLYLE GROUP INC.,CGABL
CARLYLE SECURED,CGBD
CARLYLE SECURED,CGBDL
CARLYLE SECURED LENDING INC,CGBDL
CARLYLE SECURED LENDING INC,CGBD
"CARLYLE SECURED LENDING, INC.",CGBDL
"CARLYLE SECURED LENDING, INC.",CGBD
CARMAX,KMX
CARMAX INC,KMX
CARNIVAL,CUK
CARNIVAL,CUKPF
CARNIVAL,CCL
CARNIVAL CORP,CCL
CARNIVAL PLC,CUK
CARNIVAL PLC,CUKPF
CARO,CAHO
CARO HOLDINGS,CAHO
CARO HOLDINGS INC,CAHO
CARO HOLDINGS INC.,CAHO
CAROLINA,PUCCF
CAROLINA RUSH,PUCCF
CAROLINA RUSH CORP,PUCCF
"CARPARTS.COM,",PRTS
"CARPARTS.COM, INC.",PRTS
CARPARTSCOM INC,PRTS
CARPENTER,CRS
CARPENTER TECHNOLOGY,CRS
CARPENTER TECHNOLOGY CORP,CRS
CARREFOUR,CRERF
CARREFOUR,CRRFY
CARREFOUR SA,CRRFY
CARREFOUR SA,CRERF
CARRIAGE,CRGH
CARRIAGE,CSV
CARRIAGE HOUSE,CRGH
CARRIAGE HOUSE EVENT CENTER INC,CRGH
"CARRIAGE HOUSE EVENT CENTER, INC.",CRGH
CARRIAGE SERVICES,CSV
CARRIAGE SERVICES INC,CSV
CARRIER,CARR
CARRIER GLOBAL,CARR
CARRIER GLOBAL CORP,CARR
CARS.COM,CARS
CARS.COM INC.,CARS
CARSALES.COM,CSXXY
CARSALES.COM,CRSLF
CARSALES.COM LIMITED/ADR,CSXXY
CARSALES.COM LIMITED/ADR,CRSLF
CARSALESCOM LIMITEDADR,CRSLF
CARSALESCOM LIMITEDADR,CSXXY
CARSCOM INC,CARS
CARTER,CARE
CARTER BANKSHARES INC,CARE
"CARTER BANKSHARES,",CARE
"CARTER BANKSHARES, INC.",CARE
CARTERS,CRI
CARTERS INC,CRI
CARTESIAN,CGCTU
CARTESIAN,REEUF
CARTESIAN,CGCT
CARTESIAN,REEWF
CARTESIAN,RENEF
CARTESIAN,RNAC
CARTESIAN GROWTH,CGCTU
CARTESIAN GROWTH,REEWF
CARTESIAN GROWTH,RENEF
CARTESIAN GROWTH,REEUF
CARTESIAN GROWTH,CGCT
CARTESIAN GROWTH CORP II,REEWF
CARTESIAN GROWTH CORP II,REEUF
CARTESIAN GROWTH CORP II,RENEF
CARTESIAN GROWTH CORP III,CGCTU
CARTESIAN GROWTH CORP III,CGCT
CARTESIAN THERAPEUTICS INC,RNAC
"CARTESIAN THERAPEUTICS,",RNAC
"CARTESIAN THERAPEUTICS, INC.",RNAC
CARTICA,CRTUF
CARTICA,CRTWF
CARTICA,CRTAF
CARTICA ACQUISITION,CRTUF
CARTICA ACQUISITION,CRTWF
CARTICA ACQUISITION,CRTAF
CARTICA ACQUISITION CORP,CRTUF
CARTICA ACQUISITION CORP,CRTAF
CARTICA ACQUISITION CORP,CRTWF
CARVANA,CVNA
CARVANA CO,CVNA
CARVANA CO.,CVNA
CARVER,CARV
CARVER BANCORP,CARV
CARVER BANCORP INC,CARV
CASELLA,CWST
CASELLA WASTE,CWST
CASELLA WASTE SYSTEMS INC,CWST
CASEYS,CASY
CASEYS GENERAL,CASY
CASEYS GENERAL STORES,CASY
CASEYS GENERAL STORES INC,CASY
CASI,CASI
CASI PHARMACEUTICALS INC,CASI
"CASI PHARMACEUTICALS,",CASI
"CASI PHARMACEUTICALS, INC.",CASI
CASS,CASS
CASS INFORMATION,CASS
CASS INFORMATION SYSTEMS INC,CASS
CASSAVA,SAVA
CASSAVA SCIENCES,SAVA
CASSAVA SCIENCES INC,SAVA
CASTELLUM INC,CTM
"CASTELLUM,",CTM
"CASTELLUM, INC.",CTM
CASTLE,CSTL
CASTLE BIOSCIENCES,CSTL
CASTLE BIOSCIENCES INC,CSTL
CASTOR,CTRM
CASTOR MARITIME,CTRM
CASTOR MARITIME INC,CTRM
CASTOR MARITIME INC.,CTRM
CATALYST,CLST
CATALYST,CCTC
CATALYST,CPRX
CATALYST BANCORP INC,CLST
"CATALYST BANCORP,",CLST
"CATALYST BANCORP, INC.",CLST
CATALYST CREW,CCTC
CATALYST CREW TECHNOLOGIES CORP,CCTC
CATALYST CREW TECHNOLOGIES CORP.,CCTC
CATALYST PHARMACEUTICALS INC,CPRX
"CATALYST PHARMACEUTICALS,",CPRX
"CATALYST PHARMACEUTICALS, INC.",CPRX
CATERPILLAR,CAT
CATERPILLAR INC,CAT
CATHAY,CATY
CATHAY GENERAL,CATY
CATHAY GENERAL BANCORP,CATY
CATHETER,VTAK
CATHETER PRECISION INC,VTAK
"CATHETER PRECISION,",VTAK
"CATHETER PRECISION, INC.",VTAK
CATO,CATO
CATO CORP,CATO
CAVA,CAVA
CAVA GROUP INC,CAVA
"CAVA GROUP,",CAVA
"CAVA GROUP, INC.",CAVA
CAVCO,CVCO
CAVCO INDUSTRIES INC,CVCO
"CAVCO INDUSTRIES,",CVCO
"CAVCO INDUSTRIES, INC.",CVCO
CAVITATION,CVAT
CAVITATION TECHNOLOGIES INC,CVAT
"CAVITATION TECHNOLOGIES,",CVAT
"CAVITATION TECHNOLOGIES, INC.",CVAT
CAYSON,CAPNU
CAYSON,CAPNR
CAYSON,CAPN
CAYSON ACQUISITION,CAPNU
CAYSON ACQUISITION,CAPN
CAYSON ACQUISITION,CAPNR
CAYSON ACQUISITION CORP,CAPNR
CAYSON ACQUISITION CORP,CAPN
CAYSON ACQUISITION CORP,CAPNU
CB FINANCIAL SERVICES INC,CBFV
"CB FINANCIAL SERVICES, INC.",CBFV
CBAK,CBAT
CBAK ENERGY,CBAT
CBAK ENERGY TECHNOLOGY INC,CBAT
"CBAK ENERGY TECHNOLOGY, INC.",CBAT
CBD,CBDL
CBD LIFE,CBDL
CBD LIFE SCIENCES INC,CBDL
CBD LIFE SCIENCES INC.,CBDL
CBDMD INC,YCBD
"CBDMD,",YCBD
"CBDMD, INC.",YCBD
CBIZ INC,CBZ
"CBIZ,",CBZ
"CBIZ, INC.",CBZ
CBL,CBL
CBL,BANL
CBL  ASSOCIATES,CBL
CBL & ASSOCIATES PROPERTIES INC,CBL
CBL INTERNATIONAL,BANL
CBL INTERNATIONAL LTD,BANL
CBOE,CBOE
CBOE GLOBAL,CBOE
CBOE GLOBAL MARKETS INC,CBOE
"CBOE GLOBAL MARKETS, INC.",CBOE
CBOND SYSTEMS,CBNT
CBRE,IGR
CBRE,CBRE
CBRE GLOBAL,IGR
CBRE GLOBAL REAL ESTATE INCOME FUND,IGR
CBRE GROUP INC,CBRE
"CBRE GROUP,",CBRE
"CBRE GROUP, INC.",CBRE
CCC,CCCS
CCC INTELLIGENT,CCCS
CCC INTELLIGENT SOLUTIONS HOLDINGS INC,CCCS
CCC INTELLIGENT SOLUTIONS HOLDINGS INC.,CCCS
CCSC,CCTG
CCSC TECHNOLOGY,CCTG
CCSC TECHNOLOGY INTERNATIONAL HOLDINGS LTD,CCTG
CDT,CDTG
CDT ENVIRONMENTAL,CDTG
CDT ENVIRONMENTAL TECHNOLOGY INVESTMENT,CDTG
CDT ENVIRONMENTAL TECHNOLOGY INVESTMENT HOLDINGS LTD,CDTG
CDW,CDW
CDW CORP,CDW
CEA,VAPEW
CEA,CEAD
CEA,VAPE
CEA INDUSTRIES,CEAD
CEA INDUSTRIES,VAPEW
CEA INDUSTRIES,VAPE
CEA INDUSTRIES INC,CEAD
CEA INDUSTRIES INC,VAPE
CEA INDUSTRIES INC,VAPEW
CEA INDUSTRIES INC.,VAPE
CEA INDUSTRIES INC.,VAPEW
CEA INDUSTRIES INC.,CEAD
CECO,CECO
CECO ENVIRONMENTAL,CECO
CECO ENVIRONMENTAL CORP,CECO
CEL,CVM
CEL SCI,CVM
CEL SCI CORP,CVM
CELANESE,CE
CELANESE CORP,CE
CELCUITY,CELC
CELCUITY INC,CELC
CELCUITY INC.,CELC
CELESTICA,CLS
CELESTICA INC,CLS
CELL,CLCS
CELL SOURCE INC,CLCS
"CELL SOURCE,",CLCS
"CELL SOURCE, INC.",CLCS
CELLDEX,CLDX
CELLDEX THERAPEUTICS INC,CLDX
"CELLDEX THERAPEUTICS,",CLDX
"CELLDEX THERAPEUTICS, INC.",CLDX
CELLEBRITE,CLBT
CELLEBRITE DI LTD,CLBT
CELLEBRITE DI LTD.,CLBT
CELLECTAR,CLRB
CELLECTAR BIOSCIENCES INC,CLRB
"CELLECTAR BIOSCIENCES,",CLRB
"CELLECTAR BIOSCIENCES, INC.",CLRB
CELLECTIS,CLLS
CELLECTIS S.A.,CLLS
CELLECTIS SA,CLLS
CELSIUS,CELH
CELSIUS HOLDINGS INC,CELH
"CELSIUS HOLDINGS,",CELH
"CELSIUS HOLDINGS, INC.",CELH
CELULARITY,CELUW
CELULARITY,CELU
CELULARITY INC,CELUW
CELULARITY INC,CELU
CEMENTOS,CPAC
CEMENTOS PACASMAYO,CPAC
CEMENTOS PACASMAYO SAA,CPAC
CEMEX,CXMSF
CEMEX,CX
CEMEX SAB,CX
CEMEX SAB,CXMSF
CEMEX SAB DE CV,CXMSF
CEMEX SAB DE CV,CX
CEMTREX,CETX
CEMTREX,CETXP
CEMTREX INC,CETXP
CEMTREX INC,CETX
CENCORA INC,COR
"CENCORA,",COR
"CENCORA, INC.",COR
CENNTRO,CENN
CENNTRO INC,CENN
CENNTRO INC.,CENN
CENOVUS,CNVEF
CENOVUS,CVE
CENOVUS ENERGY,CVE
CENOVUS ENERGY,CNVEF
CENOVUS ENERGY INC,CVE
CENOVUS ENERGY INC,CNVEF
CENOVUS ENERGY INC.,CNVEF
CENOVUS ENERGY INC.,CVE
CENTENE,CNC
CENTENE CORP,CNC
CENTERPOINT,CNP
CENTERPOINT ENERGY,CNP
CENTERPOINT ENERGY INC,CNP
CENTERRA,CGAU
CENTERRA GOLD,CGAU
CENTERRA GOLD INC,CGAU
CENTERRA GOLD INC.,CGAU
CENTERSPACE,CSR
CENTESSA,CNTA
CENTESSA PHARMACEUTICALS,CNTA
CENTESSA PHARMACEUTICALS PLC,CNTA
CENTOGENE,CNTGF
CENTOGENE N.V.,CNTGF
CENTOGENE NV,CNTGF
CENTRAL,CPF
CENTRAL,CTPUF
CENTRAL,CENT
CENTRAL,CEE
CENTRAL,CJPRF
CENTRAL,CPNNF
CENTRAL,CLRLY
CENTRAL,CET
CENTRAL,CEPU
CENTRAL,CPBI
CENTRAL,CENTA
CENTRAL,OMAB
CENTRAL,CPPBY
CENTRAL,GAERF
CENTRAL  EASTERN EUROPE FUND INC,CEE
"CENTRAL & EASTERN EUROPE FUND, INC.",CEE
CENTRAL GARDEN,CENTA
CENTRAL GARDEN,CENT
CENTRAL GARDEN  PET,CENTA
CENTRAL GARDEN  PET,CENT
CENTRAL GARDEN & PET CO,CENTA
CENTRAL GARDEN & PET CO,CENT
CENTRAL JAPAN,CJPRF
CENTRAL JAPAN RAILWAY,CJPRF
CENTRAL JAPAN RAILWAY CO,CJPRF
CENTRAL NORTH,GAERF
CENTRAL NORTH,OMAB
CENTRAL NORTH AIRPORT,OMAB
CENTRAL NORTH AIRPORT,GAERF
CENTRAL NORTH AIRPORT GROUP,GAERF
CENTRAL NORTH AIRPORT GROUP,OMAB
CENTRAL PACIFIC,CPF
CENTRAL PACIFIC FINANCIAL CORP,CPF
CENTRAL PATTANA,CPPBY
CENTRAL PATTANA,CTPUF
CENTRAL PATTANA,CPNNF
CENTRAL PATTANA PUBLIC CO LIMITED/ADR,CTPUF
CENTRAL PATTANA PUBLIC CO LIMITED/ADR,CPPBY
CENTRAL PATTANA PUBLIC CO LIMITED/ADR,CPNNF
CENTRAL PATTANA PUBLIC CO LIMITEDADR,CPPBY
CENTRAL PATTANA PUBLIC CO LIMITEDADR,CTPUF
CENTRAL PATTANA PUBLIC CO LIMITEDADR,CPNNF
CENTRAL PLAINS,CPBI
CENTRAL PLAINS BANCSHARES INC,CPBI
"CENTRAL PLAINS BANCSHARES, INC.",CPBI
CENTRAL PUERTO,CEPU
CENTRAL PUERTO S.A.,CEPU
CENTRAL PUERTO SA,CEPU
CENTRAL RETAIL,CLRLY
CENTRAL RETAIL CORP PUBLIC CO LIMITED/ADR,CLRLY
CENTRAL RETAIL CORP PUBLIC CO LIMITEDADR,CLRLY
CENTRAL SECURITIES,CET
CENTRAL SECURITIES CORP,CET
CENTRUS,LEU
CENTRUS ENERGY,LEU
CENTRUS ENERGY CORP,LEU
CENTURI,CTRI
CENTURI HOLDINGS INC,CTRI
"CENTURI HOLDINGS,",CTRI
"CENTURI HOLDINGS, INC.",CTRI
CENTURION,ALF
CENTURION,ALFUU
CENTURION,ALFUW
CENTURION ACQUISITION,ALFUU
CENTURION ACQUISITION,ALF
CENTURION ACQUISITION,ALFUW
CENTURION ACQUISITION CORP,ALFUW
CENTURION ACQUISITION CORP,ALF
CENTURION ACQUISITION CORP,ALFUU
CENTURION ACQUISITION CORP.,ALFUW
CENTURION ACQUISITION CORP.,ALF
CENTURION ACQUISITION CORP.,ALFUU
CENTURY,CCS
CENTURY,IPSC
CENTURY,CENX
CENTURY,CNTY
CENTURY ALUMINUM,CENX
CENTURY ALUMINUM CO,CENX
CENTURY CASINOS,CNTY
CENTURY CASINOS INC /CO/,CNTY
CENTURY CASINOS INC CO,CNTY
CENTURY COMMUNITIES INC,CCS
"CENTURY COMMUNITIES,",CCS
"CENTURY COMMUNITIES, INC.",CCS
CENTURY THERAPEUTICS INC,IPSC
"CENTURY THERAPEUTICS,",IPSC
"CENTURY THERAPEUTICS, INC.",IPSC
CERAGON,CRNT
CERAGON NETWORKS,CRNT
CERAGON NETWORKS LTD,CRNT
CERENCE,CRNC
CERENCE INC,CRNC
CERENCE INC.,CRNC
CERIBELL INC,CBLL
"CERIBELL,",CBLL
"CERIBELL, INC.",CBLL
CERO,CERO
CERO,CEROW
CERO THERAPEUTICS,CERO
CERO THERAPEUTICS,CEROW
CERO THERAPEUTICS HOLDINGS INC,CERO
CERO THERAPEUTICS HOLDINGS INC,CEROW
"CERO THERAPEUTICS HOLDINGS, INC.",CEROW
"CERO THERAPEUTICS HOLDINGS, INC.",CERO
CERTARA INC,CERT
"CERTARA,",CERT
"CERTARA, INC.",CERT
CERUS,CERS
CERUS CORP,CERS
CERVOMED,CRVO
CERVOMED INC,CRVO
CERVOMED INC.,CRVO
CEVA,CEVA
CEVA INC,CEVA
CF BANKSHARES INC,CFBK
CF BANKSHARES INC.,CFBK
CF INDUSTRIES HOLDINGS INC,CF
"CF INDUSTRIES HOLDINGS, INC.",CF
CFN,CNFN
CFN ENTERPRISES,CNFN
CFN ENTERPRISES INC,CNFN
CFN ENTERPRISES INC.,CNFN
CFSB,CFSB
CFSB BANCORP INC MA,CFSB
"CFSB BANCORP,",CFSB
"CFSB BANCORP, INC. /MA/",CFSB
CG ONCOLOGY INC,CGON
"CG ONCOLOGY, INC.",CGON
CGI,GIB
CGI INC,GIB
CHAGEE,CHA
CHAGEE HOLDINGS,CHA
CHAGEE HOLDINGS LTD,CHA
CHAGEE HOLDINGS LTD.,CHA
CHAIN,CBRRF
CHAIN,CBNA
CHAIN BRIDGE,CBRRF
CHAIN BRIDGE,CBNA
CHAIN BRIDGE BANCORP,CBNA
CHAIN BRIDGE BANCORP INC,CBNA
CHAIN BRIDGE I,CBRRF
CHAKANA,CHKKF
CHAKANA COPPER,CHKKF
CHAKANA COPPER CORP,CHKKF
CHAKANA COPPER CORP.,CHKKF
CHAMPION,SKY
CHAMPION HOMES INC,SKY
"CHAMPION HOMES,",SKY
"CHAMPION HOMES, INC.",SKY
CHAMPIONS,CSBR
CHAMPIONS ONCOLOGY INC,CSBR
"CHAMPIONS ONCOLOGY,",CSBR
"CHAMPIONS ONCOLOGY, INC.",CSBR
CHAMPIONSGATE,CHPGR
CHAMPIONSGATE,CHPGU
CHAMPIONSGATE,CHPG
CHAMPIONSGATE ACQUISITION,CHPG
CHAMPIONSGATE ACQUISITION,CHPGU
CHAMPIONSGATE ACQUISITION,CHPGR
CHAMPIONSGATE ACQUISITION CORP,CHPGR
CHAMPIONSGATE ACQUISITION CORP,CHPG
CHAMPIONSGATE ACQUISITION CORP,CHPGU
CHAMPIONX,CHX
CHAMPIONX CORP,CHX
CHANNEL,CHRO
CHANNEL THERAPEUTICS,CHRO
CHANNEL THERAPEUTICS CORP,CHRO
CHANSON,CHSN
CHANSON INTERNATIONAL,CHSN
CHANSON INTERNATIONAL HOLDING,CHSN
CHAODA,CMGHF
CHAODA MODERN,CMGHF
CHAODA MODERN AGRICULTURE HOLDINGS LTD /FI,CMGHF
CHAODA MODERN AGRICULTURE HOLDINGS LTD FI,CMGHF
CHARGEPOINT,CHPT
CHARGEPOINT HOLDINGS INC,CHPT
"CHARGEPOINT HOLDINGS,",CHPT
"CHARGEPOINT HOLDINGS, INC.",CHPT
CHARGING,CHEV
CHARGING ROBOTICS,CHEV
CHARGING ROBOTICS INC,CHEV
CHARGING ROBOTICS INC.,CHEV
CHARLES,CRL
CHARLES RIVER,CRL
CHARLES RIVER LABORATORIES INTERNATIONAL INC,CRL
"CHARLES RIVER LABORATORIES INTERNATIONAL, INC.",CRL
CHARLIE'S,CHUC
"CHARLIE'S HOLDINGS,",CHUC
"CHARLIE'S HOLDINGS, INC.",CHUC
CHARLIES HOLDINGS INC,CHUC
CHARLOTTE'S,CWBHF
CHARLOTTE'S WEB,CWBHF
"CHARLOTTE'S WEB HOLDINGS, INC.",CWBHF
CHARLOTTES WEB HOLDINGS INC,CWBHF
CHARLTON,CHARR
CHARLTON,CHARU
CHARLTON,CHAR
CHARLTON ARIA,CHAR
CHARLTON ARIA,CHARU
CHARLTON ARIA,CHARR
CHARLTON ARIA ACQUISITION,CHAR
CHARLTON ARIA ACQUISITION,CHARR
CHARLTON ARIA ACQUISITION,CHARU
CHARLTON ARIA ACQUISITION CORP,CHARU
CHARLTON ARIA ACQUISITION CORP,CHAR
CHARLTON ARIA ACQUISITION CORP,CHARR
CHARMING,MCTA
CHARMING MEDICAL,MCTA
CHARMING MEDICAL LTD,MCTA
CHART,GTLS
CHART INDUSTRIES,GTLS
CHART INDUSTRIES INC,GTLS
CHARTER,CHTR
CHARTER COMMUNICATIONS INC MO,CHTR
"CHARTER COMMUNICATIONS,",CHTR
"CHARTER COMMUNICATIONS, INC. /MO/",CHTR
CHASE,WHLT
CHASE PACKAGING,WHLT
CHASE PACKAGING CORP,WHLT
CHATHAM,CLDT
CHATHAM LODGING,CLDT
CHATHAM LODGING TRUST,CLDT
CHECHE,CCGWW
CHECHE,CCG
CHECHE GROUP,CCG
CHECHE GROUP,CCGWW
CHECHE GROUP INC,CCG
CHECHE GROUP INC,CCGWW
CHECHE GROUP INC.,CCG
CHECHE GROUP INC.,CCGWW
CHECK,CHKP
CHECK POINT,CHKP
CHECK POINT SOFTWARE,CHKP
CHECK POINT SOFTWARE TECHNOLOGIES LTD,CHKP
CHECK-CAP,CHEK
CHECK-CAP LTD,CHEK
CHECKCAP,CHEK
CHEER,CHR
CHEER HOLDING INC,CHR
"CHEER HOLDING,",CHR
"CHEER HOLDING, INC.",CHR
CHEESECAKE,CAKE
CHEESECAKE FACTORY,CAKE
CHEESECAKE FACTORY INC,CAKE
CHEETAH,CMCM
CHEETAH,CTNT
CHEETAH MOBILE,CMCM
CHEETAH MOBILE INC,CMCM
CHEETAH MOBILE INC.,CMCM
CHEETAH NET,CTNT
CHEETAH NET SUPPLY CHAIN SERVICE INC,CTNT
CHEETAH NET SUPPLY CHAIN SERVICE INC.,CTNT
CHEFS WAREHOUSE INC,CHEF
CHEFS',CHEF
"CHEFS' WAREHOUSE,",CHEF
"CHEFS' WAREHOUSE, INC.",CHEF
CHEGG,CHGG
"CHEGG,",CHGG
"CHEGG, INC",CHGG
CHEMED,CHE
CHEMED CORP,CHE
CHEMICAL,SQM
CHEMICAL  MINING CO OF CHILE,SQM
CHEMICAL & MINING CO OF CHILE INC,SQM
CHEMOMAB,CMMB
CHEMOMAB THERAPEUTICS,CMMB
CHEMOMAB THERAPEUTICS LTD,CMMB
CHEMOMAB THERAPEUTICS LTD.,CMMB
CHEMOURS,CC
CHEMOURS CO,CC
CHEMRING,CMGMF
CHEMRING GROUP,CMGMF
CHEMRING GROUP PLC/ADR,CMGMF
CHEMRING GROUP PLCADR,CMGMF
CHEMUNG,CHMG
CHEMUNG FINANCIAL,CHMG
CHEMUNG FINANCIAL CORP,CHMG
CHENGHE,CHEB
CHENGHE ACQUISITION,CHEB
CHENGHE ACQUISITION II CO,CHEB
CHENGHE ACQUISITION II CO.,CHEB
CHENIERE,LNG
CHENIERE,CQP
CHENIERE ENERGY,CQP
CHENIERE ENERGY INC,LNG
CHENIERE ENERGY PARTNERS,CQP
"CHENIERE ENERGY PARTNERS, L.P.",CQP
"CHENIERE ENERGY,",LNG
"CHENIERE ENERGY, INC.",LNG
CHERRY,CHMI
CHERRY HILL,CHMI
CHERRY HILL MORTGAGE INVESTMENT,CHMI
CHERRY HILL MORTGAGE INVESTMENT CORP,CHMI
CHESAPEAKE,CHKR
CHESAPEAKE,CPK
CHESAPEAKE,CPKF
CHESAPEAKE FINANCIAL,CPKF
CHESAPEAKE FINANCIAL SHARES,CPKF
CHESAPEAKE FINANCIAL SHARES INC,CPKF
CHESAPEAKE GRANITE,CHKR
CHESAPEAKE GRANITE WASH TRUST,CHKR
CHESAPEAKE UTILITIES,CPK
CHESAPEAKE UTILITIES CORP,CPK
CHEVRON,CVX
CHEVRON CORP,CVX
CHEWY INC,CHWY
"CHEWY,",CHWY
"CHEWY, INC.",CHWY
CHICAGO,CVR
CHICAGO,REFI
CHICAGO,LIEN
CHICAGO ATLANTIC,LIEN
CHICAGO ATLANTIC,REFI
CHICAGO ATLANTIC BDC INC,LIEN
"CHICAGO ATLANTIC BDC, INC.",LIEN
CHICAGO ATLANTIC REAL ESTATE FINANCE INC,REFI
"CHICAGO ATLANTIC REAL ESTATE FINANCE, INC.",REFI
CHICAGO RIVET,CVR
CHICAGO RIVET  MACHINE,CVR
CHICAGO RIVET & MACHINE CO,CVR
CHIJET,CJET
CHIJET MOTOR,CJET
CHIJET MOTOR COMPANY INC,CJET
"CHIJET MOTOR COMPANY, INC.",CJET
CHILDRENS,PLCE
CHILDRENS PLACE INC,PLCE
"CHILDRENS PLACE,",PLCE
"CHILDRENS PLACE, INC.",PLCE
CHILEAN,COBA
CHILEAN COBALT,COBA
CHILEAN COBALT CORP,COBA
CHILEAN COBALT CORP.,COBA
CHIME,CHYM
CHIME FINANCIAL INC,CHYM
"CHIME FINANCIAL,",CHYM
"CHIME FINANCIAL, INC.",CHYM
CHIMERA,CIMO
CHIMERA,CIMN
CHIMERA,CIM
CHIMERA INVESTMENT,CIM
CHIMERA INVESTMENT,CIMN
CHIMERA INVESTMENT,CIMO
CHIMERA INVESTMENT CORP,CIMO
CHIMERA INVESTMENT CORP,CIMN
CHIMERA INVESTMENT CORP,CIM
CHINA,CYD
CHINA,CHEAF
CHINA,SNPMF
CHINA,CHKIF
CHINA,CTGCY
CHINA,CAAS
CHINA,CHNEY
CHINA,CHN
CHINA,CITAF
CHINA,CILJF
CHINA,CDSG
CHINA,CLEUF
CHINA,CTGDF
CHINA,CHWRF
CHINA,SXTC
CHINA,CHNR
CHINA,CJRCF
CHINA,CPHI
CHINA,CARCY
CHINA,CFOO
CHINA AUTOMOTIVE,CAAS
CHINA AUTOMOTIVE SYSTEMS INC,CAAS
CHINA DONGSHENG,CDSG
CHINA DONGSHENG INTERNATIONAL INC,CDSG
"CHINA DONGSHENG INTERNATIONAL, INC.",CDSG
CHINA EASTERN,CHEAF
CHINA EASTERN,CHNEY
CHINA EASTERN AIRLINES CORP,CHEAF
CHINA EASTERN AIRLINES CORP,CHNEY
CHINA EASTERN AIRLINES CORP LTD,CHNEY
CHINA EASTERN AIRLINES CORP LTD,CHEAF
CHINA FOODS,CFOO
CHINA FOODS HOLDINGS LTD,CFOO
CHINA FOODS HOLDINGS LTD.,CFOO
CHINA FUND INC,CHN
"CHINA FUND,",CHN
"CHINA FUND, INC.",CHN
CHINA LIBERAL,CLEUF
CHINA LIBERAL EDUCATION,CLEUF
CHINA LIBERAL EDUCATION HOLDINGS LTD,CLEUF
CHINA LIFE,CILJF
CHINA LIFE INSURANCE CO,CILJF
CHINA LIFE INSURANCE CO LTD,CILJF
CHINA NATURAL,CHNR
CHINA NATURAL RESOURCES,CHNR
CHINA NATURAL RESOURCES INC,CHNR
CHINA PETROLEUM,SNPMF
CHINA PETROLEUM  CHEMICAL,SNPMF
CHINA PETROLEUM & CHEMICAL CORP,SNPMF
CHINA PHARMA,CPHI
CHINA PHARMA HOLDINGS INC,CPHI
"CHINA PHARMA HOLDINGS, INC.",CPHI
CHINA RESOURCES,CARCY
CHINA RESOURCES,CJRCF
CHINA RESOURCES CEMENT HOLDINGS LIMITED/ADR/,CJRCF
CHINA RESOURCES CEMENT HOLDINGS LIMITED/ADR/,CARCY
CHINA RESOURCES CEMENT HOLDINGS LIMITEDADR,CARCY
CHINA RESOURCES CEMENT HOLDINGS LIMITEDADR,CJRCF
CHINA SHIPPING,CITAF
CHINA SHIPPING CONTAINER LINES CO,CITAF
CHINA SHIPPING CONTAINER LINES CO LTD,CITAF
CHINA SOUTHERN,CHKIF
CHINA SOUTHERN AIRLINES CO,CHKIF
CHINA SOUTHERN AIRLINES CO LTD,CHKIF
CHINA SXT,SXTC
CHINA SXT PHARMACEUTICALS INC,SXTC
"CHINA SXT PHARMACEUTICALS, INC.",SXTC
CHINA TOURISM,CTGDF
CHINA TOURISM,CTGCY
CHINA TOURISM GROUP DUTY FREE CORP LTDADR,CTGDF
CHINA TOURISM GROUP DUTY FREE CORP LTDADR,CTGCY
CHINA TOURISM GROUP DUTY FREE CORP. LTD./ADR,CTGCY
CHINA TOURISM GROUP DUTY FREE CORP. LTD./ADR,CTGDF
CHINA TOWER,CHWRF
CHINA TOWER CORP LIMITED/ADR,CHWRF
CHINA TOWER CORP LIMITEDADR,CHWRF
CHINA YUCHAI,CYD
CHINA YUCHAI INTERNATIONAL LTD,CYD
CHINESEWORLDNET,CWNOF
CHINESEWORLDNET COM,CWNOF
CHINESEWORLDNET COM INC,CWNOF
CHIPMOS,IMOS
CHIPMOS TECHNOLOGIES,IMOS
CHIPMOS TECHNOLOGIES INC,IMOS
CHIPOTLE,CMG
CHIPOTLE MEXICAN,CMG
CHIPOTLE MEXICAN GRILL,CMG
CHIPOTLE MEXICAN GRILL INC,CMG
CHOCOLADEFABRIKEN,CHLSY
CHOCOLADEFABRIKEN LINDT,CHLSY
CHOCOLADEFABRIKEN LINDT  SPRUENGLI AGADR,CHLSY
CHOCOLADEFABRIKEN LINDT & SPRUENGLI AG/ADR,CHLSY
CHOICE,CHH
CHOICE HOTELS,CHH
CHOICE HOTELS INTERNATIONAL INC /DE,CHH
CHOICE HOTELS INTERNATIONAL INC DE,CHH
CHOICEONE,COFS
CHOICEONE FINANCIAL,COFS
CHOICEONE FINANCIAL SERVICES INC,COFS
CHORD,WLLBW
CHORD,CHRD
CHORD ENERGY,CHRD
CHORD ENERGY,WLLBW
CHORD ENERGY CORP,WLLBW
CHORD ENERGY CORP,CHRD
CHS,CHSCN
CHS,CHSCM
CHS,CHSCL
CHS,CHSCP
CHS,CHSCO
CHS INC,CHSCM
CHS INC,CHSCN
CHS INC,CHSCL
CHS INC,CHSCP
CHS INC,CHSCO
CHUBB,CB
CHUBB LTD,CB
CHUNGHWA,CHT
CHUNGHWA TELECOM,CHT
CHUNGHWA TELECOM CO,CHT
CHUNGHWA TELECOM CO LTD,CHT
CHURCH,CHD
CHURCH  DWIGHT CO INC DE,CHD
CHURCH & DWIGHT CO INC /DE/,CHD
CHURCHILL,CCIXU
CHURCHILL,CCCXU
CHURCHILL,CCIX
CHURCHILL,CCIXW
CHURCHILL,CHDN
CHURCHILL,CCCX
CHURCHILL CAPITAL,CCCX
CHURCHILL CAPITAL,CCCXU
CHURCHILL CAPITAL,CCIXW
CHURCHILL CAPITAL,CCIXU
CHURCHILL CAPITAL,CCIX
CHURCHILL CAPITAL CORP IX/CAYMAN,CCIX
CHURCHILL CAPITAL CORP IX/CAYMAN,CCIXW
CHURCHILL CAPITAL CORP IX/CAYMAN,CCIXU
CHURCHILL CAPITAL CORP IXCAYMAN,CCIXU
CHURCHILL CAPITAL CORP IXCAYMAN,CCIX
CHURCHILL CAPITAL CORP IXCAYMAN,CCIXW
CHURCHILL CAPITAL CORP X/CAYMAN,CCCXU
CHURCHILL CAPITAL CORP X/CAYMAN,CCCX
CHURCHILL CAPITAL CORP XCAYMAN,CCCXU
CHURCHILL CAPITAL CORP XCAYMAN,CCCX
CHURCHILL DOWNS,CHDN
CHURCHILL DOWNS INC,CHDN
CI FINANCIAL CORP,CIXXF
CI FINANCIAL CORP.,CIXXF
CI&T,CINT
CI&T INC,CINT
CIBUS INC,CBUS
"CIBUS,",CBUS
"CIBUS, INC.",CBUS
CID,DAICW
CID,DAIC
CID HOLDCO INC,DAICW
CID HOLDCO INC,DAIC
"CID HOLDCO,",DAICW
"CID HOLDCO,",DAIC
"CID HOLDCO, INC.",DAICW
"CID HOLDCO, INC.",DAIC
CIDARA,CDTX
CIDARA THERAPEUTICS INC,CDTX
"CIDARA THERAPEUTICS,",CDTX
"CIDARA THERAPEUTICS, INC.",CDTX
CIENA,CIEN
CIENA CORP,CIEN
CIGNA,CI
CIGNA GROUP,CI
CIM,CMRF
CIM REAL,CMRF
CIM REAL ESTATE FINANCE TRUST INC,CMRF
"CIM REAL ESTATE FINANCE TRUST, INC.",CMRF
CIMG,IMG
CIMG INC,IMG
CIMG INC.,IMG
CIMPRESS,CMPR
CIMPRESS PLC,CMPR
CINCINNATI,CINF
CINCINNATI FINANCIAL,CINF
CINCINNATI FINANCIAL CORP,CINF
CINEMARK,CNK
CINEMARK HOLDINGS INC,CNK
"CINEMARK HOLDINGS,",CNK
"CINEMARK HOLDINGS, INC.",CNK
CINEVERSE,CNVS
CINEVERSE CORP,CNVS
CINEVERSE CORP.,CNVS
CINGULATE,CINGW
CINGULATE,CING
CINGULATE INC,CING
CINGULATE INC,CINGW
CINGULATE INC.,CING
CINGULATE INC.,CINGW
CINTAS,CTAS
CINTAS CORP,CTAS
CION,CICB
CION,CADCX
CION,CION
CION ARES,CADCX
CION ARES DIVERSIFIED CREDIT FUND,CADCX
CION INVESTMENT,CICB
CION INVESTMENT,CION
CION INVESTMENT CORP,CICB
CION INVESTMENT CORP,CION
CIPHER,CIFR
CIPHER,CIFRW
CIPHER MINING,CIFR
CIPHER MINING,CIFRW
CIPHER MINING INC,CIFR
CIPHER MINING INC,CIFRW
CIPHER MINING INC.,CIFRW
CIPHER MINING INC.,CIFR
CIRCLE,CRCL
CIRCLE,CRCE
CIRCLE ENERGY INCNV,CRCE
"CIRCLE ENERGY,",CRCE
"CIRCLE ENERGY, INC./NV",CRCE
CIRCLE INTERNET,CRCL
CIRCLE INTERNET GROUP INC,CRCL
"CIRCLE INTERNET GROUP, INC.",CRCL
CIRRUS,CRUS
CIRRUS LOGIC INC,CRUS
"CIRRUS LOGIC,",CRUS
"CIRRUS LOGIC, INC.",CRUS
CIRTRAN,CIRX
CIRTRAN CORP,CIRX
CISCO,CSCO
CISCO SYSTEMS INC,CSCO
"CISCO SYSTEMS,",CSCO
"CISCO SYSTEMS, INC.",CSCO
CISO,CISO
CISO GLOBAL INC,CISO
"CISO GLOBAL,",CISO
"CISO GLOBAL, INC.",CISO
CIT,CINT
CITI,CTRN
CITI TRENDS,CTRN
CITI TRENDS INC,CTRN
"CITIBANK,N.A./ADR",JTGLF
"CITIBANK,N.A./ADR",JTGEY
CITIBANKNAADR,JTGLF
CITIBANKNAADR,JTGEY
CITIGROUP,C
CITIGROUP,C-PN
CITIGROUP INC,C
CITIGROUP INC,C-PN
CITIUS,CTXR
CITIUS,CTOR
CITIUS ONCOLOGY INC,CTOR
"CITIUS ONCOLOGY,",CTOR
"CITIUS ONCOLOGY, INC.",CTOR
CITIUS PHARMACEUTICALS INC,CTXR
"CITIUS PHARMACEUTICALS,",CTXR
"CITIUS PHARMACEUTICALS, INC.",CTXR
CITIZENS,CZNC
CITIZENS,CZWI
CITIZENS,CZFS
CITIZENS,CIZN
CITIZENS,CFG
CITIZENS  NORTHERN,CZNC
CITIZENS & NORTHERN CORP,CZNC
CITIZENS COMMUNITY,CZWI
CITIZENS COMMUNITY BANCORP INC,CZWI
CITIZENS COMMUNITY BANCORP INC.,CZWI
CITIZENS FINANCIAL,CZFS
CITIZENS FINANCIAL,CFG
CITIZENS FINANCIAL GROUP INC/RI,CFG
CITIZENS FINANCIAL GROUP INCRI,CFG
CITIZENS FINANCIAL SERVICES INC,CZFS
CITIZENS HOLDING,CIZN
CITIZENS HOLDING CO /MS/,CIZN
CITIZENS HOLDING CO MS,CIZN
CITIZENS INC,CIA
"CITIZENS,",CIA
"CITIZENS, INC.",CIA
CITY,CHCO
CITY,CIO
CITY HOLDING,CHCO
CITY HOLDING CO,CHCO
CITY OFFICE,CIO
CITY OFFICE REIT INC,CIO
"CITY OFFICE REIT, INC.",CIO
CIVEO,CVEO
CIVEO CORP,CVEO
CIVISTA,CIVB
CIVISTA BANCSHARES INC,CIVB
"CIVISTA BANCSHARES,",CIVB
"CIVISTA BANCSHARES, INC.",CIVB
CIVITAS,CIVI
CIVITAS,CIVII
CIVITAS RESOURCES INC,CIVI
CIVITAS RESOURCES INC,CIVII
"CIVITAS RESOURCES,",CIVII
"CIVITAS RESOURCES,",CIVI
"CIVITAS RESOURCES, INC.",CIVI
"CIVITAS RESOURCES, INC.",CIVII
CKX,CKX
CKX LANDS INC,CKX
"CKX LANDS,",CKX
"CKX LANDS, INC.",CKX
CLARITEV,MPLNW
CLARITEV,CTEV
CLARITEV CORP,CTEV
CLARITEV CORP,MPLNW
CLARIVATE,CLVT
CLARIVATE PLC,CLVT
CLAROS,CMTG
CLAROS MORTGAGE,CMTG
CLAROS MORTGAGE TRUST INC,CMTG
"CLAROS MORTGAGE TRUST, INC.",CMTG
CLARUS,CLAR
CLARUS CORP,CLAR
CLASSOVER,KIDZW
CLASSOVER,KIDZ
CLASSOVER HOLDINGS INC,KIDZW
CLASSOVER HOLDINGS INC,KIDZ
"CLASSOVER HOLDINGS,",KIDZW
"CLASSOVER HOLDINGS,",KIDZ
"CLASSOVER HOLDINGS, INC.",KIDZ
"CLASSOVER HOLDINGS, INC.",KIDZW
CLEAN,CLH
CLEAN,CLNE
CLEAN,CLNV
CLEAN,CETY
CLEAN ENERGY,CLNE
CLEAN ENERGY,CETY
CLEAN ENERGY FUELS CORP,CLNE
CLEAN ENERGY FUELS CORP.,CLNE
CLEAN ENERGY TECHNOLOGIES INC,CETY
"CLEAN ENERGY TECHNOLOGIES, INC.",CETY
CLEAN HARBORS,CLH
CLEAN HARBORS INC,CLH
CLEAN VISION,CLNV
CLEAN VISION CORP,CLNV
CLEANCORE,ZONE
CLEANCORE SOLUTIONS INC,ZONE
"CLEANCORE SOLUTIONS,",ZONE
"CLEANCORE SOLUTIONS, INC.",ZONE
CLEANSPARK INC,CLSK
CLEANSPARK INC,CLSKW
"CLEANSPARK,",CLSK
"CLEANSPARK,",CLSKW
"CLEANSPARK, INC.",CLSKW
"CLEANSPARK, INC.",CLSK
CLEAR,YOU
CLEAR,CCO
CLEAR CHANNEL,CCO
CLEAR CHANNEL OUTDOOR HOLDINGS INC,CCO
"CLEAR CHANNEL OUTDOOR HOLDINGS, INC.",CCO
CLEAR SECURE INC,YOU
"CLEAR SECURE,",YOU
"CLEAR SECURE, INC.",YOU
CLEARBRIDGE,EMO
CLEARBRIDGE ENERGY,EMO
CLEARBRIDGE ENERGY MIDSTREAM OPPORTUNITY FUND INC,EMO
CLEARBRIDGE ENERGY MIDSTREAM OPPORTUNITY FUND INC.,EMO
CLEARFIELD INC,CLFD
"CLEARFIELD,",CLFD
"CLEARFIELD, INC.",CLFD
CLEARMIND,CMND
CLEARMIND MEDICINE,CMND
CLEARMIND MEDICINE INC,CMND
CLEARMIND MEDICINE INC.,CMND
CLEARONE,CLRO
CLEARONE INC,CLRO
CLEARPOINT,CLPT
CLEARPOINT NEURO INC,CLPT
"CLEARPOINT NEURO,",CLPT
"CLEARPOINT NEURO, INC.",CLPT
CLEARSIDE,CLSD
CLEARSIDE BIOMEDICAL INC,CLSD
"CLEARSIDE BIOMEDICAL,",CLSD
"CLEARSIDE BIOMEDICAL, INC.",CLSD
CLEARSIGN,CLIR
CLEARSIGN TECHNOLOGIES,CLIR
CLEARSIGN TECHNOLOGIES CORP,CLIR
CLEARTRONIC INC,CLRI
"CLEARTRONIC,",CLRI
"CLEARTRONIC, INC.",CLRI
CLEARWATER,CWAN
CLEARWATER,CLW
CLEARWATER ANALYTICS,CWAN
CLEARWATER ANALYTICS HOLDINGS INC,CWAN
"CLEARWATER ANALYTICS HOLDINGS, INC.",CWAN
CLEARWATER PAPER,CLW
CLEARWATER PAPER CORP,CLW
CLEARWAY,CWEN
CLEARWAY ENERGY INC,CWEN
"CLEARWAY ENERGY,",CWEN
"CLEARWAY ENERGY, INC.",CWEN
CLENE,CLNN
CLENE,CLNNW
CLENE INC,CLNN
CLENE INC,CLNNW
CLENE INC.,CLNN
CLENE INC.,CLNNW
CLEVELAND-CLIFFS,CLF
CLEVELAND-CLIFFS INC.,CLF
CLEVELANDCLIFFS INC,CLF
CLICK,CLIK
CLICK HOLDINGS,CLIK
CLICK HOLDINGS LTD,CLIK
CLICK HOLDINGS LTD.,CLIK
CLIMATEROCK,CLRRF
CLIMATEROCK,CLRCF
CLIMB,CLYM
CLIMB,CLMB
CLIMB BIO INC,CLYM
"CLIMB BIO,",CLYM
"CLIMB BIO, INC.",CLYM
CLIMB GLOBAL,CLMB
CLIMB GLOBAL SOLUTIONS INC,CLMB
"CLIMB GLOBAL SOLUTIONS, INC.",CLMB
CLIPPER,CLPR
CLIPPER REALTY,CLPR
CLIPPER REALTY INC,CLPR
CLIPPER REALTY INC.,CLPR
CLOOPEN,RAASY
CLOOPEN GROUP,RAASY
CLOOPEN GROUP HOLDING,RAASY
CLOOPEN GROUP HOLDING LTD,RAASY
CLOROX,CLX
CLOROX CO /DE/,CLX
CLOROX CO DE,CLX
CLOUD3,CLDVF
CLOUD3 VENTURES,CLDVF
CLOUD3 VENTURES INC,CLDVF
CLOUD3 VENTURES INC.,CLDVF
CLOUDASTRUCTURE INC,CSAI
"CLOUDASTRUCTURE,",CSAI
"CLOUDASTRUCTURE, INC.",CSAI
CLOUDFLARE INC,NET
"CLOUDFLARE,",NET
"CLOUDFLARE, INC.",NET
CLOUDWEB INC,CLOW
"CLOUDWEB,",CLOW
"CLOUDWEB, INC.",CLOW
CLOUGH,GLQ
CLOUGH,GLV
CLOUGH,GLO
CLOUGH GLOBAL,GLQ
CLOUGH GLOBAL,GLO
CLOUGH GLOBAL,GLV
CLOUGH GLOBAL DIVIDEND  INCOME FUND,GLV
CLOUGH GLOBAL DIVIDEND & INCOME FUND,GLV
CLOUGH GLOBAL EQUITY FUND,GLQ
CLOUGH GLOBAL OPPORTUNITIES FUND,GLO
CLOVER,CLOV
CLOVER HEALTH,CLOV
CLOVER HEALTH INVESTMENTS CORP DE,CLOV
"CLOVER HEALTH INVESTMENTS, CORP. /DE",CLOV
CLPS,CLPS
CLPS INC,CLPS
CLS,CLSH
CLS HOLDINGS,CLSH
CLS HOLDINGS USA INC,CLSH
"CLS HOLDINGS USA, INC.",CLSH
CMB.TECH,CMBT
CMB.TECH NV,CMBT
CMBTECH,CMBT
CME,CME
CME GROUP,CME
CME GROUP INC,CME
CME GROUP INC.,CME
CMG,CMGO
CMG HOLDINGS,CMGO
CMG HOLDINGS GROUP INC,CMGO
"CMG HOLDINGS GROUP, INC.",CMGO
CMS,CMSC
CMS,CMSD
CMS,CMS
CMS,CMSA
CMS ENERGY,CMS
CMS ENERGY,CMSD
CMS ENERGY,CMSC
CMS ENERGY,CMSA
CMS ENERGY CORP,CMSC
CMS ENERGY CORP,CMSD
CMS ENERGY CORP,CMS
CMS ENERGY CORP,CMSA
CN ENERGY GROUP INC,CNEY
CN ENERGY GROUP. INC.,CNEY
CNA,CNA
CNA FINANCIAL,CNA
CNA FINANCIAL CORP,CNA
CNB,CCNE
CNB,CCNEP
CNB FINANCIAL,CCNE
CNB FINANCIAL,CCNEP
CNB FINANCIAL CORP/PA,CCNE
CNB FINANCIAL CORP/PA,CCNEP
CNB FINANCIAL CORPPA,CCNEP
CNB FINANCIAL CORPPA,CCNE
CNBX,CNBX
CNBX PHARMACEUTICALS,CNBX
CNBX PHARMACEUTICALS INC,CNBX
CNBX PHARMACEUTICALS INC.,CNBX
CNFINANCE,CNF
CNFINANCE HOLDINGS,CNF
CNFINANCE HOLDINGS LTD,CNF
CNFINANCE HOLDINGS LTD.,CNF
CNH,CNH
CNH INDUSTRIAL,CNH
CNH INDUSTRIAL N.V.,CNH
CNH INDUSTRIAL NV,CNH
CNL,CHTH
CNL HEALTHCARE,CHTH
CNL HEALTHCARE PROPERTIES INC,CHTH
"CNL HEALTHCARE PROPERTIES, INC.",CHTH
CNO,CNO
CNO FINANCIAL,CNO
CNO FINANCIAL GROUP INC,CNO
"CNO FINANCIAL GROUP, INC.",CNO
CNS,CNSP
CNS PHARMACEUTICALS INC,CNSP
"CNS PHARMACEUTICALS,",CNSP
"CNS PHARMACEUTICALS, INC.",CNSP
CNX,CNX
CNX RESOURCES,CNX
CNX RESOURCES CORP,CNX
"CO-DIAGNOSTICS,",CODX
"CO-DIAGNOSTICS, INC.",CODX
CO2,NOEMU
CO2,NOEM
CO2,NOEMW
CO2,NOEMR
CO2 ENERGY,NOEMR
CO2 ENERGY,NOEMW
CO2 ENERGY,NOEMU
CO2 ENERGY,NOEM
CO2 ENERGY TRANSITION CORP,NOEMR
CO2 ENERGY TRANSITION CORP,NOEM
CO2 ENERGY TRANSITION CORP,NOEMU
CO2 ENERGY TRANSITION CORP,NOEMW
CO2 ENERGY TRANSITION CORP.,NOEMU
CO2 ENERGY TRANSITION CORP.,NOEMW
CO2 ENERGY TRANSITION CORP.,NOEM
CO2 ENERGY TRANSITION CORP.,NOEMR
COASTAL,CCB
COASTAL FINANCIAL,CCB
COASTAL FINANCIAL CORP,CCB
COASTALSOUTH,COSO
COASTALSOUTH BANCSHARES INC,COSO
"COASTALSOUTH BANCSHARES,",COSO
"COASTALSOUTH BANCSHARES, INC.",COSO
COCA,KO
COCA,KOF
COCA,COCSF
COCA COLA,COCSF
COCA COLA,KO
COCA COLA,KOF
COCA COLA CO,KO
COCA COLA FEMSA SAB DE CV,KOF
COCA COLA FEMSA SAB DE CV,COCSF
COCA-COLA,COKE
COCA-COLA,CCEP
"COCA-COLA CONSOLIDATED,",COKE
"COCA-COLA CONSOLIDATED, INC.",COKE
COCA-COLA EUROPACIFIC,CCEP
COCA-COLA EUROPACIFIC PARTNERS PLC,CCEP
COCACOLA CONSOLIDATED INC,COKE
COCACOLA EUROPACIFIC PARTNERS,CCEP
COCRYSTAL,COCP
COCRYSTAL PHARMA INC,COCP
"COCRYSTAL PHARMA,",COCP
"COCRYSTAL PHARMA, INC.",COCP
CODA,CODA
CODA OCTOPUS,CODA
CODA OCTOPUS GROUP INC,CODA
"CODA OCTOPUS GROUP, INC.",CODA
CODE,CGAC
CODE GREEN,CGAC
CODE GREEN APPAREL,CGAC
CODE GREEN APPAREL CORP,CGAC
CODERE,CDROW
CODERE,CDRO
CODERE ONLINE,CDROW
CODERE ONLINE,CDRO
CODERE ONLINE LUXEMBOURG SA,CDRO
CODERE ONLINE LUXEMBOURG SA,CDROW
"CODERE ONLINE LUXEMBOURG, S.A.",CDROW
"CODERE ONLINE LUXEMBOURG, S.A.",CDRO
CODEXIS INC,CDXS
"CODEXIS,",CDXS
"CODEXIS, INC.",CDXS
CODIAGNOSTICS INC,CODX
COEPTIS,COEP
COEPTIS,COEPW
COEPTIS THERAPEUTICS,COEPW
COEPTIS THERAPEUTICS,COEP
COEPTIS THERAPEUTICS HOLDINGS INC,COEP
COEPTIS THERAPEUTICS HOLDINGS INC,COEPW
"COEPTIS THERAPEUTICS HOLDINGS, INC.",COEP
"COEPTIS THERAPEUTICS HOLDINGS, INC.",COEPW
COEUR,CDE
COEUR MINING INC,CDE
"COEUR MINING,",CDE
"COEUR MINING, INC.",CDE
COFFEE,JVA
COFFEE HOLDING,JVA
COFFEE HOLDING CO INC,JVA
COGENT,COGT
COGENT,CCOI
COGENT BIOSCIENCES INC,COGT
"COGENT BIOSCIENCES,",COGT
"COGENT BIOSCIENCES, INC.",COGT
COGENT COMMUNICATIONS,CCOI
COGENT COMMUNICATIONS HOLDINGS INC,CCOI
"COGENT COMMUNICATIONS HOLDINGS, INC.",CCOI
COGNEX,CGNX
COGNEX CORP,CGNX
COGNITION,CGTX
COGNITION THERAPEUTICS,CGTX
COGNITION THERAPEUTICS INC,CGTX
COGNIZANT,CTSH
COGNIZANT TECHNOLOGY,CTSH
COGNIZANT TECHNOLOGY SOLUTIONS CORP,CTSH
COGNYTE,CGNT
COGNYTE SOFTWARE,CGNT
COGNYTE SOFTWARE LTD,CGNT
COGNYTE SOFTWARE LTD.,CGNT
COHEN,CCIRW
COHEN,RLTY
COHEN,COHN
COHEN,PSF
COHEN,RFI
COHEN,RNP
COHEN,CCII
COHEN,CCIR
COHEN,FOF
COHEN,CCIRU
COHEN,LDP
COHEN,PTA
COHEN,RQI
COHEN,UTF
COHEN,CNS
COHEN  CO INC,COHN
COHEN  STEERS CLOSEDEND OPPORTUNITY FUND INC,FOF
COHEN  STEERS INC,CNS
COHEN  STEERS INFRASTRUCTURE FUND,UTF
COHEN  STEERS LTD DURATION PREFERRED  INCOME FUND INC,LDP
COHEN  STEERS QUALITY INCOME REALTY FUND,RQI
COHEN  STEERS REAL ESTATE OPPORTUNITIES  INCOME FUND,RLTY
COHEN  STEERS REIT  PREFERRED  INCOME FUND,RNP
COHEN  STEERS SELECT PREFERRED  INCOME FUND INC,PSF
COHEN  STEERS TAXADVANTAGED PREFERRED SECURITIES  INCOME FUND,PTA
COHEN  STEERS TOTAL RETURN REALTY FUND,RFI
COHEN & CO INC.,COHN
"COHEN & STEERS CLOSED-END OPPORTUNITY FUND, INC.",FOF
COHEN & STEERS INFRASTRUCTURE FUND INC,UTF
"COHEN & STEERS LTD DURATION PREFERRED & INCOME FUND, INC.",LDP
COHEN & STEERS QUALITY INCOME REALTY FUND INC,RQI
COHEN & STEERS REAL ESTATE OPPORTUNITIES & INCOME FUND,RLTY
COHEN & STEERS REIT & PREFERRED & INCOME FUND INC,RNP
"COHEN & STEERS SELECT PREFERRED & INCOME FUND, INC.",PSF
COHEN & STEERS TAX-ADVANTAGED PREFERRED SECURITIES & INCOME FUND,PTA
COHEN & STEERS TOTAL RETURN REALTY FUND INC,RFI
"COHEN & STEERS, INC.",CNS
COHEN CIRCLE,CCIRW
COHEN CIRCLE,CCIR
COHEN CIRCLE,CCII
COHEN CIRCLE,CCIRU
COHEN CIRCLE ACQUISITION CORP I,CCIR
COHEN CIRCLE ACQUISITION CORP I,CCIRU
COHEN CIRCLE ACQUISITION CORP I,CCIRW
COHEN CIRCLE ACQUISITION CORP II,CCII
COHEN CIRCLE ACQUISITION CORP. I,CCIRU
COHEN CIRCLE ACQUISITION CORP. I,CCIR
COHEN CIRCLE ACQUISITION CORP. I,CCIRW
COHEN CIRCLE ACQUISITION CORP. II,CCII
COHERENT,COHR
COHERENT CORP,COHR
COHERENT CORP.,COHR
COHERUS,CHRS
COHERUS ONCOLOGY INC,CHRS
"COHERUS ONCOLOGY,",CHRS
"COHERUS ONCOLOGY, INC.",CHRS
COHU,COHU
COHU INC,COHU
COINBASE,COIN
COINBASE GLOBAL INC,COIN
"COINBASE GLOBAL,",COIN
"COINBASE GLOBAL, INC.",COIN
COINCHECK,CNCK
COINCHECK,CNCKW
COINCHECK GROUP,CNCKW
COINCHECK GROUP,CNCK
COINCHECK GROUP N.V.,CNCKW
COINCHECK GROUP N.V.,CNCK
COINCHECK GROUP NV,CNCK
COINCHECK GROUP NV,CNCKW
COINSHARES,BRRR
COINSHARES VALKYRIE,BRRR
COINSHARES VALKYRIE BITCOIN FUND,BRRR
COJAX,CJAX
COJAX OIL,CJAX
COJAX OIL  GAS,CJAX
COJAX OIL & GAS CORP,CJAX
COLGATE,CL
COLGATE PALMOLIVE,CL
COLGATE PALMOLIVE CO,CL
COLIBRI,CRUCD
COLIBRI RESOURCE,CRUCD
COLIBRI RESOURCE CORP,CRUCD
COLLECTIVE,CNL
COLLECTIVE MINING,CNL
COLLECTIVE MINING LTD,CNL
COLLECTIVE MINING LTD.,CNL
COLLEGIUM,COLL
COLLEGIUM PHARMACEUTICAL,COLL
"COLLEGIUM PHARMACEUTICAL,",COLL
"COLLEGIUM PHARMACEUTICAL, INC",COLL
COLLIERS,CIGI
COLLIERS INTERNATIONAL,CIGI
COLLIERS INTERNATIONAL GROUP INC,CIGI
COLLIERS INTERNATIONAL GROUP INC.,CIGI
COLLPLANT,CLGN
COLLPLANT BIOTECHNOLOGIES,CLGN
COLLPLANT BIOTECHNOLOGIES LTD,CLGN
COLOMBIER,CLBR
COLOMBIER ACQUISITION,CLBR
COLOMBIER ACQUISITION CORP II,CLBR
COLOMBIER ACQUISITION CORP. II,CLBR
COLONY,CBAN
COLONY BANKCORP,CBAN
COLONY BANKCORP INC,CBAN
COLOR,ADD
COLOR STAR,ADD
COLOR STAR TECHNOLOGY CO LTD,ADD
"COLOR STAR TECHNOLOGY CO., LTD.",ADD
COLRUYT,CUYTF
COLRUYT SA,CUYTF
COLUMBIA,CLBK
COLUMBIA,STK
COLUMBIA,COLB
COLUMBIA,COLM
COLUMBIA BANKING,COLB
COLUMBIA BANKING SYSTEM INC,COLB
"COLUMBIA BANKING SYSTEM, INC.",COLB
COLUMBIA FINANCIAL INC,CLBK
"COLUMBIA FINANCIAL,",CLBK
"COLUMBIA FINANCIAL, INC.",CLBK
COLUMBIA SELIGMAN,STK
COLUMBIA SELIGMAN PREMIUM TECHNOLOGY GROWTH FUND INC,STK
"COLUMBIA SELIGMAN PREMIUM TECHNOLOGY GROWTH FUND, INC.",STK
COLUMBIA SPORTSWEAR,COLM
COLUMBIA SPORTSWEAR CO,COLM
COLUMBUS,CCCM
COLUMBUS,COLAR
COLUMBUS,CCCMU
COLUMBUS,COLAU
COLUMBUS,CCCMW
COLUMBUS,COLA
COLUMBUS,CMCO
COLUMBUS ACQUISITION,COLAR
COLUMBUS ACQUISITION,COLAU
COLUMBUS ACQUISITION,COLA
COLUMBUS ACQUISITION CORP/CAYMAN ISLANDS,COLAR
COLUMBUS ACQUISITION CORP/CAYMAN ISLANDS,COLAU
COLUMBUS ACQUISITION CORP/CAYMAN ISLANDS,COLA
COLUMBUS ACQUISITION CORPCAYMAN ISLANDS,COLA
COLUMBUS ACQUISITION CORPCAYMAN ISLANDS,COLAR
COLUMBUS ACQUISITION CORPCAYMAN ISLANDS,COLAU
COLUMBUS CIRCLE,CCCMU
COLUMBUS CIRCLE,CCCM
COLUMBUS CIRCLE,CCCMW
COLUMBUS CIRCLE CAPITAL CORP I,CCCMW
COLUMBUS CIRCLE CAPITAL CORP I,CCCM
COLUMBUS CIRCLE CAPITAL CORP I,CCCMU
COLUMBUS CIRCLE CAPITAL CORP. I,CCCM
COLUMBUS CIRCLE CAPITAL CORP. I,CCCMW
COLUMBUS CIRCLE CAPITAL CORP. I,CCCMU
COLUMBUS MCKINNON,CMCO
COLUMBUS MCKINNON CORP,CMCO
COMCAST,CMCSA
COMCAST,CCZ
COMCAST CORP,CMCSA
COMCAST CORP,CCZ
COMERICA,CMA
COMERICA INC,CMA
COMERICA INC /NEW/,CMA
COMERICA INC NEW,CMA
COMFORT,FIX
COMFORT SYSTEMS,FIX
COMFORT SYSTEMS USA,FIX
COMFORT SYSTEMS USA INC,FIX
COMFORTDELGRO,CDGLF
COMFORTDELGRO CORP,CDGLF
COMFORTDELGRO CORP LTD,CDGLF
COMMERCE,CBSH
COMMERCE,CMRZF
COMMERCE BANCSHARES,CBSH
COMMERCE BANCSHARES INC /MO/,CBSH
COMMERCE BANCSHARES INC MO,CBSH
COMMERCE RESOURCES,CMRZF
COMMERCE RESOURCES CORP,CMRZF
COMMERCE RESOURCES CORP.,CMRZF
COMMERCIAL,CVGI
COMMERCIAL,CMC
COMMERCIAL METALS,CMC
COMMERCIAL METALS CO,CMC
COMMERCIAL VEHICLE,CVGI
COMMERCIAL VEHICLE GROUP INC,CVGI
"COMMERCIAL VEHICLE GROUP, INC.",CVGI
COMMSCOPE,COMM
COMMSCOPE HOLDING,COMM
COMMSCOPE HOLDING COMPANY INC,COMM
"COMMSCOPE HOLDING COMPANY, INC.",COMM
COMMUNITY,CWBC
COMMUNITY,CMTV
COMMUNITY,CTBI
COMMUNITY,CBU
COMMUNITY,CHCT
COMMUNITY,CYH
COMMUNITY BANCORP,CMTV
COMMUNITY BANCORP /VT,CMTV
COMMUNITY BANCORP VT,CMTV
COMMUNITY FINANCIAL,CBU
COMMUNITY FINANCIAL SYSTEM INC,CBU
"COMMUNITY FINANCIAL SYSTEM, INC.",CBU
COMMUNITY HEALTH,CYH
COMMUNITY HEALTH SYSTEMS INC,CYH
COMMUNITY HEALTHCARE,CHCT
COMMUNITY HEALTHCARE TRUST,CHCT
COMMUNITY HEALTHCARE TRUST INC,CHCT
COMMUNITY TRUST,CTBI
COMMUNITY TRUST BANCORP INC /KY/,CTBI
COMMUNITY TRUST BANCORP INC KY,CTBI
COMMUNITY WEST,CWBC
COMMUNITY WEST BANCSHARES,CWBC
COMMVAULT,CVLT
COMMVAULT SYSTEMS,CVLT
COMMVAULT SYSTEMS INC,CVLT
COMPAGNIE,CODGF
COMPAGNIE,CFRUY
COMPAGNIE,CFRHF
COMPAGNIE DE SAINT GOBAIN,CODGF
COMPAGNIE FINANCIERE,CFRUY
COMPAGNIE FINANCIERE,CFRHF
COMPAGNIE FINANCIERE RICHEMONT AG /FI,CFRHF
COMPAGNIE FINANCIERE RICHEMONT AG /FI,CFRUY
COMPAGNIE FINANCIERE RICHEMONT AG FI,CFRHF
COMPAGNIE FINANCIERE RICHEMONT AG FI,CFRUY
COMPANHIA,SBS
COMPANHIA DE SANEAMENTO BASICO DO ESTADO DE SAO PAULO-SABESP,SBS
COMPANHIA DE SANEAMENTO BASICO DO ESTADO DE SAO PAULOSABESP,SBS
COMPASS,CDAWF
COMPASS,CODI
COMPASS,CDAQF
COMPASS,CMPX
COMPASS,CMP
COMPASS,CDAUF
COMPASS,CMPS
COMPASS DIGITAL,CDAUF
COMPASS DIGITAL,CDAWF
COMPASS DIGITAL,CDAQF
COMPASS DIGITAL ACQUISITION CORP,CDAWF
COMPASS DIGITAL ACQUISITION CORP,CDAQF
COMPASS DIGITAL ACQUISITION CORP,CDAUF
COMPASS DIGITAL ACQUISITION CORP.,CDAUF
COMPASS DIGITAL ACQUISITION CORP.,CDAWF
COMPASS DIGITAL ACQUISITION CORP.,CDAQF
COMPASS DIVERSIFIED,CODI
COMPASS DIVERSIFIED HOLDINGS,CODI
COMPASS INC,COMP
COMPASS MINERALS,CMP
COMPASS MINERALS INTERNATIONAL INC,CMP
COMPASS PATHWAYS,CMPS
COMPASS PATHWAYS PLC,CMPS
COMPASS THERAPEUTICS INC,CMPX
"COMPASS THERAPEUTICS,",CMPX
"COMPASS THERAPEUTICS, INC.",CMPX
"COMPASS,",COMP
"COMPASS, INC.",COMP
COMPLETE,SPWRW
COMPLETE,SPWR
COMPLETE SOLARIA INC,SPWR
COMPLETE SOLARIA INC,SPWRW
"COMPLETE SOLARIA,",SPWR
"COMPLETE SOLARIA,",SPWRW
"COMPLETE SOLARIA, INC.",SPWR
"COMPLETE SOLARIA, INC.",SPWRW
COMPOSECURE INC,CMPOW
COMPOSECURE INC,CMPO
"COMPOSECURE,",CMPOW
"COMPOSECURE,",CMPO
"COMPOSECURE, INC.",CMPO
"COMPOSECURE, INC.",CMPOW
COMPREHENSIVE,CMHSF
COMPREHENSIVE HEALTHCARE,CMHSF
COMPREHENSIVE HEALTHCARE SYSTEMS INC CANADA,CMHSF
COMPREHENSIVE HEALTHCARE SYSTEMS INC. (CANADA),CMHSF
COMPUGEN,CGEN
COMPUGEN LTD,CGEN
COMPX,CIX
COMPX INTERNATIONAL,CIX
COMPX INTERNATIONAL INC,CIX
COMSCORE INC,SCOR
"COMSCORE,",SCOR
"COMSCORE, INC.",SCOR
COMSTOCK,CRK
COMSTOCK,CHCI
COMSTOCK,LODE
COMSTOCK HOLDING,CHCI
COMSTOCK HOLDING COMPANIES INC,CHCI
"COMSTOCK HOLDING COMPANIES, INC.",CHCI
COMSTOCK INC,LODE
COMSTOCK INC.,LODE
COMSTOCK RESOURCES,CRK
COMSTOCK RESOURCES INC,CRK
COMTECH,CMTL
COMTECH TELECOMMUNICATIONS,CMTL
COMTECH TELECOMMUNICATIONS CORP /DE/,CMTL
COMTECH TELECOMMUNICATIONS CORP DE,CMTL
CONAGRA,CAG
CONAGRA BRANDS,CAG
CONAGRA BRANDS INC,CAG
CONAGRA BRANDS INC.,CAG
CONCENTRA,CON
CONCENTRA GROUP,CON
CONCENTRA GROUP HOLDINGS PARENT INC,CON
"CONCENTRA GROUP HOLDINGS PARENT, INC.",CON
CONCENTRIX,CNXC
CONCENTRIX CORP,CNXC
CONCORD,CCM
CONCORD,CNDAW
CONCORD,CNDA
CONCORD,CNDAU
CONCORD ACQUISITION,CNDAW
CONCORD ACQUISITION,CNDA
CONCORD ACQUISITION,CNDAU
CONCORD ACQUISITION CORP II,CNDAW
CONCORD ACQUISITION CORP II,CNDA
CONCORD ACQUISITION CORP II,CNDAU
CONCORD MEDICAL,CCM
CONCORD MEDICAL SERVICES HOLDINGS LTD,CCM
CONCORDE,CIGL
CONCORDE INTERNATIONAL,CIGL
CONCORDE INTERNATIONAL GROUP LTD,CIGL
CONCORDE INTERNATIONAL GROUP LTD.,CIGL
CONCRETE,CLEV
CONCRETE,BBCP
CONCRETE LEVELING,CLEV
CONCRETE LEVELING SYSTEMS INC,CLEV
CONCRETE PUMPING,BBCP
CONCRETE PUMPING HOLDINGS INC,BBCP
"CONCRETE PUMPING HOLDINGS, INC.",BBCP
CONDUENT,CNDT
CONDUENT INC,CNDT
CONDUIT,CDT
CONDUIT,CDTTW
CONDUIT PHARMACEUTICALS,CDT
CONDUIT PHARMACEUTICALS,CDTTW
CONDUIT PHARMACEUTICALS INC,CDT
CONDUIT PHARMACEUTICALS INC,CDTTW
CONDUIT PHARMACEUTICALS INC.,CDT
CONDUIT PHARMACEUTICALS INC.,CDTTW
CONECTISYS,CONC
CONECTISYS CORP,CONC
CONFLUENT INC,CFLT
"CONFLUENT,",CFLT
"CONFLUENT, INC.",CFLT
CONIFER,CNFR
CONIFER,CNFRZ
CONIFER HOLDINGS INC,CNFR
CONIFER HOLDINGS INC,CNFRZ
"CONIFER HOLDINGS,",CNFRZ
"CONIFER HOLDINGS,",CNFR
"CONIFER HOLDINGS, INC.",CNFR
"CONIFER HOLDINGS, INC.",CNFRZ
CONMED,CNMD
CONMED CORP,CNMD
CONNECT,CNTB
CONNECT BIOPHARMA,CNTB
CONNECT BIOPHARMA HOLDINGS LTD,CNTB
CONNECTICUT,CNTHP
CONNECTICUT,CNLTN
CONNECTICUT,CNLHN
CONNECTICUT,CNTHN
CONNECTICUT,CNLTP
CONNECTICUT,CNLPL
CONNECTICUT,CNLHP
CONNECTICUT,CNPWM
CONNECTICUT,CNLHO
CONNECTICUT,CNLPM
CONNECTICUT,CNTHO
CONNECTICUT,CNPWP
CONNECTICUT,CNLTL
CONNECTICUT LIGHT,CNLPM
CONNECTICUT LIGHT,CNTHP
CONNECTICUT LIGHT,CNLHP
CONNECTICUT LIGHT,CNTHN
CONNECTICUT LIGHT,CNLHN
CONNECTICUT LIGHT,CNLTL
CONNECTICUT LIGHT,CNLTN
CONNECTICUT LIGHT,CNPWM
CONNECTICUT LIGHT,CNPWP
CONNECTICUT LIGHT,CNTHO
CONNECTICUT LIGHT,CNLTP
CONNECTICUT LIGHT,CNLPL
CONNECTICUT LIGHT,CNLHO
CONNECTICUT LIGHT  POWER,CNLTP
CONNECTICUT LIGHT  POWER,CNLHP
CONNECTICUT LIGHT  POWER,CNPWP
CONNECTICUT LIGHT  POWER,CNLTN
CONNECTICUT LIGHT  POWER,CNLTL
CONNECTICUT LIGHT  POWER,CNLHO
CONNECTICUT LIGHT  POWER,CNTHP
CONNECTICUT LIGHT  POWER,CNPWM
CONNECTICUT LIGHT  POWER,CNLHN
CONNECTICUT LIGHT  POWER,CNTHN
CONNECTICUT LIGHT  POWER,CNTHO
CONNECTICUT LIGHT  POWER,CNLPL
CONNECTICUT LIGHT  POWER,CNLPM
CONNECTICUT LIGHT & POWER CO,CNLTN
CONNECTICUT LIGHT & POWER CO,CNLHP
CONNECTICUT LIGHT & POWER CO,CNLPM
CONNECTICUT LIGHT & POWER CO,CNLPL
CONNECTICUT LIGHT & POWER CO,CNTHO
CONNECTICUT LIGHT & POWER CO,CNLHO
CONNECTICUT LIGHT & POWER CO,CNLTL
CONNECTICUT LIGHT & POWER CO,CNPWM
CONNECTICUT LIGHT & POWER CO,CNLTP
CONNECTICUT LIGHT & POWER CO,CNPWP
CONNECTICUT LIGHT & POWER CO,CNTHP
CONNECTICUT LIGHT & POWER CO,CNLHN
CONNECTICUT LIGHT & POWER CO,CNTHN
CONNECTM,CNTM
CONNECTM TECHNOLOGY,CNTM
CONNECTM TECHNOLOGY SOLUTIONS INC,CNTM
"CONNECTM TECHNOLOGY SOLUTIONS, INC.",CNTM
CONNECTONE,CNOBP
CONNECTONE,CNOB
CONNECTONE BANCORP INC,CNOBP
CONNECTONE BANCORP INC,CNOB
"CONNECTONE BANCORP,",CNOBP
"CONNECTONE BANCORP,",CNOB
"CONNECTONE BANCORP, INC.",CNOBP
"CONNECTONE BANCORP, INC.",CNOB
CONNEXA,YYAI
CONNEXA SPORTS,YYAI
CONNEXA SPORTS TECHNOLOGIES INC,YYAI
CONNEXA SPORTS TECHNOLOGIES INC.,YYAI
CONNEXIONONE,CNNN
CONNEXIONONE CORP,CNNN
CONNEXIONONE CORP.,CNNN
CONOCOPHILLIPS,COP
CONSENSUS,CCSI
CONSENSUS CLOUD,CCSI
CONSENSUS CLOUD SOLUTIONS INC,CCSI
"CONSENSUS CLOUD SOLUTIONS, INC.",CCSI
CONSERVATIVE,CBMJ
CONSERVATIVE BROADCAST,CBMJ
CONSERVATIVE BROADCAST MEDIA  PUBLISHING INC,CBMJ
"CONSERVATIVE BROADCAST MEDIA & PUBLISHING, INC.",CBMJ
CONSOLIDATED,ED
CONSOLIDATED,CWCO
CONSOLIDATED EDISON,ED
CONSOLIDATED EDISON INC,ED
CONSOLIDATED WATER,CWCO
CONSOLIDATED WATER CO LTD,CWCO
CONSOLIDATED WATER CO. LTD.,CWCO
CONSTELLATION,CEG
CONSTELLATION,CSTWF
CONSTELLATION,CSTUF
CONSTELLATION,CSTAF
CONSTELLATION,STZ
CONSTELLATION ACQUISITION,CSTAF
CONSTELLATION ACQUISITION,CSTWF
CONSTELLATION ACQUISITION,CSTUF
CONSTELLATION ACQUISITION CORP I,CSTAF
CONSTELLATION ACQUISITION CORP I,CSTWF
CONSTELLATION ACQUISITION CORP I,CSTUF
CONSTELLATION BRANDS INC,STZ
"CONSTELLATION BRANDS,",STZ
"CONSTELLATION BRANDS, INC.",STZ
CONSTELLATION ENERGY,CEG
CONSTELLATION ENERGY CORP,CEG
CONSTELLIUM,CSTM
CONSTELLIUM SE,CSTM
CONSTRUCTION,ROAD
CONSTRUCTION PARTNERS INC,ROAD
"CONSTRUCTION PARTNERS,",ROAD
"CONSTRUCTION PARTNERS, INC.",ROAD
CONSUMER,CPSS
CONSUMER PORTFOLIO,CPSS
CONSUMER PORTFOLIO SERVICES INC,CPSS
"CONSUMER PORTFOLIO SERVICES, INC.",CPSS
CONSUMERS,CBKM
CONSUMERS BANCORP,CBKM
CONSUMERS BANCORP INC /OH/,CBKM
CONSUMERS BANCORP INC OH,CBKM
CONTANGO,CTGO
CONTANGO ORE INC,CTGO
"CONTANGO ORE,",CTGO
"CONTANGO ORE, INC.",CTGO
CONTEMPORARY,CTATF
CONTEMPORARY AMPEREX,CTATF
CONTEMPORARY AMPEREX TECHNOLOGY CO LIMITEDADR,CTATF
"CONTEMPORARY AMPEREX TECHNOLOGY CO., LIMITED/ADR",CTATF
CONTEXT,CNTX
CONTEXT THERAPEUTICS,CNTX
CONTEXT THERAPEUTICS INC,CNTX
CONTEXT THERAPEUTICS INC.,CNTX
CONTEXTLOGIC,LOGC
CONTEXTLOGIC INC,LOGC
CONTEXTLOGIC INC.,LOGC
CONTINEUM,CTNM
CONTINEUM THERAPEUTICS INC,CTNM
"CONTINEUM THERAPEUTICS,",CTNM
"CONTINEUM THERAPEUTICS, INC.",CTNM
CONTROLADORA,VLRS
CONTROLADORA,CTTRF
CONTROLADORA VUELA,VLRS
CONTROLADORA VUELA,CTTRF
CONTROLADORA VUELA COMPANIA DE AVIACION SAB DE CV,VLRS
CONTROLADORA VUELA COMPANIA DE AVIACION SAB DE CV,CTTRF
"CONTROLADORA VUELA COMPANIA DE AVIACION, S.A.B. DE C.V.",VLRS
"CONTROLADORA VUELA COMPANIA DE AVIACION, S.A.B. DE C.V.",CTTRF
COOL,CLCO
COOL CO LTD,CLCO
COOL CO LTD.,CLCO
COOPER,COO
COOPER COMPANIES INC,COO
"COOPER COMPANIES,",COO
"COOPER COMPANIES, INC.",COO
COOPER-STANDARD,CPS
COOPER-STANDARD HOLDINGS,CPS
COOPER-STANDARD HOLDINGS INC.,CPS
COOPERSTANDARD HOLDINGS INC,CPS
COOTEK(CAYMAN)INC.,CTKYY
COOTEKCAYMANINC,CTKYY
COPA,CPA
COPA HOLDINGS SA,CPA
"COPA HOLDINGS,",CPA
"COPA HOLDINGS, S.A.",CPA
COPART,CPRT
COPART INC,CPRT
COPLEY,COPL
COPLEY ACQUISITION,COPL
COPLEY ACQUISITION CORP,COPL
COPPER,CPPTL
COPPER PROPERTY,CPPTL
COPPER PROPERTY CTL PASS THROUGH TRUST,CPPTL
COPPERNICO,CPPMF
COPPERNICO METALS,CPPMF
COPPERNICO METALS INC,CPPMF
COPPERNICO METALS INC.,CPPMF
COPT,CDP
COPT DEFENSE,CDP
COPT DEFENSE PROPERTIES,CDP
CORBUS,CRBP
CORBUS PHARMACEUTICALS,CRBP
CORBUS PHARMACEUTICALS HOLDINGS INC,CRBP
"CORBUS PHARMACEUTICALS HOLDINGS, INC.",CRBP
CORCEPT,CORT
CORCEPT THERAPEUTICS,CORT
CORCEPT THERAPEUTICS INC,CORT
CORDOVACANN,LVRLF
CORDOVACANN CORP,LVRLF
CORDOVACANN CORP.,LVRLF
CORDYCEPS,RAJAF
CORDYCEPS SUNSHINE,RAJAF
CORDYCEPS SUNSHINE BIOTECH HOLDINGS CO LTD,RAJAF
"CORDYCEPS SUNSHINE BIOTECH HOLDINGS CO., LTD.",RAJAF
CORE,CORZW
CORE,CORZZ
CORE,CORZ
CORE,CNM
CORE,CLB
CORE,CORZR
CORE,CCOOD
CORE,CMT
CORE,CCOOF
CORE,CNR
CORE  MAIN INC,CNM
"CORE & MAIN, INC.",CNM
CORE ASSETS,CCOOD
CORE ASSETS,CCOOF
CORE ASSETS CORP,CCOOF
CORE ASSETS CORP,CCOOD
CORE ASSETS CORP.,CCOOF
CORE ASSETS CORP.,CCOOD
CORE LABORATORIES,CLB
CORE LABORATORIES INC DE,CLB
CORE LABORATORIES INC. /DE/,CLB
CORE MOLDING,CMT
CORE MOLDING TECHNOLOGIES INC,CMT
CORE NATURAL,CNR
CORE NATURAL RESOURCES INC,CNR
"CORE NATURAL RESOURCES, INC.",CNR
CORE SCIENTIFIC INCTX,CORZ
CORE SCIENTIFIC INCTX,CORZR
CORE SCIENTIFIC INCTX,CORZZ
CORE SCIENTIFIC INCTX,CORZW
"CORE SCIENTIFIC,",CORZZ
"CORE SCIENTIFIC,",CORZR
"CORE SCIENTIFIC,",CORZW
"CORE SCIENTIFIC,",CORZ
"CORE SCIENTIFIC, INC./TX",CORZZ
"CORE SCIENTIFIC, INC./TX",CORZ
"CORE SCIENTIFIC, INC./TX",CORZW
"CORE SCIENTIFIC, INC./TX",CORZR
COREBRIDGE,CRBD
COREBRIDGE,CRBG
COREBRIDGE FINANCIAL INC,CRBG
COREBRIDGE FINANCIAL INC,CRBD
"COREBRIDGE FINANCIAL,",CRBG
"COREBRIDGE FINANCIAL,",CRBD
"COREBRIDGE FINANCIAL, INC.",CRBG
"COREBRIDGE FINANCIAL, INC.",CRBD
CORECARD,CCRD
CORECARD CORP,CCRD
CORECIVIC INC,CXW
"CORECIVIC,",CXW
"CORECIVIC, INC.",CXW
COREWEAVE INC,CRWV
"COREWEAVE,",CRWV
"COREWEAVE, INC.",CRWV
CORMEDIX,CRMD
CORMEDIX INC,CRMD
CORMEDIX INC.,CRMD
CORNERSTONE,CLM
CORNERSTONE,CRF
CORNERSTONE STRATEGIC,CLM
CORNERSTONE STRATEGIC INVESTMENT FUND INC,CLM
"CORNERSTONE STRATEGIC INVESTMENT FUND, INC.",CLM
CORNERSTONE TOTAL,CRF
CORNERSTONE TOTAL RETURN FUND,CRF
CORNERSTONE TOTAL RETURN FUND INC,CRF
CORNING,GLW
CORNING INC,GLW
CORNING INC /NY,GLW
CORNING INC NY,GLW
CORONADO,CODQL
CORONADO GLOBAL,CODQL
CORONADO GLOBAL RESOURCES INC,CODQL
CORONADO GLOBAL RESOURCES INC.,CODQL
CORPAY INC,CPAY
"CORPAY,",CPAY
"CORPAY, INC.",CPAY
CORPORACION,CAAP
CORPORACION AMERICA,CAAP
CORPORACION AMERICA AIRPORTS S.A.,CAAP
CORPORACION AMERICA AIRPORTS SA,CAAP
CORRELATE,CIPI
CORRELATE ENERGY,CIPI
CORRELATE ENERGY CORP,CIPI
CORRELATE ENERGY CORP.,CIPI
CORSAIR,CRSR
CORSAIR GAMING INC,CRSR
"CORSAIR GAMING,",CRSR
"CORSAIR GAMING, INC.",CRSR
CORTEVA INC,CTVA
"CORTEVA,",CTVA
"CORTEVA, INC.",CTVA
CORTIGENT INC,CRGT
"CORTIGENT,",CRGT
"CORTIGENT, INC.",CRGT
CORVEL,CRVL
CORVEL CORP,CRVL
CORVUS,CRVS
CORVUS PHARMACEUTICALS INC,CRVS
"CORVUS PHARMACEUTICALS,",CRVS
"CORVUS PHARMACEUTICALS, INC.",CRVS
COSAN,CSAN
COSAN S.A.,CSAN
COSAN SA,CSAN
COSCIENS,CSCI
COSCIENS BIOPHARMA,CSCI
COSCIENS BIOPHARMA INC,CSCI
COSCIENS BIOPHARMA INC.,CSCI
COSMOS,COSM
COSMOS HEALTH,COSM
COSMOS HEALTH INC,COSM
COSMOS HEALTH INC.,COSM
COSTAMARE,CMRE
COSTAMARE,CMDB
COSTAMARE BULKERS,CMDB
COSTAMARE BULKERS HOLDINGS LTD,CMDB
COSTAMARE INC,CMRE
COSTAMARE INC.,CMRE
COSTAR,CSGP
COSTAR GROUP INC,CSGP
"COSTAR GROUP,",CSGP
"COSTAR GROUP, INC.",CSGP
COSTCO,COST
COSTCO WHOLESALE,COST
COSTCO WHOLESALE CORP /NEW,COST
COSTCO WHOLESALE CORP NEW,COST
COTERRA,CTRA
COTERRA ENERGY,CTRA
COTERRA ENERGY INC,CTRA
COTERRA ENERGY INC.,CTRA
COTWO,CTWO
COTWO ADVISORS,CTWO
COTWO ADVISORS PHYSICAL EUROPEAN CARBON ALLOWANCE TRUST,CTWO
COTY,COTY
COTY INC,COTY
COTY INC.,COTY
COUCHBASE INC,BASE
"COUCHBASE,",BASE
"COUCHBASE, INC.",BASE
COUPANG INC,CPNG
"COUPANG,",CPNG
"COUPANG, INC.",CPNG
COURSERA INC,COUR
"COURSERA,",COUR
"COURSERA, INC.",COUR
COUSINS,CUZ
COUSINS PROPERTIES,CUZ
COUSINS PROPERTIES INC,CUZ
COVENANT,CVLG
COVENANT LOGISTICS,CVLG
COVENANT LOGISTICS GROUP INC,CVLG
"COVENANT LOGISTICS GROUP, INC.",CVLG
COYA,COYA
COYA THERAPEUTICS INC,COYA
"COYA THERAPEUTICS,",COYA
"COYA THERAPEUTICS, INC.",COYA
CPI,PMTS
CPI,CVU
CPI AEROSTRUCTURES,CVU
CPI AEROSTRUCTURES INC,CVU
CPI CARD,PMTS
CPI CARD GROUP INC,PMTS
CPI CARD GROUP INC.,PMTS
CPS,CPSH
CPS TECHNOLOGIES,CPSH
CPS TECHNOLOGIES CORP/DE/,CPSH
CPS TECHNOLOGIES CORPDE,CPSH
CRA,CRAI
CRA INTERNATIONAL INC,CRAI
"CRA INTERNATIONAL,",CRAI
"CRA INTERNATIONAL, INC.",CRAI
CRACKER,CBRL
CRACKER BARREL,CBRL
CRACKER BARREL OLD COUNTRY STORE,CBRL
"CRACKER BARREL OLD COUNTRY STORE, INC",CBRL
CRANE,CHACR
CRANE,CHACU
CRANE,CHAC
CRANE,CXT
CRANE,CR
CRANE CO,CR
CRANE HARBOR,CHACR
CRANE HARBOR,CHACU
CRANE HARBOR,CHAC
CRANE HARBOR ACQUISITION CORP,CHAC
CRANE HARBOR ACQUISITION CORP,CHACR
CRANE HARBOR ACQUISITION CORP,CHACU
CRANE HARBOR ACQUISITION CORP.,CHACR
CRANE HARBOR ACQUISITION CORP.,CHAC
CRANE HARBOR ACQUISITION CORP.,CHACU
CRANE NXT CO,CXT
"CRANE NXT,",CXT
"CRANE NXT, CO.",CXT
CRAWFORD,CRAWA
CRAWFORD,CRD-B
CRAWFORD,CRD-A
CRAWFORD & CO,CRD-A
CRAWFORD & CO,CRD-B
CRAWFORD UNITED,CRAWA
CRAWFORD UNITED CORP,CRAWA
CRE8,CRE
CRE8 ENTERPRISE,CRE
CRE8 ENTERPRISE LTD,CRE
CREATD INC,CRTDW
CREATD INC,CRTD
"CREATD,",CRTD
"CREATD,",CRTDW
"CREATD, INC.",CRTD
"CREATD, INC.",CRTDW
CREATIVE,CMCT
CREATIVE,CELZ
CREATIVE,CREX
CREATIVE,CGTL
CREATIVE GLOBAL,CGTL
CREATIVE GLOBAL TECHNOLOGY,CGTL
CREATIVE GLOBAL TECHNOLOGY HOLDINGS LTD,CGTL
CREATIVE MEDIA,CMCT
CREATIVE MEDIA  COMMUNITY TRUST,CMCT
CREATIVE MEDIA & COMMUNITY TRUST CORP,CMCT
CREATIVE MEDICAL,CELZ
CREATIVE MEDICAL TECHNOLOGY HOLDINGS INC,CELZ
"CREATIVE MEDICAL TECHNOLOGY HOLDINGS, INC.",CELZ
CREATIVE REALITIES INC,CREX
"CREATIVE REALITIES,",CREX
"CREATIVE REALITIES, INC.",CREX
CREDICORP,BAP
CREDICORP LTD,BAP
CREDIT,CIK
CREDIT,SLVO
CREDIT,GLDI
CREDIT,CRARF
CREDIT,USOI
CREDIT,CACC
CREDIT,DHY
CREDIT ACCEPTANCE,CACC
CREDIT ACCEPTANCE CORP,CACC
CREDIT AGRICOLE,CRARF
CREDIT AGRICOLE S A,CRARF
CREDIT SUISSE,CIK
CREDIT SUISSE,USOI
CREDIT SUISSE,SLVO
CREDIT SUISSE,GLDI
CREDIT SUISSE,DHY
CREDIT SUISSE AG,GLDI
CREDIT SUISSE AG,SLVO
CREDIT SUISSE AG,USOI
CREDIT SUISSE ASSET MANAGEMENT INCOME FUND INC,CIK
"CREDIT SUISSE ASSET MANAGEMENT INCOME FUND, INC.",CIK
CREDIT SUISSE HIGH YIELD BOND FUND,DHY
CREDITRISKMONITOR,CRMZ
CREDITRISKMONITOR COM,CRMZ
CREDITRISKMONITOR COM INC,CRMZ
CREDO,CRDO
CREDO TECHNOLOGY,CRDO
CREDO TECHNOLOGY GROUP HOLDING,CRDO
CREDO TECHNOLOGY GROUP HOLDING LTD,CRDO
CRESCENT,CRGY
CRESCENT,FCRX
CRESCENT,CCAP
CRESCENT CAPITAL,CCAP
CRESCENT CAPITAL,FCRX
CRESCENT CAPITAL BDC INC,FCRX
CRESCENT CAPITAL BDC INC,CCAP
"CRESCENT CAPITAL BDC, INC.",CCAP
"CRESCENT CAPITAL BDC, INC.",FCRX
CRESCENT ENERGY,CRGY
CRESCENT ENERGY CO,CRGY
CRESCO,CRLBF
CRESCO LABS,CRLBF
CRESCO LABS INC,CRLBF
CRESCO LABS INC.,CRLBF
CRESUD,CRESW
CRESUD,CRESY
CRESUD INC,CRESY
CRESUD INC,CRESW
CREXENDO INC,CXDO
"CREXENDO,",CXDO
"CREXENDO, INC.",CXDO
CRH,CRH
CRH PUBLIC,CRH
CRH PUBLIC LTD CO,CRH
CRICUT INC,CRCT
"CRICUT,",CRCT
"CRICUT, INC.",CRCT
CRIMSON,CWGL
CRIMSON WINE,CWGL
CRIMSON WINE GROUP,CWGL
"CRIMSON WINE GROUP, LTD",CWGL
CRINETICS,CRNX
CRINETICS PHARMACEUTICALS INC,CRNX
"CRINETICS PHARMACEUTICALS,",CRNX
"CRINETICS PHARMACEUTICALS, INC.",CRNX
CRISPR,CRSP
CRISPR THERAPEUTICS,CRSP
CRISPR THERAPEUTICS AG,CRSP
CRITEO,CRTO
CRITEO S.A.,CRTO
CRITEO SA,CRTO
CRITICAL,CRML
CRITICAL,CRMLW
CRITICAL METALS,CRML
CRITICAL METALS,CRMLW
CRITICAL METALS CORP,CRMLW
CRITICAL METALS CORP,CRML
CRITICAL METALS CORP.,CRML
CRITICAL METALS CORP.,CRMLW
CROCS INC,CROX
"CROCS,",CROX
"CROCS, INC.",CROX
CRONA,CCCP
CRONA CORP,CCCP
CRONA CORP.,CCCP
CRONOS,CRON
CRONOS GROUP,CRON
CRONOS GROUP INC,CRON
CRONOS GROUP INC.,CRON
CROSS,CCRN
CROSS,CRT
CROSS COUNTRY,CCRN
CROSS COUNTRY HEALTHCARE,CCRN
CROSS COUNTRY HEALTHCARE INC,CCRN
CROSS TIMBERS,CRT
CROSS TIMBERS ROYALTY TRUST,CRT
CROSSAMERICA,CAPL
CROSSAMERICA PARTNERS,CAPL
CROSSAMERICA PARTNERS LP,CAPL
CROWDSTRIKE,CRWD
CROWDSTRIKE HOLDINGS INC,CRWD
"CROWDSTRIKE HOLDINGS,",CRWD
"CROWDSTRIKE HOLDINGS, INC.",CRWD
CROWN,CCK
CROWN,CRAC
CROWN,CGBSW
CROWN,CRWS
CROWN,CRWE
CROWN,CCI
CROWN,CRKN
CROWN,CGBS
CROWN CASTLE,CCI
CROWN CASTLE INC,CCI
CROWN CASTLE INC.,CCI
CROWN CRAFTS,CRWS
CROWN CRAFTS INC,CRWS
CROWN ELECTROKINETICS,CRKN
CROWN ELECTROKINETICS CORP,CRKN
CROWN ELECTROKINETICS CORP.,CRKN
CROWN EQUITY,CRWE
CROWN EQUITY HOLDINGS INC,CRWE
"CROWN EQUITY HOLDINGS, INC.",CRWE
CROWN HOLDINGS INC,CCK
"CROWN HOLDINGS,",CCK
"CROWN HOLDINGS, INC.",CCK
CROWN LNG,CGBS
CROWN LNG,CGBSW
CROWN LNG HOLDINGS LTD,CGBSW
CROWN LNG HOLDINGS LTD,CGBS
CROWN RESERVE,CRAC
CROWN RESERVE ACQUISITION CORP I,CRAC
CROWN RESERVE ACQUISITION CORP. I,CRAC
CRYO,CCEL
CRYO CELL,CCEL
CRYO CELL INTERNATIONAL INC,CCEL
CRYOMASS,CRYM
CRYOMASS TECHNOLOGIES INC,CRYM
"CRYOMASS TECHNOLOGIES,",CRYM
"CRYOMASS TECHNOLOGIES, INC.",CRYM
CRYOPORT INC,CYRX
"CRYOPORT,",CYRX
"CRYOPORT, INC.",CYRX
CRYPTO,CRCW
CRYPTO CO,CRCW
CS DIAGNOSTICS CORP,CSDX
CS DIAGNOSTICS CORP.,CSDX
CS DISCO INC,LAW
"CS DISCO, INC.",LAW
CSB,CSBB
CSB BANCORP INC,CSBB
"CSB BANCORP,",CSBB
"CSB BANCORP, INC.",CSBB
CSG,CSGS
CSG SYSTEMS,CSGS
CSG SYSTEMS INTERNATIONAL INC,CSGS
CSLM,CSLRF
CSLM,FUSE
CSLM,CSLUF
CSLM,CSLWF
CSLM,CSLMF
CSLM ACQUISITION,CSLMF
CSLM ACQUISITION,CSLRF
CSLM ACQUISITION,CSLWF
CSLM ACQUISITION,CSLUF
CSLM ACQUISITION CORP,CSLUF
CSLM ACQUISITION CORP,CSLWF
CSLM ACQUISITION CORP,CSLMF
CSLM ACQUISITION CORP,CSLRF
CSLM ACQUISITION CORP.,CSLWF
CSLM ACQUISITION CORP.,CSLUF
CSLM ACQUISITION CORP.,CSLRF
CSLM ACQUISITION CORP.,CSLMF
CSLM HOLDINGS,FUSE
CSLM HOLDINGS INC,FUSE
CSLM HOLDINGS INC.,FUSE
CSP,CSPI
CSP INC,CSPI
CSP INC /MA/,CSPI
CSP INC MA,CSPI
CSW,CSW
CSW INDUSTRIALS INC,CSW
"CSW INDUSTRIALS,",CSW
"CSW INDUSTRIALS, INC.",CSW
CSX,CSX
CSX CORP,CSX
CTF,NWSZF
CTF,NWSGY
CTF SERVICES,NWSZF
CTF SERVICES,NWSGY
CTF SERVICES LTD,NWSGY
CTF SERVICES LTD,NWSZF
CTO,CTO
CTO REALTY,CTO
CTO REALTY GROWTH INC,CTO
"CTO REALTY GROWTH, INC.",CTO
CTRL,MCTR
CTRL GROUP,MCTR
CTRL GROUP LTD,MCTR
CTS,CTS
CTS CORP,CTS
CTW,CTW
CTW CAYMAN,CTW
CUBESMART,CUBE
CUE,CUE
CUE BIOPHARMA INC,CUE
"CUE BIOPHARMA,",CUE
"CUE BIOPHARMA, INC.",CUE
CULLEN/FROST,CFR
"CULLEN/FROST BANKERS,",CFR
"CULLEN/FROST BANKERS, INC.",CFR
CULLENFROST BANKERS INC,CFR
CULLINAN,CGEM
CULLINAN THERAPEUTICS INC,CGEM
"CULLINAN THERAPEUTICS,",CGEM
"CULLINAN THERAPEUTICS, INC.",CGEM
CULLMAN,CULL
CULLMAN BANCORP INC MD,CULL
"CULLMAN BANCORP,",CULL
"CULLMAN BANCORP, INC. /MD/",CULL
CULP,CULP
CULP INC,CULP
CUMBERLAND,CPIX
CUMBERLAND PHARMACEUTICALS,CPIX
CUMBERLAND PHARMACEUTICALS INC,CPIX
CUMMINS,CMI
CUMMINS INC,CMI
CUMULUS,CMLS
CUMULUS MEDIA,CMLS
CUMULUS MEDIA INC,CMLS
CUPRINA,CUPR
CUPRINA HOLDINGS,CUPR
CUPRINA HOLDINGS (CAYMAN) LTD,CUPR
CUPRINA HOLDINGS CAYMAN,CUPR
CURALEAF,CURLF
CURALEAF HOLDINGS INC,CURLF
"CURALEAF HOLDINGS,",CURLF
"CURALEAF HOLDINGS, INC.",CURLF
CURANEX,CURX
CURANEX PHARMACEUTICALS,CURX
CURANEX PHARMACEUTICALS INC,CURX
CURATIVE,CUBT
CURATIVE BIOTECHNOLOGY,CUBT
CURATIVE BIOTECHNOLOGY INC,CUBT
CURBLINE,CURB
CURBLINE PROPERTIES,CURB
CURBLINE PROPERTIES CORP,CURB
CURBLINE PROPERTIES CORP.,CURB
CUREVAC,CVAC
CUREVAC N.V.,CVAC
CUREVAC NV,CVAC
CURIOSITYSTREAM,CURI
CURIOSITYSTREAM,CURIW
CURIOSITYSTREAM INC,CURI
CURIOSITYSTREAM INC,CURIW
CURIOSITYSTREAM INC.,CURI
CURIOSITYSTREAM INC.,CURIW
CURIS,CRIS
CURIS INC,CRIS
CURRENC,CURR
CURRENC GROUP,CURR
CURRENC GROUP INC,CURR
CURRENC GROUP INC.,CURR
CURTISS,CW
CURTISS,CMOT
CURTISS MOTORCYCLE,CMOT
CURTISS MOTORCYCLE COMPANY INC,CMOT
"CURTISS MOTORCYCLE COMPANY, INC.",CMOT
CURTISS WRIGHT,CW
CURTISS WRIGHT CORP,CW
CUSHMAN,CWK
CUSHMAN  WAKEFIELD,CWK
CUSHMAN & WAKEFIELD PLC,CWK
CUSTOM,CTOS
CUSTOM TRUCK,CTOS
CUSTOM TRUCK ONE SOURCE INC,CTOS
"CUSTOM TRUCK ONE SOURCE, INC.",CTOS
CUSTOMERS,CUBB
CUSTOMERS,CUBI
CUSTOMERS BANCORP INC,CUBI
CUSTOMERS BANCORP INC,CUBB
"CUSTOMERS BANCORP,",CUBI
"CUSTOMERS BANCORP,",CUBB
"CUSTOMERS BANCORP, INC.",CUBI
"CUSTOMERS BANCORP, INC.",CUBB
CV SCIENCES INC,CVSI
"CV SCIENCES, INC.",CVSI
CVB,CVBF
CVB FINANCIAL,CVBF
CVB FINANCIAL CORP,CVBF
CVD,CVV
CVD EQUIPMENT,CVV
CVD EQUIPMENT CORP,CVV
CVR,UAN
CVR,CVI
CVR ENERGY,CVI
CVR ENERGY INC,CVI
CVR PARTNERS,UAN
"CVR PARTNERS,",UAN
"CVR PARTNERS, LP",UAN
CVRX INC,CVRX
"CVRX,",CVRX
"CVRX, INC.",CVRX
CVS,CVS
CVS HEALTH,CVS
CVS HEALTH CORP,CVS
CW PETROLEUM,CWPE
CW PETROLEUM CORP,CWPE
CXAPP,CXAI
CXAPP,CXAIW
CXAPP INC,CXAIW
CXAPP INC,CXAI
CXAPP INC.,CXAIW
CXAPP INC.,CXAI
CXJ,ECXJ
CXJ GROUP,ECXJ
CXJ GROUP CO,ECXJ
"CXJ GROUP CO., LTD",ECXJ
CYANOTECH,CYAN
CYANOTECH CORP,CYAN
CYBER,CETI
CYBER,CYRB
CYBER APP,CYRB
CYBER APP SOLUTIONS CORP,CYRB
CYBER APP SOLUTIONS CORP.,CYRB
"CYBER ENVIRO-TECH,",CETI
"CYBER ENVIRO-TECH, INC.",CETI
CYBER ENVIROTECH INC,CETI
CYBERARK,CYBR
CYBERARK SOFTWARE,CYBR
CYBERARK SOFTWARE LTD,CYBR
CYBERARK SOFTWARE LTD.,CYBR
CYBERLOQ,CLOQ
CYBERLOQ TECHNOLOGIES INC,CLOQ
"CYBERLOQ TECHNOLOGIES,",CLOQ
"CYBERLOQ TECHNOLOGIES, INC.",CLOQ
CYBIN,CYBN
CYBIN INC,CYBN
CYBIN INC.,CYBN
CYCLACEL,CYCCP
CYCLACEL,CYCC
CYCLACEL PHARMACEUTICALS INC,CYCC
CYCLACEL PHARMACEUTICALS INC,CYCCP
"CYCLACEL PHARMACEUTICALS,",CYCCP
"CYCLACEL PHARMACEUTICALS,",CYCC
"CYCLACEL PHARMACEUTICALS, INC.",CYCC
"CYCLACEL PHARMACEUTICALS, INC.",CYCCP
CYCLERION,CYCN
CYCLERION THERAPEUTICS INC,CYCN
"CYCLERION THERAPEUTICS,",CYCN
"CYCLERION THERAPEUTICS, INC.",CYCN
CYCURION INC,CYCUW
CYCURION INC,CYCU
"CYCURION,",CYCUW
"CYCURION,",CYCU
"CYCURION, INC.",CYCU
"CYCURION, INC.",CYCUW
CYNGN,CYN
CYNGN INC,CYN
CYNGN INC.,CYN
CYTEK,CTKB
CYTEK BIOSCIENCES INC,CTKB
"CYTEK BIOSCIENCES,",CTKB
"CYTEK BIOSCIENCES, INC.",CTKB
CYTODYN,CYDY
CYTODYN INC,CYDY
CYTODYN INC.,CYDY
CYTOKINETICS,CYTK
CYTOKINETICS INC,CYTK
CYTOMED,GDTC
CYTOMED THERAPEUTICS,GDTC
CYTOMED THERAPEUTICS LTD,GDTC
CYTOMX,CTMX
CYTOMX THERAPEUTICS INC,CTMX
"CYTOMX THERAPEUTICS,",CTMX
"CYTOMX THERAPEUTICS, INC.",CTMX
CYTOSORBENTS,CTSO
CYTOSORBENTS CORP,CTSO
CYTTA,CYCA
CYTTA CORP,CYCA
CYTTA CORP.,CYCA
D-MARKET,HEPS
D-MARKET ELECTRONIC,HEPS
D-MARKET ELECTRONIC SERVICES & TRADING,HEPS
D-WAVE,QBTS
D-WAVE QUANTUM,QBTS
D-WAVE QUANTUM INC.,QBTS
DADA,DADA
DADA NEXUS,DADA
DADA NEXUS LTD,DADA
DAIKIN,DKILF
DAIKIN INDUSTRIES,DKILF
DAIKIN INDUSTRIES LTD,DKILF
DAILY,DJCO
DAILY JOURNAL,DJCO
DAILY JOURNAL CORP,DJCO
DAIMLER,MBGAF
DAIMLER AG,MBGAF
DAIWA,DSECF
DAIWA,DSEEY
DAIWA SECURITIES,DSEEY
DAIWA SECURITIES,DSECF
DAIWA SECURITIES GROUP INC,DSEEY
DAIWA SECURITIES GROUP INC,DSECF
DAIWA SECURITIES GROUP INC.,DSEEY
DAIWA SECURITIES GROUP INC.,DSECF
DAKOTA,DC
DAKOTA,DC-WT
DAKOTA GOLD,DC
DAKOTA GOLD,DC-WT
DAKOTA GOLD CORP,DC-WT
DAKOTA GOLD CORP,DC
DAKOTA GOLD CORP.,DC-WT
DAKOTA GOLD CORP.,DC
DAKTRONICS,DAKT
DAKTRONICS INC,DAKT
DAKTRONICS INC /SD/,DAKT
DAKTRONICS INC SD,DAKT
DALLASNEWS,DALN
DALLASNEWS CORP,DALN
DALU,DLHZ
DALU INTERNATIONAL,DLHZ
DALU INTERNATIONAL GROUP LTD,DLHZ
DAMON,DMNIF
DAMON INC,DMNIF
DAMON INC.,DMNIF
DANA,DAN
DANA INC,DAN
DANAHER,DHR
DANAHER CORP,DHR
DANAHER CORP /DE/,DHR
DANAHER CORP DE,DHR
DANAOS,DAC
DANAOS CORP,DAC
DANIMER,DNMWQ
DANIMER,DNMRQ
DANIMER SCIENTIFIC INC,DNMWQ
DANIMER SCIENTIFIC INC,DNMRQ
"DANIMER SCIENTIFIC,",DNMWQ
"DANIMER SCIENTIFIC,",DNMRQ
"DANIMER SCIENTIFIC, INC.",DNMRQ
"DANIMER SCIENTIFIC, INC.",DNMWQ
DAQO,DQ
DAQO NEW,DQ
DAQO NEW ENERGY CORP,DQ
DAQO NEW ENERGY CORP.,DQ
DARDEN,DRI
DARDEN RESTAURANTS,DRI
DARDEN RESTAURANTS INC,DRI
DARE,DARE
DARE BIOSCIENCE INC,DARE
"DARE BIOSCIENCE,",DARE
"DARE BIOSCIENCE, INC.",DARE
DARIOHEALTH,DRIO
DARIOHEALTH CORP,DRIO
DARIOHEALTH CORP.,DRIO
DARKIRIS,DKI
DARKIRIS INC,DKI
DARKIRIS INC.,DKI
DARKPULSE INC,DPLS
"DARKPULSE,",DPLS
"DARKPULSE, INC.",DPLS
DARLING,DAR
DARLING INGREDIENTS,DAR
DARLING INGREDIENTS INC,DAR
DARLING INGREDIENTS INC.,DAR
DATA,DTST
DATA,DAIO
DATA,DTSTW
DATA I/O,DAIO
DATA I/O CORP,DAIO
DATA IO,DAIO
DATA STORAGE,DTSTW
DATA STORAGE,DTST
DATA STORAGE CORP,DTSTW
DATA STORAGE CORP,DTST
DATA443,ATDS
DATA443 RISK,ATDS
DATA443 RISK MITIGATION INC,ATDS
"DATA443 RISK MITIGATION, INC.",ATDS
DATADOG INC,DDOG
"DATADOG,",DDOG
"DATADOG, INC.",DDOG
DATASEA,DTSS
DATASEA INC,DTSS
DATASEA INC.,DTSS
DATAVAULT,DVLT
DATAVAULT AI INC,DVLT
DATAVAULT AI INC.,DVLT
DATCHAT INC,DATSW
DATCHAT INC,DATS
"DATCHAT,",DATS
"DATCHAT,",DATSW
"DATCHAT, INC.",DATS
"DATCHAT, INC.",DATSW
DAVE,PLAY
DAVE,DAVE
DAVE,DAVEW
DAVE  BUSTERS ENTERTAINMENT INC,PLAY
"DAVE & BUSTER'S ENTERTAINMENT, INC.",PLAY
DAVE INC./DE,DAVE
DAVE INC./DE,DAVEW
DAVE INCDE,DAVEW
DAVE INCDE,DAVE
DAVIDSTEA,DTEAF
DAVIDSTEA INC,DTEAF
DAVIDSTEA INC.,DTEAF
DAVIS,DTCK
DAVIS COMMODITIES,DTCK
DAVIS COMMODITIES LTD,DTCK
DAVITA,DVA
DAVITA INC,DVA
DAVITA INC.,DVA
DAWSON,DWSN
DAWSON GEOPHYSICAL,DWSN
DAWSON GEOPHYSICAL CO,DWSN
DAXOR,DXR
DAXOR CORP,DXR
DAY,DAWN
DAY ONE,DAWN
DAY ONE BIOPHARMACEUTICALS INC,DAWN
"DAY ONE BIOPHARMACEUTICALS, INC.",DAWN
DAYFORCE INC,DAY
"DAYFORCE,",DAY
"DAYFORCE, INC.",DAY
DBV,DBVT
DBV,DBVTF
DBV TECHNOLOGIES,DBVT
DBV TECHNOLOGIES,DBVTF
DBV TECHNOLOGIES S.A.,DBVTF
DBV TECHNOLOGIES S.A.,DBVT
DBV TECHNOLOGIES SA,DBVT
DBV TECHNOLOGIES SA,DBVTF
DCR,DCR
DCR TECH,DCR
DCR TECH GROUP LTD,DCR
DDC,DDC
DDC ENTERPRISE,DDC
DDC ENTERPRISE LTD,DDC
DECENT,DXST
DECENT HOLDING,DXST
DECENT HOLDING INC,DXST
DECENT HOLDING INC.,DXST
DECENTRAL,WDLF
DECENTRAL LIFE INC,WDLF
"DECENTRAL LIFE,",WDLF
"DECENTRAL LIFE, INC.",WDLF
DECKERS,DECK
DECKERS OUTDOOR,DECK
DECKERS OUTDOOR CORP,DECK
DEEP,DGWR
DEEP GREEN,DGWR
DEEP GREEN WASTE  RECYCLING INC,DGWR
"DEEP GREEN WASTE & RECYCLING, INC.",DGWR
DEEPGREENX,DXG
DEEPGREENX GROUP,DXG
DEEPGREENX GROUP INC,DXG
DEEPGREENX GROUP INC.,DXG
DEERE,DE
DEERE & CO,DE
DEFENSE,DTII
DEFENSE TECHNOLOGIES,DTII
DEFENSE TECHNOLOGIES INTERNATIONAL CORP,DTII
DEFENSE TECHNOLOGIES INTERNATIONAL CORP.,DTII
DEFI,DFDV
DEFI,DEFT
DEFI DEVELOPMENT,DFDV
DEFI DEVELOPMENT CORP,DFDV
DEFI DEVELOPMENT CORP.,DFDV
DEFI TECHNOLOGIES INC,DEFT
"DEFI TECHNOLOGIES,",DEFT
"DEFI TECHNOLOGIES, INC.",DEFT
DEFINITIVE,DH
DEFINITIVE HEALTHCARE,DH
DEFINITIVE HEALTHCARE CORP,DH
DEFINITIVE HEALTHCARE CORP.,DH
DELCATH,DCTH
DELCATH SYSTEMS INC,DCTH
"DELCATH SYSTEMS,",DCTH
"DELCATH SYSTEMS, INC.",DCTH
DELEK,DK
DELEK,DKL
DELEK LOGISTICS,DKL
DELEK LOGISTICS PARTNERS,DKL
"DELEK LOGISTICS PARTNERS, LP",DKL
DELEK US HOLDINGS INC,DK
"DELEK US HOLDINGS, INC.",DK
DELHI,DWNX
DELHI BANK,DWNX
DELHI BANK CORP,DWNX
DELIXY,DLXY
DELIXY HOLDINGS,DLXY
DELIXY HOLDINGS LTD,DLXY
DELL,DELL
DELL TECHNOLOGIES,DELL
DELL TECHNOLOGIES INC,DELL
DELL TECHNOLOGIES INC.,DELL
DELTA,DAL
DELTA AIR,DAL
DELTA AIR LINES INC,DAL
"DELTA AIR LINES, INC.",DAL
DELUXE,DLX
DELUXE CORP,DLX
DEMESNE,DEMRF
DEMESNE RESOURCES,DEMRF
DEMESNE RESOURCES LTD,DEMRF
DEMESNE RESOURCES LTD.,DEMRF
DENA,DNCLY
DENA,DNACF
DENA CO LTDADR,DNCLY
DENA CO LTDADR,DNACF
"DENA CO.,",DNACF
"DENA CO.,",DNCLY
"DENA CO., LTD./ADR",DNACF
"DENA CO., LTD./ADR",DNCLY
DENALI,DNQUF
DENALI,DNLI
DENALI,DNQWF
DENALI,DNQAF
DENALI CAPITAL,DNQWF
DENALI CAPITAL,DNQUF
DENALI CAPITAL,DNQAF
DENALI CAPITAL ACQUISITION CORP,DNQUF
DENALI CAPITAL ACQUISITION CORP,DNQWF
DENALI CAPITAL ACQUISITION CORP,DNQAF
DENALI CAPITAL ACQUISITION CORP.,DNQWF
DENALI CAPITAL ACQUISITION CORP.,DNQAF
DENALI CAPITAL ACQUISITION CORP.,DNQUF
DENALI THERAPEUTICS,DNLI
DENALI THERAPEUTICS INC,DNLI
DENALI THERAPEUTICS INC.,DNLI
DENISON,DNN
DENISON MINES,DNN
DENISON MINES CORP,DNN
DENISON MINES CORP.,DNN
DENNY'S,DENN
DENNY'S CORP,DENN
DENNYS,DENN
DENSO,DNZOF
DENSO CORP,DNZOF
DENTSPLY,XRAY
DENTSPLY SIRONA,XRAY
DENTSPLY SIRONA INC,XRAY
DENTSPLY SIRONA INC.,XRAY
DERMATA,DRMAW
DERMATA,DRMA
DERMATA THERAPEUTICS INC,DRMAW
DERMATA THERAPEUTICS INC,DRMA
"DERMATA THERAPEUTICS,",DRMA
"DERMATA THERAPEUTICS,",DRMAW
"DERMATA THERAPEUTICS, INC.",DRMAW
"DERMATA THERAPEUTICS, INC.",DRMA
DESCARTES,DSGX
DESCARTES SYSTEMS,DSGX
DESCARTES SYSTEMS GROUP INC,DSGX
DESIGN,DSGN
DESIGN THERAPEUTICS INC,DSGN
"DESIGN THERAPEUTICS,",DSGN
"DESIGN THERAPEUTICS, INC.",DSGN
DESIGNER,DBI
DESIGNER BRANDS,DBI
DESIGNER BRANDS INC,DBI
DESIGNER BRANDS INC.,DBI
DESTINATION,DXLG
DESTINATION XL GROUP INC,DXLG
"DESTINATION XL GROUP, INC.",DXLG
DESTINY,DXYZ
DESTINY,DSNY
DESTINY MEDIA,DSNY
DESTINY MEDIA TECHNOLOGIES INC,DSNY
DESTINY TECH100,DXYZ
DESTINY TECH100 INC,DXYZ
DESTINY TECH100 INC.,DXYZ
DESTRA,DMA
DESTRA MULTI-ALTERNATIVE,DMA
DESTRA MULTI-ALTERNATIVE FUND,DMA
DESTRA MULTIALTERNATIVE FUND,DMA
DESWELL,DSWL
DESWELL INDUSTRIES,DSWL
DESWELL INDUSTRIES INC,DSWL
DEUTSCHE,OLOXF
DEUTSCHE,DGP
DEUTSCHE,DGZ
DEUTSCHE,DZZ
DEUTSCHE,DB
DEUTSCHE,DLAKF
DEUTSCHE,ADZCF
DEUTSCHE,DEENF
DEUTSCHE,DLAKY
DEUTSCHE BANK,DB
DEUTSCHE BANK,OLOXF
DEUTSCHE BANK,DZZ
DEUTSCHE BANK,ADZCF
DEUTSCHE BANK,DGP
DEUTSCHE BANK,DEENF
DEUTSCHE BANK,DGZ
DEUTSCHE BANK AKTIENGESELLSCHAFT,DGZ
DEUTSCHE BANK AKTIENGESELLSCHAFT,DGP
DEUTSCHE BANK AKTIENGESELLSCHAFT,DZZ
DEUTSCHE BANK AKTIENGESELLSCHAFT,ADZCF
DEUTSCHE BANK AKTIENGESELLSCHAFT,DEENF
DEUTSCHE BANK AKTIENGESELLSCHAFT,OLOXF
DEUTSCHE BANK AKTIENGESELLSCHAFT,DB
DEUTSCHE LUFTHANSA,DLAKY
DEUTSCHE LUFTHANSA,DLAKF
DEUTSCHE LUFTHANSA A G /FI,DLAKY
DEUTSCHE LUFTHANSA A G /FI,DLAKF
DEUTSCHE LUFTHANSA A G FI,DLAKF
DEUTSCHE LUFTHANSA A G FI,DLAKY
DEVON,DVN
DEVON ENERGY,DVN
DEVON ENERGY CORP/DE,DVN
DEVON ENERGY CORPDE,DVN
DEVVSTREAM,DEVS
DEVVSTREAM CORP,DEVS
DEVVSTREAM CORP.,DEVS
DEXCOM,DXCM
DEXCOM INC,DXCM
DH ENCHANTMENT INC,ENMI
"DH ENCHANTMENT, INC.",ENMI
DHI,DHX
DHI GROUP INC,DHX
"DHI GROUP,",DHX
"DHI GROUP, INC.",DHX
DHT,DHT
DHT HOLDINGS INC,DHT
"DHT HOLDINGS,",DHT
"DHT HOLDINGS, INC.",DHT
DIAGEO,DEO
DIAGEO,DGEAF
DIAGEO PLC,DGEAF
DIAGEO PLC,DEO
DIAMEDICA,DMAC
DIAMEDICA THERAPEUTICS,DMAC
DIAMEDICA THERAPEUTICS INC,DMAC
DIAMEDICA THERAPEUTICS INC.,DMAC
DIAMOND,DHIL
DIAMOND HILL,DHIL
DIAMOND HILL INVESTMENT,DHIL
DIAMOND HILL INVESTMENT GROUP INC,DHIL
DIAMONDBACK,FANG
DIAMONDBACK ENERGY INC,FANG
"DIAMONDBACK ENERGY,",FANG
"DIAMONDBACK ENERGY, INC.",FANG
DIAMONDHEAD,DHCC
DIAMONDHEAD CASINO,DHCC
DIAMONDHEAD CASINO CORP,DHCC
DIAMONDROCK,DRH
DIAMONDROCK HOSPITALITY,DRH
DIAMONDROCK HOSPITALITY CO,DRH
DIANA,DSX
DIANA SHIPPING,DSX
DIANA SHIPPING INC,DSX
DIANA SHIPPING INC.,DSX
DIANTHUS,DNTH
DIANTHUS THERAPEUTICS INC DE,DNTH
"DIANTHUS THERAPEUTICS,",DNTH
"DIANTHUS THERAPEUTICS, INC. /DE/",DNTH
DIASORIN,DSRNY
DIASORIN SPA/ADR,DSRNY
DIASORIN SPAADR,DSRNY
DICK'S,DKS
DICK'S SPORTING,DKS
"DICK'S SPORTING GOODS, INC.",DKS
DICKS SPORTING GOODS INC,DKS
DIDI,DIDIY
DIDI GLOBAL,DIDIY
DIDI GLOBAL INC,DIDIY
DIDI GLOBAL INC.,DIDIY
DIEBOLD,DBD
DIEBOLD NIXDORF,DBD
"DIEBOLD NIXDORF,",DBD
"DIEBOLD NIXDORF, INC",DBD
DIGERATI,DTGI
DIGERATI TECHNOLOGIES INC,DTGI
"DIGERATI TECHNOLOGIES,",DTGI
"DIGERATI TECHNOLOGIES, INC.",DTGI
DIGI,DGXX
DIGI,DGII
DIGI INTERNATIONAL,DGII
DIGI INTERNATIONAL INC,DGII
DIGI POWER,DGXX
DIGI POWER X INC,DGXX
DIGI POWER X INC.,DGXX
DIGIASIA,FAAS
DIGIASIA,FAASW
DIGIASIA CORP,FAASW
DIGIASIA CORP,FAAS
DIGIASIA CORP.,FAASW
DIGIASIA CORP.,FAAS
DIGIMARC,DMRC
DIGIMARC CORP,DMRC
DIGINEX,DGNX
DIGINEX LTD,DGNX
DIGITAL,DDHLY
DIGITAL,APPS
DIGITAL,DGLY
DIGITAL,DAAQW
DIGITAL,DBGI
DIGITAL,DGMDF
DIGITAL,DAAQU
DIGITAL,DLR
DIGITAL,DBMM
DIGITAL,DAAQ
DIGITAL ALLY INC,DGLY
"DIGITAL ALLY,",DGLY
"DIGITAL ALLY, INC.",DGLY
DIGITAL ASSET,DAAQU
DIGITAL ASSET,DAAQ
DIGITAL ASSET,DAAQW
DIGITAL ASSET ACQUISITION CORP,DAAQ
DIGITAL ASSET ACQUISITION CORP,DAAQU
DIGITAL ASSET ACQUISITION CORP,DAAQW
DIGITAL ASSET ACQUISITION CORP.,DAAQU
DIGITAL ASSET ACQUISITION CORP.,DAAQW
DIGITAL ASSET ACQUISITION CORP.,DAAQ
DIGITAL BRAND,DBMM
DIGITAL BRAND MEDIA  MARKETING GROUP INC,DBMM
"DIGITAL BRAND MEDIA & MARKETING GROUP, INC.",DBMM
DIGITAL BRANDS,DBGI
DIGITAL BRANDS GROUP INC,DBGI
"DIGITAL BRANDS GROUP, INC.",DBGI
DIGITAL DOMAIN,DGMDF
DIGITAL DOMAIN,DDHLY
DIGITAL DOMAIN HOLDINGS LIMITED/ADR,DDHLY
DIGITAL DOMAIN HOLDINGS LIMITED/ADR,DGMDF
DIGITAL DOMAIN HOLDINGS LIMITEDADR,DGMDF
DIGITAL DOMAIN HOLDINGS LIMITEDADR,DDHLY
DIGITAL REALTY,DLR
DIGITAL REALTY TRUST INC,DLR
"DIGITAL REALTY TRUST, INC.",DLR
DIGITAL TURBINE INC,APPS
"DIGITAL TURBINE,",APPS
"DIGITAL TURBINE, INC.",APPS
DIGITALBRIDGE,DBRG
DIGITALBRIDGE GROUP INC,DBRG
"DIGITALBRIDGE GROUP,",DBRG
"DIGITALBRIDGE GROUP, INC.",DBRG
DIGITALOCEAN,DOCN
DIGITALOCEAN HOLDINGS INC,DOCN
"DIGITALOCEAN HOLDINGS,",DOCN
"DIGITALOCEAN HOLDINGS, INC.",DOCN
DIH,DHAIW
DIH,DHAI
DIH HOLDING,DHAIW
DIH HOLDING,DHAI
DIH HOLDING US INC,DHAI
DIH HOLDING US INC,DHAIW
"DIH HOLDING US, INC.",DHAI
"DIH HOLDING US, INC.",DHAIW
"DILLARD'S,",DDT
"DILLARD'S,",DDS
"DILLARD'S, INC.",DDT
"DILLARD'S, INC.",DDS
DILLARDS INC,DDT
DILLARDS INC,DDS
DIME,DCOMP
DIME,DCOMG
DIME,DCOM
DIME COMMUNITY,DCOMP
DIME COMMUNITY,DCOMG
DIME COMMUNITY,DCOM
DIME COMMUNITY BANCSHARES INC NY,DCOMP
DIME COMMUNITY BANCSHARES INC NY,DCOMG
DIME COMMUNITY BANCSHARES INC NY,DCOM
"DIME COMMUNITY BANCSHARES, INC. /NY/",DCOM
"DIME COMMUNITY BANCSHARES, INC. /NY/",DCOMP
"DIME COMMUNITY BANCSHARES, INC. /NY/",DCOMG
DINE,DIN
DINE BRANDS,DIN
DINE BRANDS GLOBAL INC,DIN
"DINE BRANDS GLOBAL, INC.",DIN
DINGDONG,DDL
DINGDONG (CAYMAN),DDL
DINGDONG (CAYMAN) LTD,DDL
DINGDONG CAYMAN,DDL
DIODES,DIOD
DIODES INC,DIOD
DIODES INC /DEL/,DIOD
DIODES INC DEL,DIOD
DIPLOMA,DPLMF
DIPLOMA PLC/ADR,DPLMF
DIPLOMA PLCADR,DPLMF
DIRECT,DRCT
DIRECT,DSAQ
DIRECT DIGITAL,DRCT
DIRECT DIGITAL HOLDINGS INC,DRCT
"DIRECT DIGITAL HOLDINGS, INC.",DRCT
DIRECT SELLING,DSAQ
DIRECT SELLING ACQUISITION CORP,DSAQ
DIRECT SELLING ACQUISITION CORP.,DSAQ
DIRTT,DRTTF
DIRTT ENVIRONMENTAL,DRTTF
DIRTT ENVIRONMENTAL SOLUTIONS LTD,DRTTF
DISC,IRON
DISC MEDICINE INC,IRON
"DISC MEDICINE,",IRON
"DISC MEDICINE, INC.",IRON
DISCOUNT,DPUI
DISCOUNT PRINT,DPUI
DISCOUNT PRINT USA INC,DPUI
"DISCOUNT PRINT USA, INC.",DPUI
DISTOKEN,DISTW
DISTOKEN,DIST
DISTOKEN,DISTR
DISTOKEN ACQUISITION,DIST
DISTOKEN ACQUISITION,DISTR
DISTOKEN ACQUISITION,DISTW
DISTOKEN ACQUISITION CORP,DISTR
DISTOKEN ACQUISITION CORP,DISTW
DISTOKEN ACQUISITION CORP,DIST
DISTRIBUTION,DSGR
DISTRIBUTION SOLUTIONS,DSGR
DISTRIBUTION SOLUTIONS GROUP INC,DSGR
"DISTRIBUTION SOLUTIONS GROUP, INC.",DSGR
DISTRICT,DMXCF
DISTRICT METALS,DMXCF
DISTRICT METALS CORP,DMXCF
DISTRICT METALS CORP.,DMXCF
DIVERSIFIED,DHCNI
DIVERSIFIED,DEC
DIVERSIFIED,DHCNL
DIVERSIFIED,DHC
DIVERSIFIED ENERGY,DEC
DIVERSIFIED ENERGY CO,DEC
DIVERSIFIED ENERGY CO PLC,DEC
DIVERSIFIED HEALTHCARE,DHCNI
DIVERSIFIED HEALTHCARE,DHCNL
DIVERSIFIED HEALTHCARE,DHC
DIVERSIFIED HEALTHCARE TRUST,DHCNL
DIVERSIFIED HEALTHCARE TRUST,DHCNI
DIVERSIFIED HEALTHCARE TRUST,DHC
DIXIE,DXYN
DIXIE GROUP,DXYN
DIXIE GROUP INC,DXYN
DLH,DLHC
DLH HOLDINGS,DLHC
DLH HOLDINGS CORP,DLHC
DLH HOLDINGS CORP.,DLHC
DLOCAL,DLO
DLOCAL LTD,DLO
DMARKET ELECTRONIC SERVICES  TRADING,HEPS
DMC,BOOM
DMC GLOBAL,BOOM
DMC GLOBAL INC,BOOM
DMC GLOBAL INC.,BOOM
DMINT INC,DMNT
"DMINT,",DMNT
"DMINT, INC.",DMNT
DMY,DMYY
DMY SQUARED,DMYY
DMY SQUARED TECHNOLOGY GROUP INC,DMYY
"DMY SQUARED TECHNOLOGY GROUP, INC.",DMYY
DNOW,DNOW
DNOW INC,DNOW
DNOW INC.,DNOW
DNP,DNP
DNP SELECT,DNP
DNP SELECT INCOME FUND,DNP
DNP SELECT INCOME FUND INC,DNP
DOCEBO,DCBO
DOCEBO INC,DCBO
DOCEBO INC.,DCBO
DOCGO,DCGO
DOCGO INC,DCGO
DOCGO INC.,DCGO
DOCUSIGN INC,DOCU
"DOCUSIGN,",DOCU
"DOCUSIGN, INC.",DOCU
DOGECOIN,DOGP
DOGECOIN CASH INC,DOGP
"DOGECOIN CASH,",DOGP
"DOGECOIN CASH, INC.",DOGP
DOGNESS,DOGZ
DOGNESS (INTERNATIONAL),DOGZ
DOGNESS (INTERNATIONAL) CORP,DOGZ
DOGNESS INTERNATIONAL,DOGZ
DOGWOOD,DWTX
DOGWOOD THERAPEUTICS INC,DWTX
"DOGWOOD THERAPEUTICS,",DWTX
"DOGWOOD THERAPEUTICS, INC.",DWTX
DOLBY,DLB
DOLBY LABORATORIES INC,DLB
"DOLBY LABORATORIES,",DLB
"DOLBY LABORATORIES, INC.",DLB
DOLE,DOLE
DOLE PLC,DOLE
DOLLAR,DG
DOLLAR,DLTR
DOLLAR GENERAL,DG
DOLLAR GENERAL CORP,DG
DOLLAR TREE INC,DLTR
"DOLLAR TREE,",DLTR
"DOLLAR TREE, INC.",DLTR
DOLLY,DVS
DOLLY VARDEN,DVS
DOLLY VARDEN SILVER,DVS
DOLLY VARDEN SILVER CORP,DVS
DOLPHIN,DLPN
DOLPHIN ENTERTAINMENT INC,DLPN
"DOLPHIN ENTERTAINMENT,",DLPN
"DOLPHIN ENTERTAINMENT, INC.",DLPN
DOMINARI,DOMH
DOMINARI HOLDINGS,DOMH
DOMINARI HOLDINGS INC,DOMH
DOMINARI HOLDINGS INC.,DOMH
DOMINION,D
DOMINION ENERGY,D
"DOMINION ENERGY,",D
"DOMINION ENERGY, INC",D
DOMINOS,DPZ
DOMINOS PIZZA,DPZ
DOMINOS PIZZA INC,DPZ
DOMO INC,DOMO
"DOMO,",DOMO
"DOMO, INC.",DOMO
DONALDSON,DCI
DONALDSON CO INC,DCI
DONEGAL,DGICA
DONEGAL,DGICB
DONEGAL GROUP,DGICA
DONEGAL GROUP,DGICB
DONEGAL GROUP INC,DGICB
DONEGAL GROUP INC,DGICA
DONNELLEY,DFIN
DONNELLEY FINANCIAL,DFIN
DONNELLEY FINANCIAL SOLUTIONS INC,DFIN
"DONNELLEY FINANCIAL SOLUTIONS, INC.",DFIN
DOORDASH INC,DASH
"DOORDASH,",DASH
"DOORDASH, INC.",DASH
DORCHESTER,DMLP
DORCHESTER MINERALS,DMLP
"DORCHESTER MINERALS,",DMLP
"DORCHESTER MINERALS, L.P.",DMLP
DORIAN,LPG
DORIAN LPG,LPG
DORIAN LPG LTD,LPG
DORIAN LPG LTD.,LPG
DORMAN,DORM
DORMAN PRODUCTS INC,DORM
"DORMAN PRODUCTS,",DORM
"DORMAN PRODUCTS, INC.",DORM
DOTZ,DTZZF
DOTZ,DTZNY
DOTZ NANO,DTZNY
DOTZ NANO,DTZZF
DOTZ NANO LIMITED/ADR,DTZZF
DOTZ NANO LIMITED/ADR,DTZNY
DOTZ NANO LIMITEDADR,DTZNY
DOTZ NANO LIMITEDADR,DTZZF
DOUBLEDOWN,DDI
DOUBLEDOWN INTERACTIVE,DDI
DOUBLEDOWN INTERACTIVE CO LTD,DDI
"DOUBLEDOWN INTERACTIVE CO., LTD.",DDI
DOUBLELINE,DLY
DOUBLELINE,DBL
DOUBLELINE,DSL
DOUBLELINE INCOME,DSL
DOUBLELINE INCOME SOLUTIONS FUND,DSL
DOUBLELINE OPPORTUNISTIC,DBL
DOUBLELINE OPPORTUNISTIC CREDIT FUND,DBL
DOUBLELINE YIELD,DLY
DOUBLELINE YIELD OPPORTUNITIES FUND,DLY
DOUBLEVERIFY,DV
DOUBLEVERIFY HOLDINGS INC,DV
"DOUBLEVERIFY HOLDINGS,",DV
"DOUBLEVERIFY HOLDINGS, INC.",DV
DOUGLAS,PLOW
DOUGLAS,DOUG
DOUGLAS,DEI
DOUGLAS DYNAMICS,PLOW
"DOUGLAS DYNAMICS,",PLOW
"DOUGLAS DYNAMICS, INC",PLOW
DOUGLAS ELLIMAN,DOUG
DOUGLAS ELLIMAN INC,DOUG
DOUGLAS ELLIMAN INC.,DOUG
DOUGLAS EMMETT,DEI
DOUGLAS EMMETT INC,DEI
DOUYU,DOYU
DOUYU INTERNATIONAL,DOYU
DOUYU INTERNATIONAL HOLDINGS LTD,DOYU
DOVER,DOV
DOVER CORP,DOV
DOW,DOW
DOW INC,DOW
DOW INC.,DOW
DOWWAY,DWWYF
DOWWAY,DOWAY
DOWWAY HOLDINGS,DWWYF
DOWWAY HOLDINGS,DOWAY
DOWWAY HOLDINGS LIMITED/ADR,DWWYF
DOWWAY HOLDINGS LIMITED/ADR,DOWAY
DOWWAY HOLDINGS LIMITEDADR,DOWAY
DOWWAY HOLDINGS LIMITEDADR,DWWYF
DOXIMITY INC,DOCS
"DOXIMITY,",DOCS
"DOXIMITY, INC.",DOCS
DR REDDYS LABORATORIES,RDY
DR REDDYS LABORATORIES LTD,RDY
DRAFTKINGS,DKNG
DRAFTKINGS INC,DKNG
DRAFTKINGS INC.,DKNG
DRAGANFLY,DPRO
DRAGANFLY INC,DPRO
DRAGANFLY INC.,DPRO
DRAGONFLY,DFLIW
DRAGONFLY,DFLI
DRAGONFLY ENERGY,DFLIW
DRAGONFLY ENERGY,DFLI
DRAGONFLY ENERGY HOLDINGS CORP,DFLI
DRAGONFLY ENERGY HOLDINGS CORP,DFLIW
DRAGONFLY ENERGY HOLDINGS CORP.,DFLIW
DRAGONFLY ENERGY HOLDINGS CORP.,DFLI
DRDGOLD,DRDGF
DRDGOLD,DRD
DRDGOLD LTD,DRDGF
DRDGOLD LTD,DRD
DREAM,DFH
DREAM,DREM
DREAM FINDERS,DFH
DREAM FINDERS HOMES INC,DFH
"DREAM FINDERS HOMES, INC.",DFH
DREAM HOMES,DREM
DREAM HOMES  DEVELOPMENT CORP,DREM
DREAM HOMES & DEVELOPMENT CORP.,DREM
DREAMLAND,TDIC
DREAMLAND LTD,TDIC
DRILLING,DTI
DRILLING TOOLS,DTI
DRILLING TOOLS INTERNATIONAL CORP,DTI
DRIVE,DSHKO
DRIVE,DSHKN
DRIVE,DSHK
DRIVE,DSHKP
DRIVE SHACK,DSHKN
DRIVE SHACK,DSHKO
DRIVE SHACK,DSHK
DRIVE SHACK,DSHKP
DRIVE SHACK INC,DSHKO
DRIVE SHACK INC,DSHKN
DRIVE SHACK INC,DSHKP
DRIVE SHACK INC,DSHK
DRIVE SHACK INC.,DSHK
DRIVE SHACK INC.,DSHKN
DRIVE SHACK INC.,DSHKO
DRIVE SHACK INC.,DSHKP
DRIVEITAWAY,DWAY
DRIVEITAWAY HOLDINGS INC,DWAY
"DRIVEITAWAY HOLDINGS,",DWAY
"DRIVEITAWAY HOLDINGS, INC.",DWAY
DRIVEN,DRVN
DRIVEN BRANDS,DRVN
DRIVEN BRANDS HOLDINGS INC,DRVN
DRIVEN BRANDS HOLDINGS INC.,DRVN
DRONESHIELD,DRSHF
DRONESHIELD LTD,DRSHF
DROPBOX INC,DBX
"DROPBOX,",DBX
"DROPBOX, INC.",DBX
DROR,DROR
"DROR ORTHO-DESIGN,",DROR
"DROR ORTHO-DESIGN, INC.",DROR
DROR ORTHODESIGN INC,DROR
DRUGS,DMAAR
DRUGS,DMAAU
DRUGS,DMAA
DRUGS MADE,DMAA
DRUGS MADE,DMAAU
DRUGS MADE,DMAAR
DRUGS MADE IN AMERICA ACQUISITION CORP,DMAA
DRUGS MADE IN AMERICA ACQUISITION CORP,DMAAU
DRUGS MADE IN AMERICA ACQUISITION CORP,DMAAR
DRUGS MADE IN AMERICA ACQUISITION CORP.,DMAAR
DRUGS MADE IN AMERICA ACQUISITION CORP.,DMAA
DRUGS MADE IN AMERICA ACQUISITION CORP.,DMAAU
DRYDEN,DRYGF
DRYDEN GOLD,DRYGF
DRYDEN GOLD CORP,DRYGF
DRYDEN GOLD CORP.,DRYGF
DSM-FIRMENICH,DSFIY
DSM-FIRMENICH,DSMFF
DSM-FIRMENICH AG/ADR,DSFIY
DSM-FIRMENICH AG/ADR,DSMFF
DSMFIRMENICH AGADR,DSMFF
DSMFIRMENICH AGADR,DSFIY
DSS INC,DSS
"DSS,",DSS
"DSS, INC.",DSS
DSWISS,DQWS
DSWISS INC,DQWS
DT CLOUD ACQUISITION,DYCQR
DT CLOUD ACQUISITION,DYCQU
DT CLOUD ACQUISITION,DYCQ
DT CLOUD ACQUISITION CORP,DYCQU
DT CLOUD ACQUISITION CORP,DYCQ
DT CLOUD ACQUISITION CORP,DYCQR
DT CLOUD STAR ACQUISITION,DTSQR
DT CLOUD STAR ACQUISITION,DTSQU
DT CLOUD STAR ACQUISITION,DTSQ
DT CLOUD STAR ACQUISITION CORP,DTSQ
DT CLOUD STAR ACQUISITION CORP,DTSQR
DT CLOUD STAR ACQUISITION CORP,DTSQU
DT MIDSTREAM INC,DTM
"DT MIDSTREAM, INC.",DTM
DTE,DTG
DTE,DTE
DTE,DTB
DTE,DTW
DTE ENERGY,DTE
DTE ENERGY,DTW
DTE ENERGY,DTB
DTE ENERGY,DTG
DTE ENERGY CO,DTW
DTE ENERGY CO,DTG
DTE ENERGY CO,DTE
DTE ENERGY CO,DTB
DTF,DTF
DTF TAX-FREE,DTF
DTF TAX-FREE INCOME 2028 TERM FUND INC,DTF
DTF TAXFREE INCOME 2028 TERM FUND,DTF
DUCOMMUN,DCO
DUCOMMUN INC,DCO
DUCOMMUN INC /DE/,DCO
DUCOMMUN INC DE,DCO
DUFF,DPG
DUFF  PHELPS UTILITY  INFRASTRUCTURE FUND INC,DPG
DUFF & PHELPS UTILITY & INFRASTRUCTURE FUND INC.,DPG
DUFRY,DFRYF
DUFRY AG/ADR,DFRYF
DUFRY AGADR,DFRYF
DUKE,DUKR
DUKE,DUKB
DUKE,DUKH
DUKE,DUK
DUKE ENERGY,DUK
DUKE ENERGY,DUKH
DUKE ENERGY,DUKB
DUKE ENERGY CORP,DUKH
DUKE ENERGY CORP,DUK
DUKE ENERGY CORP,DUKB
DUKE ROBOTICS,DUKR
DUKE ROBOTICS CORP,DUKR
DUKE ROBOTICS CORP.,DUKR
DULUTH,DLTH
DULUTH HOLDINGS,DLTH
DULUTH HOLDINGS INC,DLTH
DULUTH HOLDINGS INC.,DLTH
DUN,DNB
DUN  BRADSTREET HOLDINGS INC,DNB
"DUN & BRADSTREET HOLDINGS, INC.",DNB
DUNE,IPODU
DUNE,IPODW
DUNE,IPOD
DUNE ACQUISITION,IPOD
DUNE ACQUISITION,IPODW
DUNE ACQUISITION,IPODU
DUNE ACQUISITION CORP II,IPODW
DUNE ACQUISITION CORP II,IPOD
DUNE ACQUISITION CORP II,IPODU
DUOLINGO INC,DUOL
"DUOLINGO,",DUOL
"DUOLINGO, INC.",DUOL
DUOS,DUOT
DUOS TECHNOLOGIES,DUOT
DUOS TECHNOLOGIES GROUP INC,DUOT
"DUOS TECHNOLOGIES GROUP, INC.",DUOT
DUPONT,DD
DUPONT DE NEMOURS INC,DD
"DUPONT DE NEMOURS, INC.",DD
DURECT,DRRX
DURECT CORP,DRRX
DUTCH,BROS
DUTCH BROS,BROS
DUTCH BROS INC,BROS
DUTCH BROS INC.,BROS
DWAVE QUANTUM INC,QBTS
DWS,KTF
DWS MUNICIPAL,KTF
DWS MUNICIPAL INCOME TRUST,KTF
DXC,DXC
DXC TECHNOLOGY,DXC
DXC TECHNOLOGY CO,DXC
DXP,DXPE
DXP ENTERPRISES,DXPE
DXP ENTERPRISES INC,DXPE
DYADIC,DYAI
DYADIC INTERNATIONAL,DYAI
DYADIC INTERNATIONAL INC,DYAI
DYCOM,DY
DYCOM INDUSTRIES,DY
DYCOM INDUSTRIES INC,DY
DYNAGAS,DLNG
DYNAGAS LNG,DLNG
DYNAGAS LNG PARTNERS,DLNG
DYNAGAS LNG PARTNERS LP,DLNG
DYNAMIX,DYNXW
DYNAMIX,DYNX
DYNAMIX,DYNXU
DYNAMIX CORP,DYNXU
DYNAMIX CORP,DYNX
DYNAMIX CORP,DYNXW
DYNARESOURCE INC,DYNR
"DYNARESOURCE,",DYNR
"DYNARESOURCE, INC.",DYNR
DYNATRACE INC,DT
"DYNATRACE,",DT
"DYNATRACE, INC.",DT
DYNATRONICS,DYNT
DYNATRONICS CORP,DYNT
DYNAVAX,DVAX
DYNAVAX TECHNOLOGIES,DVAX
DYNAVAX TECHNOLOGIES CORP,DVAX
DYNE,DYN
DYNE THERAPEUTICS INC,DYN
"DYNE THERAPEUTICS,",DYN
"DYNE THERAPEUTICS, INC.",DYN
DYNEX,DX-PC
DYNEX,DX
DYNEX CAPITAL,DX
DYNEX CAPITAL,DX-PC
DYNEX CAPITAL INC,DX
DYNEX CAPITAL INC,DX-PC
E-HOME,EJH
E-HOME HOUSEHOLD,EJH
E-HOME HOUSEHOLD SERVICE HOLDINGS LTD,EJH
E.L.F.,ELF
"E.L.F. BEAUTY,",ELF
"E.L.F. BEAUTY, INC.",ELF
E.W.,SSP
E.W. SCRIPPS,SSP
E.W. SCRIPPS CO,SSP
E2GOLD,ETUGF
E2GOLD INC,ETUGF
E2GOLD INC.,ETUGF
E2OPEN,ETWOW
E2OPEN,ETWO
E2OPEN PARENT,ETWO
E2OPEN PARENT,ETWOW
E2OPEN PARENT HOLDINGS INC,ETWO
E2OPEN PARENT HOLDINGS INC,ETWOW
"E2OPEN PARENT HOLDINGS, INC.",ETWOW
"E2OPEN PARENT HOLDINGS, INC.",ETWO
EACO,EACO
EACO CORP,EACO
EAGLE,EICA
EAGLE,ECC
EAGLE,ECCV
EAGLE,EICB
EAGLE,EXP
EAGLE,ECCX
EAGLE,ECCU
EAGLE,EGBN
EAGLE,EBMT
EAGLE,EFSI
EAGLE,ECCF
EAGLE,EICC
EAGLE,GRF
EAGLE,EIC
EAGLE,EIIA
EAGLE,ECCW
EAGLE,EGRX
EAGLE,ECCC
EAGLE BANCORP,EGBN
EAGLE BANCORP,EBMT
EAGLE BANCORP INC,EGBN
EAGLE BANCORP MONTANA INC,EBMT
"EAGLE BANCORP MONTANA, INC.",EBMT
EAGLE CAPITAL,GRF
EAGLE CAPITAL GROWTH FUND INC,GRF
"EAGLE CAPITAL GROWTH FUND, INC.",GRF
EAGLE FINANCIAL,EFSI
EAGLE FINANCIAL SERVICES INC,EFSI
EAGLE MATERIALS,EXP
EAGLE MATERIALS INC,EXP
EAGLE PHARMACEUTICALS INC,EGRX
"EAGLE PHARMACEUTICALS,",EGRX
"EAGLE PHARMACEUTICALS, INC.",EGRX
EAGLE POINT,ECCC
EAGLE POINT,ECCX
EAGLE POINT,EICA
EAGLE POINT,EICB
EAGLE POINT,ECC
EAGLE POINT,ECCV
EAGLE POINT,ECCU
EAGLE POINT,ECCF
EAGLE POINT,EIC
EAGLE POINT,ECCW
EAGLE POINT,EIIA
EAGLE POINT,EICC
EAGLE POINT CREDIT CO INC,ECCF
EAGLE POINT CREDIT CO INC,ECCX
EAGLE POINT CREDIT CO INC,ECCU
EAGLE POINT CREDIT CO INC,ECCC
EAGLE POINT CREDIT CO INC,ECCW
EAGLE POINT CREDIT CO INC,ECCV
EAGLE POINT CREDIT CO INC,ECC
EAGLE POINT CREDIT CO INC.,ECCU
EAGLE POINT CREDIT CO INC.,ECCX
EAGLE POINT CREDIT CO INC.,ECCF
EAGLE POINT CREDIT CO INC.,ECCW
EAGLE POINT CREDIT CO INC.,ECCV
EAGLE POINT CREDIT CO INC.,ECC
EAGLE POINT CREDIT CO INC.,ECCC
EAGLE POINT INCOME CO INC,EICB
EAGLE POINT INCOME CO INC,EICC
EAGLE POINT INCOME CO INC,EICA
EAGLE POINT INCOME CO INC,EIC
EAGLE POINT INCOME CO INC.,EIC
EAGLE POINT INCOME CO INC.,EICC
EAGLE POINT INCOME CO INC.,EICB
EAGLE POINT INCOME CO INC.,EICA
EAGLE POINT INSTITUTIONAL INCOME FUND,EIIA
EALIXIR INC,EAXR
"EALIXIR,",EAXR
"EALIXIR, INC.",EAXR
EARLYWORKS,ELWS
EARLYWORKS CO LTD,ELWS
"EARLYWORKS CO.,",ELWS
"EARLYWORKS CO., LTD.",ELWS
EARTH,ETST
EARTH,UNOV
EARTH SCIENCE,UNOV
EARTH SCIENCE,ETST
EARTH SCIENCE TECH INC,UNOV
EARTH SCIENCE TECH INC,ETST
"EARTH SCIENCE TECH, INC.",UNOV
"EARTH SCIENCE TECH, INC.",ETST
EASON,DXF
EASON TECHNOLOGY,DXF
EASON TECHNOLOGY LTD,DXF
EAST,EJPRF
EAST,EWBC
EAST JAPAN,EJPRF
EAST JAPAN RAILWAY CO /FI,EJPRF
EAST JAPAN RAILWAY CO FI,EJPRF
EAST WEST,EWBC
EAST WEST BANCORP,EWBC
EAST WEST BANCORP INC,EWBC
EASTERLY,DEA
EASTERLY GOVERNMENT,DEA
EASTERLY GOVERNMENT PROPERTIES INC,DEA
"EASTERLY GOVERNMENT PROPERTIES, INC.",DEA
EASTERN,EML
EASTERN,EBC
EASTERN BANKSHARES INC,EBC
"EASTERN BANKSHARES,",EBC
"EASTERN BANKSHARES, INC.",EBC
EASTERN CO,EML
EASTGROUP,EGP
EASTGROUP PROPERTIES,EGP
EASTGROUP PROPERTIES INC,EGP
EASTMAN,KODK
EASTMAN,EMN
EASTMAN CHEMICAL,EMN
EASTMAN CHEMICAL CO,EMN
EASTMAN KODAK,KODK
EASTMAN KODAK CO,KODK
EAT,EATBF
EAT  BEYOND GLOBAL HOLDINGS INC,EATBF
EAT & BEYOND GLOBAL HOLDINGS INC.,EATBF
EATON,EFR
EATON,EVF
EATON,EVN
EATON,ETY
EATON,EVT
EATON,ENX
EATON,EIM
EATON,ETB
EATON,ETX
EATON,EVM
EATON,EVV
EATON,ETW
EATON,ETJ
EATON,EOS
EATON,EFT
EATON,ETG
EATON,ETN
EATON,ETO
EATON,EOT
EATON,EXG
EATON,CEV
EATON,EVG
EATON,ETV
EATON,EOI
EATON CORP,ETN
EATON CORP PLC,ETN
EATON VANCE,EVN
EATON VANCE,ENX
EATON VANCE,ETV
EATON VANCE,ETW
EATON VANCE,EOS
EATON VANCE,EVV
EATON VANCE,EOT
EATON VANCE,ETX
EATON VANCE,ETJ
EATON VANCE,EOI
EATON VANCE,ETG
EATON VANCE,EFT
EATON VANCE,EXG
EATON VANCE,CEV
EATON VANCE,ETO
EATON VANCE,EVG
EATON VANCE,EIM
EATON VANCE,EVM
EATON VANCE,ETB
EATON VANCE,ETY
EATON VANCE,EFR
EATON VANCE,EVT
EATON VANCE,EVF
EATON VANCE CALIFORNIA MUNICIPAL BOND FUND,EVM
EATON VANCE CALIFORNIA MUNICIPAL INCOME TRUST,CEV
EATON VANCE ENHANCED EQUITY INCOME FUND,EOI
EATON VANCE ENHANCED EQUITY INCOME FUND II,EOS
EATON VANCE FLOATING-RATE INCOME TRUST,EFT
EATON VANCE FLOATINGRATE INCOME TRUST,EFT
EATON VANCE LTD DURATION INCOME FUND,EVV
EATON VANCE MUNICIPAL BOND FUND,EIM
EATON VANCE MUNICIPAL INCOME 2028 TERM TRUST,ETX
EATON VANCE MUNICIPAL INCOME TRUST,EVN
EATON VANCE NATIONAL MUNICIPAL OPPORTUNITIES TRUST,EOT
EATON VANCE NEW YORK MUNICIPAL BOND FUND,ENX
EATON VANCE RISK-MANAGED DIVERSIFIED EQUITY INCOME FUND,ETJ
EATON VANCE RISKMANAGED DIVERSIFIED EQUITY INCOME FUND,ETJ
EATON VANCE SENIOR FLOATING-RATE TRUST,EFR
EATON VANCE SENIOR FLOATINGRATE TRUST,EFR
EATON VANCE SENIOR INCOME TRUST,EVF
EATON VANCE SHORT DURATION DIVERSIFIED INCOME FUND,EVG
EATON VANCE TAX-ADVANTAGED DIVIDEND INCOME FUND,EVT
EATON VANCE TAX-ADVANTAGED GLOBAL DIVIDEND INCOME FUND,ETG
EATON VANCE TAX-ADVANTAGED GLOBAL DIVIDEND OPPORTUNITIES FUND,ETO
EATON VANCE TAX-MANAGED BUY-WRITE INCOME FUND,ETB
EATON VANCE TAX-MANAGED BUY-WRITE OPPORTUNITIES FUND,ETV
EATON VANCE TAX-MANAGED DIVERSIFIED EQUITY INCOME FUND,ETY
EATON VANCE TAX-MANAGED GLOBAL BUY-WRITE OPPORTUNITIES FUND,ETW
EATON VANCE TAX-MANAGED GLOBAL DIVERSIFIED EQUITY INCOME FUND,EXG
EATON VANCE TAXADVANTAGED DIVIDEND INCOME FUND,EVT
EATON VANCE TAXADVANTAGED GLOBAL DIVIDEND INCOME FUND,ETG
EATON VANCE TAXADVANTAGED GLOBAL DIVIDEND OPPORTUNITIES FUND,ETO
EATON VANCE TAXMANAGED BUYWRITE INCOME FUND,ETB
EATON VANCE TAXMANAGED BUYWRITE OPPORTUNITIES FUND,ETV
EATON VANCE TAXMANAGED DIVERSIFIED EQUITY INCOME FUND,ETY
EATON VANCE TAXMANAGED GLOBAL BUYWRITE OPPORTUNITIES FUND,ETW
EATON VANCE TAXMANAGED GLOBAL DIVERSIFIED EQUITY INCOME FUND,EXG
EBANG,EBON
EBANG INTERNATIONAL,EBON
EBANG INTERNATIONAL HOLDINGS INC,EBON
EBANG INTERNATIONAL HOLDINGS INC.,EBON
EBARA,EBCOF
EBARA CORP,EBCOF
EBARA CORP /ADR/,EBCOF
EBARA CORP ADR,EBCOF
EBAY,EBAY
EBAY INC,EBAY
EBOS,EBOSF
EBOS,EBOSY
EBOS GROUP,EBOSF
EBOS GROUP,EBOSY
EBOS GROUP LIMITED/ADR,EBOSF
EBOS GROUP LIMITED/ADR,EBOSY
EBOS GROUP LIMITEDADR,EBOSY
EBOS GROUP LIMITEDADR,EBOSF
EBR,EBRCZ
EBR SYSTEMS INC,EBRCZ
"EBR SYSTEMS,",EBRCZ
"EBR SYSTEMS, INC.",EBRCZ
ECA,ECTM
ECA MARCELLUS,ECTM
ECA MARCELLUS TRUST I,ECTM
ECARX,ECXWW
ECARX,ECX
ECARX HOLDINGS,ECXWW
ECARX HOLDINGS,ECX
ECARX HOLDINGS INC,ECXWW
ECARX HOLDINGS INC,ECX
ECARX HOLDINGS INC.,ECX
ECARX HOLDINGS INC.,ECXWW
ECB,ECBK
ECB BANCORP INC MD,ECBK
"ECB BANCORP,",ECBK
"ECB BANCORP, INC. /MD/",ECBK
ECC,ECRO
ECC CAPITAL,ECRO
ECC CAPITAL CORP,ECRO
ECD,ECDA
ECD,ECDAW
ECD AUTOMOTIVE,ECDAW
ECD AUTOMOTIVE,ECDA
ECD AUTOMOTIVE DESIGN INC,ECDAW
ECD AUTOMOTIVE DESIGN INC,ECDA
"ECD AUTOMOTIVE DESIGN, INC.",ECDA
"ECD AUTOMOTIVE DESIGN, INC.",ECDAW
ECHOSTAR,SATS
ECHOSTAR CORP,SATS
ECO,WAVE
ECO,EBFI
ECO,ESSI
ECO,ECOX
ECO BRIGHT,EBFI
ECO BRIGHT FUTURE INC,EBFI
"ECO BRIGHT FUTURE, INC.",EBFI
ECO INNOVATION,ECOX
ECO INNOVATION GROUP INC,ECOX
"ECO INNOVATION GROUP, INC.",ECOX
ECO SCIENCE,ESSI
ECO SCIENCE SOLUTIONS INC,ESSI
"ECO SCIENCE SOLUTIONS, INC.",ESSI
ECO WAVE,WAVE
ECO WAVE POWER GLOBAL AB (PUBL),WAVE
ECO WAVE POWER GLOBAL AB PUBL,WAVE
ECOLAB,ECL
ECOLAB INC,ECL
ECOLAB INC.,ECL
ECOPETROL,EC
ECOPETROL S.A.,EC
ECOPETROL SA,EC
ECOPLUS,ECPL
ECOPLUS INC,ECPL
ECORA,ECRAF
ECORA,ECREY
ECORA RESOURCES,ECREY
ECORA RESOURCES,ECRAF
ECORA RESOURCES PLC/ADR,ECRAF
ECORA RESOURCES PLC/ADR,ECREY
ECORA RESOURCES PLCADR,ECRAF
ECORA RESOURCES PLCADR,ECREY
ECOVYST,ECVT
ECOVYST INC,ECVT
ECOVYST INC.,ECVT
EDAP,EDAP
EDAP TMS,EDAP
EDAP TMS SA,EDAP
EDDY,ESHSF
EDDY SMART,ESHSF
EDDY SMART HOME SOLUTIONS LTD,ESHSF
EDDY SMART HOME SOLUTIONS LTD.,ESHSF
EDENOR,EDN
EDESA,EDSA
EDESA BIOTECH INC,EDSA
"EDESA BIOTECH,",EDSA
"EDESA BIOTECH, INC.",EDSA
EDGEMODE INC,EDGM
"EDGEMODE,",EDGM
"EDGEMODE, INC.",EDGM
EDGEWELL,EPC
EDGEWELL PERSONAL,EPC
EDGEWELL PERSONAL CARE,EPC
EDGEWELL PERSONAL CARE CO,EPC
EDGEWISE,EWTX
EDGEWISE THERAPEUTICS INC,EWTX
"EDGEWISE THERAPEUTICS,",EWTX
"EDGEWISE THERAPEUTICS, INC.",EWTX
EDIBLE,EDBL
EDIBLE,EDBLW
EDIBLE GARDEN,EDBLW
EDIBLE GARDEN,EDBL
EDIBLE GARDEN AG INC,EDBL
EDIBLE GARDEN AG INC,EDBLW
EDISON,EIX
EDISON INTERNATIONAL,EIX
EDITAS,EDIT
EDITAS MEDICINE INC,EDIT
"EDITAS MEDICINE,",EDIT
"EDITAS MEDICINE, INC.",EDIT
EDP,EDPFY
EDP,ELCPF
EDP ENERGIAS,EDPFY
EDP ENERGIAS,ELCPF
EDP ENERGIAS DE PORTUGAL,ELCPF
EDP ENERGIAS DE PORTUGAL,EDPFY
EDP ENERGIAS DE PORTUGAL SA,EDPFY
EDP ENERGIAS DE PORTUGAL SA,ELCPF
EDUCATIONAL,EDUC
EDUCATIONAL DEVELOPMENT,EDUC
EDUCATIONAL DEVELOPMENT CORP,EDUC
EDWARDS,EW
EDWARDS LIFESCIENCES,EW
EDWARDS LIFESCIENCES CORP,EW
EESTECH INC,EESH
"EESTECH,",EESH
"EESTECH, INC.",EESH
EGAIN,EGAN
EGAIN CORP,EGAN
EGH,EGHA
EGH,EGHAU
EGH ACQUISITION,EGHAU
EGH ACQUISITION,EGHA
EGH ACQUISITION CORP,EGHA
EGH ACQUISITION CORP,EGHAU
EGH ACQUISITION CORP.,EGHAU
EGH ACQUISITION CORP.,EGHA
EGUANA,EGTYF
EGUANA TECHNOLOGIES,EGTYF
EGUANA TECHNOLOGIES INC,EGTYF
EGUANA TECHNOLOGIES INC.,EGTYF
EHANG,EH
EHANG HOLDINGS,EH
EHANG HOLDINGS LTD,EH
EHAVE INC,EHVVF
"EHAVE,",EHVVF
"EHAVE, INC.",EHVVF
EHEALTH INC,EHTH
"EHEALTH,",EHTH
"EHEALTH, INC.",EHTH
EHOME HOUSEHOLD SERVICE,EJH
EIGHTCO,OCTO
EIGHTCO HOLDINGS,OCTO
EIGHTCO HOLDINGS INC,OCTO
EIGHTCO HOLDINGS INC.,OCTO
EKSO,EKSO
EKSO BIONICS,EKSO
EKSO BIONICS HOLDINGS INC,EKSO
"EKSO BIONICS HOLDINGS, INC.",EKSO
EL POLLO LOCO HOLDINGS INC,LOCO
"EL POLLO LOCO HOLDINGS, INC.",LOCO
EL-0713,CABI
EL-0713 FUND,CABI
"EL-0713 FUND I, A SERIES OF ROLL UP VEHICLES, LP",CABI
EL0713 FUND I A SERIES OF ROLL UP VEHICLES,CABI
ELANCO,ELAN
ELANCO ANIMAL,ELAN
ELANCO ANIMAL HEALTH,ELAN
ELANCO ANIMAL HEALTH INC,ELAN
ELASTIC,ESTC
ELASTIC N.V.,ESTC
ELASTIC NV,ESTC
ELBIT,ESLT
ELBIT SYSTEMS,ESLT
ELBIT SYSTEMS LTD,ESLT
ELC,ELCG
ELC GROUP,ELCG
ELC GROUP HOLDINGS LTD,ELCG
ELC GROUP HOLDINGS LTD.,ELCG
ELDORADO,EGO
ELDORADO GOLD,EGO
ELDORADO GOLD CORP /FI,EGO
ELDORADO GOLD CORP FI,EGO
ELECTRA,ELBM
ELECTRA BATTERY,ELBM
ELECTRA BATTERY MATERIALS,ELBM
ELECTRA BATTERY MATERIALS CORP,ELBM
ELECTRIC,EMUSF
ELECTRIC,ELECF
ELECTRIC METALS,EMUSF
ELECTRIC METALS (USA) LTD,EMUSF
ELECTRIC METALS USA,EMUSF
ELECTRIC ROYALTIES,ELECF
ELECTRIC ROYALTIES LTD,ELECF
ELECTRIC ROYALTIES LTD.,ELECF
ELECTRO,ELSE
ELECTRO SENSORS,ELSE
ELECTRO SENSORS INC,ELSE
ELECTROCORE INC,ECOR
"ELECTROCORE,",ECOR
"ELECTROCORE, INC.",ECOR
ELECTROMED INC,ELMD
"ELECTROMED,",ELMD
"ELECTROMED, INC.",ELMD
ELECTROMEDICAL,EMED
ELECTROMEDICAL TECHNOLOGIES,EMED
"ELECTROMEDICAL TECHNOLOGIES,",EMED
"ELECTROMEDICAL TECHNOLOGIES, INC",EMED
ELECTRONIC,EA
ELECTRONIC,ELST
ELECTRONIC ARTS,EA
ELECTRONIC ARTS INC,EA
ELECTRONIC ARTS INC.,EA
ELECTRONIC SYSTEMS,ELST
ELECTRONIC SYSTEMS TECHNOLOGY,ELST
ELECTRONIC SYSTEMS TECHNOLOGY INC,ELST
ELECTROVAYA,ELVA
ELECTROVAYA INC,ELVA
ELECTROVAYA INC.,ELVA
ELECTRUM,ELDCF
ELECTRUM DISCOVERY,ELDCF
ELECTRUM DISCOVERY CORP,ELDCF
ELECTRUM DISCOVERY CORP.,ELDCF
ELEDON,ELDN
ELEDON PHARMACEUTICALS INC,ELDN
"ELEDON PHARMACEUTICALS,",ELDN
"ELEDON PHARMACEUTICALS, INC.",ELDN
ELEMENT,ESI
ELEMENT SOLUTIONS,ESI
ELEMENT SOLUTIONS INC,ESI
ELEVANCE,ELV
ELEVANCE HEALTH INC,ELV
"ELEVANCE HEALTH,",ELV
"ELEVANCE HEALTH, INC.",ELV
ELEVATION,ELEV
ELEVATION ONCOLOGY INC,ELEV
"ELEVATION ONCOLOGY,",ELEV
"ELEVATION ONCOLOGY, INC.",ELEV
ELF BEAUTY INC,ELF
ELI,LLY
ELI LILLY,LLY
ELI LILLY & CO,LLY
ELICIO,ELTX
ELICIO THERAPEUTICS INC,ELTX
"ELICIO THERAPEUTICS,",ELTX
"ELICIO THERAPEUTICS, INC.",ELTX
ELINE,EEGI
ELINE ENTERTAINMENT,EEGI
ELINE ENTERTAINMENT GROUP INC,EEGI
"ELINE ENTERTAINMENT GROUP, INC.",EEGI
ELITE,EHSI
ELITE,ETS
ELITE,ELTP
ELITE,BYLT
ELITE EXPRESS,ETS
ELITE EXPRESS HOLDING INC,ETS
ELITE EXPRESS HOLDING INC.,ETS
ELITE HEALTH,EHSI
ELITE HEALTH SYSTEMS INC,EHSI
ELITE HEALTH SYSTEMS INC.,EHSI
ELITE PERFORMANCE,BYLT
ELITE PERFORMANCE HOLDING,BYLT
ELITE PERFORMANCE HOLDING CORP,BYLT
ELITE PHARMACEUTICALS,ELTP
ELITE PHARMACEUTICALS INC /NV/,ELTP
ELITE PHARMACEUTICALS INC NV,ELTP
ELLINGTON,EFC
ELLINGTON,EARN
ELLINGTON CREDIT,EARN
ELLINGTON CREDIT CO,EARN
ELLINGTON FINANCIAL,EFC
ELLINGTON FINANCIAL INC,EFC
ELLINGTON FINANCIAL INC.,EFC
ELLOMAY,ELLO
ELLOMAY CAPITAL,ELLO
ELLOMAY CAPITAL LTD,ELLO
ELLOMAY CAPITAL LTD.,ELLO
ELLSWORTH,ECF
ELLSWORTH GROWTH,ECF
ELLSWORTH GROWTH  INCOME FUND,ECF
ELLSWORTH GROWTH & INCOME FUND LTD,ECF
ELME,ELME
ELME COMMUNITIES,ELME
ELONG,ELPW
ELONG POWER,ELPW
ELONG POWER HOLDING LTD,ELPW
ELONG POWER HOLDING LTD.,ELPW
ELRAY,ELRA
ELRAY RESOURCES INC,ELRA
"ELRAY RESOURCES,",ELRA
"ELRAY RESOURCES, INC.",ELRA
ELTEK,ELTK
ELTEK LTD,ELTK
ELUTIA,ELUT
ELUTIA INC,ELUT
ELUTIA INC.,ELUT
ELVICTOR,ELVG
ELVICTOR GROUP INC,ELVG
"ELVICTOR GROUP,",ELVG
"ELVICTOR GROUP, INC.",ELVG
EMBASSY,EMYB
EMBASSY BANCORP INC,EMYB
"EMBASSY BANCORP,",EMYB
"EMBASSY BANCORP, INC.",EMYB
EMBECTA,EMBC
EMBECTA CORP,EMBC
EMBECTA CORP.,EMBC
EMBLA,OSSUY
EMBLA,OSSFF
EMBLA MEDICAL,OSSUY
EMBLA MEDICAL,OSSFF
EMBLA MEDICAL HF/ADR,OSSFF
EMBLA MEDICAL HF/ADR,OSSUY
EMBLA MEDICAL HFADR,OSSUY
EMBLA MEDICAL HFADR,OSSFF
EMBRACE,EMCG
EMBRACE,EMCGR
EMBRACE,EMCGW
EMBRACE,EMCGU
EMBRACE CHANGE,EMCGR
EMBRACE CHANGE,EMCGU
EMBRACE CHANGE,EMCGW
EMBRACE CHANGE,EMCG
EMBRACE CHANGE ACQUISITION CORP,EMCG
EMBRACE CHANGE ACQUISITION CORP,EMCGW
EMBRACE CHANGE ACQUISITION CORP,EMCGR
EMBRACE CHANGE ACQUISITION CORP,EMCGU
EMBRACE CHANGE ACQUISITION CORP.,EMCG
EMBRACE CHANGE ACQUISITION CORP.,EMCGR
EMBRACE CHANGE ACQUISITION CORP.,EMCGW
EMBRACE CHANGE ACQUISITION CORP.,EMCGU
EMBRACER,EBCRY
EMBRACER,THQQF
EMBRACER GROUP,THQQF
EMBRACER GROUP,EBCRY
EMBRACER GROUP AB/ADR,THQQF
EMBRACER GROUP AB/ADR,EBCRY
EMBRACER GROUP ABADR,THQQF
EMBRACER GROUP ABADR,EBCRY
EMBRAER,ERJ
EMBRAER S.A.,ERJ
EMBRAER SA,ERJ
EMCOR,EME
EMCOR GROUP INC,EME
"EMCOR GROUP,",EME
"EMCOR GROUP, INC.",EME
EMERA,EMA
EMERA,ERRAF
EMERA,EMRJF
EMERA,EMRAF
EMERA,EMRPF
EMERA,EMICF
EMERA INC,EMRPF
EMERA INC,EMRAF
EMERA INC,EMRJF
EMERA INC,EMICF
EMERA INC,EMA
EMERA INC,ERRAF
EMERALD,EEX
EMERALD HOLDING INC,EEX
"EMERALD HOLDING,",EEX
"EMERALD HOLDING, INC.",EEX
EMEREN,SOL
EMEREN GROUP,SOL
EMEREN GROUP LTD,SOL
EMERGENT,EGMCF
EMERGENT,EBS
EMERGENT BIOSOLUTIONS,EBS
EMERGENT BIOSOLUTIONS INC,EBS
EMERGENT BIOSOLUTIONS INC.,EBS
EMERGENT METALS,EGMCF
EMERGENT METALS CORP,EGMCF
EMERGENT METALS CORP.,EGMCF
EMERSON,MSN
EMERSON,EMR
EMERSON ELECTRIC,EMR
EMERSON ELECTRIC CO,EMR
EMERSON RADIO,MSN
EMERSON RADIO CORP,MSN
EMINENT,EMGDF
EMINENT GOLD,EMGDF
EMINENT GOLD CORP,EMGDF
EMINENT GOLD CORP.,EMGDF
EMMAUS,EMMA
EMMAUS LIFE,EMMA
EMMAUS LIFE SCIENCES INC,EMMA
"EMMAUS LIFE SCIENCES, INC.",EMMA
EMO,NUVI
EMO CAPITAL,NUVI
EMO CAPITAL CORP,NUVI
EMO CAPITAL CORP.,NUVI
EMPIRE,ESBA
EMPIRE,OGCP
EMPIRE,FISK
EMPIRE,ESRT
EMPIRE,EP
EMPIRE PETROLEUM,EP
EMPIRE PETROLEUM CORP,EP
EMPIRE STATE,OGCP
EMPIRE STATE,ESBA
EMPIRE STATE,ESRT
EMPIRE STATE,FISK
EMPIRE STATE REALTY OP,FISK
EMPIRE STATE REALTY OP,ESBA
EMPIRE STATE REALTY OP,OGCP
"EMPIRE STATE REALTY OP, L.P.",ESBA
"EMPIRE STATE REALTY OP, L.P.",OGCP
"EMPIRE STATE REALTY OP, L.P.",FISK
EMPIRE STATE REALTY TRUST INC,ESRT
"EMPIRE STATE REALTY TRUST, INC.",ESRT
EMPLOYERS,EIG
EMPLOYERS HOLDINGS INC,EIG
"EMPLOYERS HOLDINGS,",EIG
"EMPLOYERS HOLDINGS, INC.",EIG
EMPRO,EMPG
EMPRO GROUP,EMPG
EMPRO GROUP INC,EMPG
EMPRO GROUP INC.,EMPG
EMX,EMX
EMX ROYALTY,EMX
EMX ROYALTY CORP,EMX
ENACT,ACT
ENACT HOLDINGS INC,ACT
"ENACT HOLDINGS,",ACT
"ENACT HOLDINGS, INC.",ACT
ENANTA,ENTA
ENANTA PHARMACEUTICALS,ENTA
ENANTA PHARMACEUTICALS INC,ENTA
ENB,ENBP
ENB FINANCIAL,ENBP
ENB FINANCIAL CORP,ENBP
ENBRIDGE,ENNPF
ENBRIDGE,ENBFF
ENBRIDGE,EBBGF
ENBRIDGE,EBRZF
ENBRIDGE,ENB
ENBRIDGE,ENBGF
ENBRIDGE,EBGEF
ENBRIDGE,ENBHF
ENBRIDGE,ENBMF
ENBRIDGE,EBRGF
ENBRIDGE,EBBNF
ENBRIDGE,ENBSF
ENBRIDGE,ENBNF
ENBRIDGE,ENBRF
ENBRIDGE,ENBOF
ENBRIDGE INC,EBGEF
ENBRIDGE INC,EBRZF
ENBRIDGE INC,ENBRF
ENBRIDGE INC,ENBHF
ENBRIDGE INC,ENBFF
ENBRIDGE INC,ENBOF
ENBRIDGE INC,ENB
ENBRIDGE INC,ENBGF
ENBRIDGE INC,EBBGF
ENBRIDGE INC,ENBMF
ENBRIDGE INC,EBRGF
ENBRIDGE INC,EBBNF
ENBRIDGE INC,ENNPF
ENBRIDGE INC,ENBNF
ENBRIDGE INC,ENBSF
ENCISION,ECIA
ENCISION INC,ECIA
ENCOMPASS,EHC
ENCOMPASS HEALTH,EHC
ENCOMPASS HEALTH CORP,EHC
ENCORE,ECPG
ENCORE,EU
ENCORE CAPITAL,ECPG
ENCORE CAPITAL GROUP INC,ECPG
ENCORE ENERGY,EU
ENCORE ENERGY CORP,EU
ENCORE ENERGY CORP.,EU
ENDAVA,DAVA
ENDAVA PLC,DAVA
ENDEAVOR,EDVR
ENDEAVOR BANCORP,EDVR
ENDEAVOUR,EXK
ENDEAVOUR,EDVLY
ENDEAVOUR,EDVGF
ENDEAVOUR GROUP,EDVGF
ENDEAVOUR GROUP,EDVLY
ENDEAVOUR GROUP LIMITED/ADR,EDVGF
ENDEAVOUR GROUP LIMITED/ADR,EDVLY
ENDEAVOUR GROUP LIMITEDADR,EDVLY
ENDEAVOUR GROUP LIMITEDADR,EDVGF
ENDEAVOUR SILVER,EXK
ENDEAVOUR SILVER CORP,EXK
ENDEXX,EDXC
ENDEXX CORP,EDXC
ENDI,ENDI
ENDI CORP,ENDI
ENDI CORP.,ENDI
ENDO INC,NDOI
"ENDO,",NDOI
"ENDO, INC.",NDOI
ENDONOVO,ENDV
ENDONOVO THERAPEUTICS INC,ENDV
"ENDONOVO THERAPEUTICS,",ENDV
"ENDONOVO THERAPEUTICS, INC.",ENDV
ENDRA,NDRA
ENDRA LIFE,NDRA
ENDRA LIFE SCIENCES INC,NDRA
ENDRA LIFE SCIENCES INC.,NDRA
ENEL,ENIC
ENEL CHILE,ENIC
ENEL CHILE S.A.,ENIC
ENEL CHILE SA,ENIC
ENERFLEX,EFXT
ENERFLEX LTD,EFXT
ENERFLEX LTD.,EFXT
ENERGEAN,EERGF
ENERGEAN PLC/ADR,EERGF
ENERGEAN PLCADR,EERGF
ENERGIZER,ENR
ENERGIZER HOLDINGS INC,ENR
"ENERGIZER HOLDINGS,",ENR
"ENERGIZER HOLDINGS, INC.",ENR
ENERGOUS,WATT
ENERGOUS CORP,WATT
ENERGY,ELP
ENERGY,CIG-C
ENERGY,ELPC
ENERGY,NRGV
ENERGY,UUUU
ENERGY,ET
ENERGY,CIG
ENERGY,ESOA
ENERGY,ERII
ENERGY,EAWD
ENERGY,ET-PI
ENERGY,EFOI
ENERGY  WATER DEVELOPMENT,EAWD
ENERGY & WATER DEVELOPMENT CORP,EAWD
ENERGY CO OF MINAS GERAIS,CIG
ENERGY CO OF MINAS GERAIS,CIG-C
ENERGY CO OF PARANA,ELPC
ENERGY CO OF PARANA,ELP
ENERGY FOCUS INCDE,EFOI
"ENERGY FOCUS,",EFOI
"ENERGY FOCUS, INC/DE",EFOI
ENERGY FUELS,UUUU
ENERGY FUELS INC,UUUU
ENERGY RECOVERY INC,ERII
"ENERGY RECOVERY,",ERII
"ENERGY RECOVERY, INC.",ERII
ENERGY SERVICES,ESOA
ENERGY SERVICES OF AMERICA,ESOA
ENERGY SERVICES OF AMERICA CORP,ESOA
ENERGY TRANSFER,ET
ENERGY TRANSFER,ET-PI
ENERGY TRANSFER LP,ET-PI
ENERGY TRANSFER LP,ET
ENERGY VAULT,NRGV
ENERGY VAULT HOLDINGS INC,NRGV
"ENERGY VAULT HOLDINGS, INC.",NRGV
ENERGYS,ENGS
ENERGYS GROUP,ENGS
ENERGYS GROUP LTD,ENGS
ENERPAC,EPAC
ENERPAC TOOL,EPAC
ENERPAC TOOL GROUP CORP,EPAC
ENERSYS,ENS
ENERTOPIA,ENRT
ENERTOPIA CORP,ENRT
ENERTOPIA CORP.,ENRT
ENGENE,ENGNW
ENGENE,ENGN
ENGENE HOLDINGS,ENGN
ENGENE HOLDINGS,ENGNW
ENGENE HOLDINGS INC,ENGN
ENGENE HOLDINGS INC,ENGNW
ENGENE HOLDINGS INC.,ENGNW
ENGENE HOLDINGS INC.,ENGN
ENGLOBAL,ENGCQ
ENGLOBAL CORP,ENGCQ
ENHABIT INC,EHAB
"ENHABIT,",EHAB
"ENHABIT, INC.",EHAB
ENI,E
ENI,EIPAF
ENI SPA,EIPAF
ENI SPA,E
ENIGMATIG,EGG
ENIGMATIG LTD,EGG
ENLIGHT,ENLT
ENLIGHT RENEWABLE,ENLT
ENLIGHT RENEWABLE ENERGY LTD,ENLT
ENLIGHT RENEWABLE ENERGY LTD.,ENLT
ENLIGHTIFY,ENFY
ENLIGHTIFY INC,ENFY
ENLIGHTIFY INC.,ENFY
ENLIVEN,ELVN
ENLIVEN,IMRA
ENLIVEN THERAPEUTICS INC,IMRA
ENLIVEN THERAPEUTICS INC,ELVN
"ENLIVEN THERAPEUTICS,",ELVN
"ENLIVEN THERAPEUTICS,",IMRA
"ENLIVEN THERAPEUTICS, INC.",ELVN
"ENLIVEN THERAPEUTICS, INC.",IMRA
ENLIVEX,ENLV
ENLIVEX THERAPEUTICS,ENLV
ENLIVEX THERAPEUTICS LTD,ENLV
ENLIVEX THERAPEUTICS LTD.,ENLV
ENNIS INC,EBF
"ENNIS,",EBF
"ENNIS, INC.",EBF
ENOVA,ENVA
ENOVA INTERNATIONAL INC,ENVA
"ENOVA INTERNATIONAL,",ENVA
"ENOVA INTERNATIONAL, INC.",ENVA
ENOVIS,ENOV
ENOVIS CORP,ENOV
ENOVIX,ENVX
ENOVIX CORP,ENVX
ENPHASE,ENPH
ENPHASE ENERGY INC,ENPH
"ENPHASE ENERGY,",ENPH
"ENPHASE ENERGY, INC.",ENPH
ENPRO,NPO
ENPRO INC,NPO
ENPRO INC.,NPO
ENSERVCO,ENSV
ENSERVCO CORP,ENSV
ENSIGN,ENSG
ENSIGN GROUP,ENSG
"ENSIGN GROUP,",ENSG
"ENSIGN GROUP, INC",ENSG
ENSTAR,ESGRO
ENSTAR,ESGR
ENSTAR,ESGRP
ENSTAR GROUP,ESGRP
ENSTAR GROUP,ESGRO
ENSTAR GROUP,ESGR
ENSTAR GROUP LTD,ESGR
ENSTAR GROUP LTD,ESGRO
ENSTAR GROUP LTD,ESGRP
ENSYSCE,ENSC
ENSYSCE,ENSCW
ENSYSCE BIOSCIENCES INC,ENSCW
ENSYSCE BIOSCIENCES INC,ENSC
"ENSYSCE BIOSCIENCES,",ENSCW
"ENSYSCE BIOSCIENCES,",ENSC
"ENSYSCE BIOSCIENCES, INC.",ENSCW
"ENSYSCE BIOSCIENCES, INC.",ENSC
ENTEGRIS,ENTG
ENTEGRIS INC,ENTG
ENTERA,ENTX
ENTERA BIO,ENTX
ENTERA BIO LTD,ENTX
ENTERA BIO LTD.,ENTX
ENTERGY,ETI-P
ENTERGY,EAI
ENTERGY,EMP
ENTERGY,ELC
ENTERGY,ENO
ENTERGY,ETR
ENTERGY,ENJ
ENTERGY ARKANSAS,EAI
"ENTERGY ARKANSAS,",EAI
"ENTERGY ARKANSAS, LLC",EAI
ENTERGY CORP,ETR
ENTERGY CORP /DE/,ETR
ENTERGY CORP DE,ETR
ENTERGY LOUISIANA,ELC
"ENTERGY LOUISIANA,",ELC
"ENTERGY LOUISIANA, LLC",ELC
ENTERGY MISSISSIPPI,EMP
"ENTERGY MISSISSIPPI,",EMP
"ENTERGY MISSISSIPPI, LLC",EMP
ENTERGY NEW,ENO
ENTERGY NEW,ENJ
ENTERGY NEW ORLEANS,ENO
ENTERGY NEW ORLEANS,ENJ
"ENTERGY NEW ORLEANS, LLC",ENJ
"ENTERGY NEW ORLEANS, LLC",ENO
ENTERGY TEXAS INC,ETI-P
"ENTERGY TEXAS,",ETI-P
"ENTERGY TEXAS, INC.",ETI-P
ENTERO,ENTO
ENTERO THERAPEUTICS INC,ENTO
"ENTERO THERAPEUTICS,",ENTO
"ENTERO THERAPEUTICS, INC.",ENTO
ENTERPRISE,EFSCP
ENTERPRISE,EBTC
ENTERPRISE,EFSC
ENTERPRISE,EPDU
ENTERPRISE,EPD
ENTERPRISE BANCORP,EBTC
ENTERPRISE BANCORP INC /MA/,EBTC
ENTERPRISE BANCORP INC MA,EBTC
ENTERPRISE FINANCIAL,EFSCP
ENTERPRISE FINANCIAL,EFSC
ENTERPRISE FINANCIAL SERVICES CORP,EFSCP
ENTERPRISE FINANCIAL SERVICES CORP,EFSC
ENTERPRISE PRODUCTS,EPD
ENTERPRISE PRODUCTS,EPDU
ENTERPRISE PRODUCTS PARTNERS,EPDU
ENTERPRISE PRODUCTS PARTNERS,EPD
ENTERPRISE PRODUCTS PARTNERS L.P.,EPDU
ENTERPRISE PRODUCTS PARTNERS L.P.,EPD
ENTHUSIAST,EGLXF
ENTHUSIAST GAMING,EGLXF
ENTHUSIAST GAMING HOLDINGS INC  CANADA,EGLXF
ENTHUSIAST GAMING HOLDINGS INC. / CANADA,EGLXF
ENTRADA,TRDA
ENTRADA THERAPEUTICS INC,TRDA
"ENTRADA THERAPEUTICS,",TRDA
"ENTRADA THERAPEUTICS, INC.",TRDA
ENTRAVISION,EVC
ENTRAVISION COMMUNICATIONS,EVC
ENTRAVISION COMMUNICATIONS CORP,EVC
ENTREE,ERLFF
ENTREE RESOURCES,ERLFF
ENTREE RESOURCES LTD,ERLFF
ENTREE RESOURCES LTD.,ERLFF
ENTREPRENEUR,EUBG
ENTREPRENEUR UNIVERSE,EUBG
ENTREPRENEUR UNIVERSE BRIGHT,EUBG
ENTREPRENEUR UNIVERSE BRIGHT GROUP,EUBG
ENVELA,ELA
ENVELA CORP,ELA
ENVERIC,ENVB
ENVERIC BIOSCIENCES INC,ENVB
"ENVERIC BIOSCIENCES,",ENVB
"ENVERIC BIOSCIENCES, INC.",ENVB
ENVIRI,NVRI
ENVIRI CORP,NVRI
ENVIROMETAL,EVLLF
ENVIROMETAL TECHNOLOGIES,EVLLF
ENVIROMETAL TECHNOLOGIES INC,EVLLF
ENVIROMETAL TECHNOLOGIES INC.,EVLLF
ENVIROTECH,EVTV
ENVIROTECH VEHICLES INC,EVTV
"ENVIROTECH VEHICLES,",EVTV
"ENVIROTECH VEHICLES, INC.",EVTV
ENVISTA,NVST
ENVISTA HOLDINGS,NVST
ENVISTA HOLDINGS CORP,NVST
ENVOY,COCHW
ENVOY,COCH
ENVOY,EVOY
ENVOY MEDICAL INC,COCHW
ENVOY MEDICAL INC,COCH
"ENVOY MEDICAL,",COCH
"ENVOY MEDICAL,",COCHW
"ENVOY MEDICAL, INC.",COCHW
"ENVOY MEDICAL, INC.",COCH
ENVOY TECHNOLOGIES INC,EVOY
"ENVOY TECHNOLOGIES,",EVOY
"ENVOY TECHNOLOGIES, INC.",EVOY
ENVVENO,NVNO
ENVVENO,NVNBW
ENVVENO MEDICAL,NVNBW
ENVVENO MEDICAL,NVNO
ENVVENO MEDICAL CORP,NVNO
ENVVENO MEDICAL CORP,NVNBW
ENZO,ENZB
ENZO BIOCHEM,ENZB
ENZO BIOCHEM INC,ENZB
ENZON,ENZN
ENZON PHARMACEUTICALS INC,ENZN
"ENZON PHARMACEUTICALS,",ENZN
"ENZON PHARMACEUTICALS, INC.",ENZN
EOG,EOG
EOG RESOURCES,EOG
EOG RESOURCES INC,EOG
EOM,IMUC
EOM PHARMACEUTICAL,IMUC
EOM PHARMACEUTICAL HOLDINGS INC,IMUC
"EOM PHARMACEUTICAL HOLDINGS, INC.",IMUC
EON,EONR
EON RESOURCES,EONR
EON RESOURCES INC,EONR
EON RESOURCES INC.,EONR
EOS,EOSEW
EOS,EOSE
EOS ENERGY,EOSE
EOS ENERGY,EOSEW
EOS ENERGY ENTERPRISES INC,EOSEW
EOS ENERGY ENTERPRISES INC,EOSE
"EOS ENERGY ENTERPRISES, INC.",EOSEW
"EOS ENERGY ENTERPRISES, INC.",EOSE
EPAM,EPAM
EPAM SYSTEMS INC,EPAM
"EPAM SYSTEMS,",EPAM
"EPAM SYSTEMS, INC.",EPAM
EPICQUEST,EEIQ
EPICQUEST EDUCATION,EEIQ
EPICQUEST EDUCATION GROUP,EEIQ
EPICQUEST EDUCATION GROUP INTERNATIONAL LTD,EEIQ
EPLUS,PLUS
EPLUS INC,PLUS
EPR,EPR
EPR PROPERTIES,EPR
EPSILON,EPSN
EPSILON ENERGY,EPSN
EPSILON ENERGY LTD,EPSN
EPSILON ENERGY LTD.,EPSN
EPSIUM,EPSM
EPSIUM ENTERPRISE,EPSM
EPSIUM ENTERPRISE LTD,EPSM
EPWK,EPWK
EPWK HOLDINGS,EPWK
EPWK HOLDINGS LTD,EPWK
EPWK HOLDINGS LTD.,EPWK
EQT,EQT
EQT CORP,EQT
EQUATOR,MOJO
EQUATOR BEVERAGE,MOJO
EQUATOR BEVERAGE CO,MOJO
EQUIFAX,EFX
EQUIFAX INC,EFX
EQUILLIUM INC,EQ
"EQUILLIUM,",EQ
"EQUILLIUM, INC.",EQ
EQUINIX,EQIX
EQUINIX INC,EQIX
EQUINOR,EQNR
EQUINOR,STOHF
EQUINOR ASA,EQNR
EQUINOR ASA,STOHF
EQUINOX,EQX
EQUINOX GOLD,EQX
EQUINOX GOLD CORP,EQX
EQUINOX GOLD CORP.,EQX
EQUITABLE,EQH
EQUITABLE HOLDINGS INC,EQH
"EQUITABLE HOLDINGS,",EQH
"EQUITABLE HOLDINGS, INC.",EQH
EQUITY,ELS
EQUITY,EQBK
EQUITY,EQR
EQUITY BANCSHARES,EQBK
EQUITY BANCSHARES INC,EQBK
EQUITY LIFESTYLE,ELS
EQUITY LIFESTYLE PROPERTIES INC,ELS
EQUITY RESIDENTIAL,EQR
EQUUS,EQS
EQUUS TOTAL,EQS
EQUUS TOTAL RETURN INC,EQS
"EQUUS TOTAL RETURN, INC.",EQS
EQV,EVAC
EQV,EQV
EQV VENTURES,EVAC
EQV VENTURES,EQV
EQV VENTURES ACQUISITION CORP,EQV
EQV VENTURES ACQUISITION CORP II,EVAC
EQV VENTURES ACQUISITION CORP.,EQV
EQV VENTURES ACQUISITION CORP. II,EVAC
ERASCA INC,ERAS
"ERASCA,",ERAS
"ERASCA, INC.",ERAS
ERAYAK,RAYA
ERAYAK POWER,RAYA
ERAYAK POWER SOLUTION GROUP INC,RAYA
ERAYAK POWER SOLUTION GROUP INC.,RAYA
EREGLI,ERELY
EREGLI DEMIR,ERELY
EREGLI DEMIR VE CELIK FABRIKALARI TAS/ADR,ERELY
EREGLI DEMIR VE CELIK FABRIKALARI TASADR,ERELY
ERICSSON,ERIXF
ERICSSON,ERIC
ERICSSON LM TELEPHONE,ERIC
ERICSSON LM TELEPHONE,ERIXF
ERICSSON LM TELEPHONE CO,ERIXF
ERICSSON LM TELEPHONE CO,ERIC
ERIE,ERIE
ERIE INDEMNITY,ERIE
ERIE INDEMNITY CO,ERIE
ERMENEGILDO,ZGN
ERMENEGILDO ZEGNA,ZGN
ERMENEGILDO ZEGNA N.V.,ZGN
ERMENEGILDO ZEGNA NV,ZGN
ERNEXA,ERNA
ERNEXA THERAPEUTICS,ERNA
ERNEXA THERAPEUTICS INC,ERNA
ERNEXA THERAPEUTICS INC.,ERNA
ERO,ERO
ERO COPPER,ERO
ERO COPPER CORP,ERO
ERO COPPER CORP.,ERO
ESAB,ESAB
ESAB CORP,ESAB
ESCALADE,ESCA
ESCALADE INC,ESCA
ESCALON,ESMC
ESCALON MEDICAL,ESMC
ESCALON MEDICAL CORP,ESMC
ESCO,ESE
ESCO TECHNOLOGIES,ESE
ESCO TECHNOLOGIES INC,ESE
ESG,ESGH
ESG INC,ESGH
ESG INC.,ESGH
ESGL,ESGL
ESGL,ESGLW
ESGL HOLDINGS,ESGL
ESGL HOLDINGS,ESGLW
ESGL HOLDINGS LTD,ESGLW
ESGL HOLDINGS LTD,ESGL
ESGOLD,ESAUF
ESGOLD CORP,ESAUF
ESGOLD CORP.,ESAUF
ESH,ESHA
ESH,ESHAR
ESH ACQUISITION,ESHAR
ESH ACQUISITION,ESHA
ESH ACQUISITION CORP,ESHAR
ESH ACQUISITION CORP,ESHA
ESH ACQUISITION CORP.,ESHAR
ESH ACQUISITION CORP.,ESHA
ESHALLGO,EHGO
ESHALLGO INC,EHGO
ESHALLGO INC.,EHGO
ESPERION,ESPR
ESPERION THERAPEUTICS INC,ESPR
"ESPERION THERAPEUTICS,",ESPR
"ESPERION THERAPEUTICS, INC.",ESPR
ESPEY,ESP
ESPEY MFG,ESP
ESPEY MFG  ELECTRONICS,ESP
ESPEY MFG & ELECTRONICS CORP,ESP
ESPORTS,GMBLP
ESPORTS,GMBL
ESPORTS,GMBLZ
ESPORTS ENTERTAINMENT,GMBLZ
ESPORTS ENTERTAINMENT,GMBL
ESPORTS ENTERTAINMENT,GMBLP
ESPORTS ENTERTAINMENT GROUP INC,GMBL
ESPORTS ENTERTAINMENT GROUP INC,GMBLP
ESPORTS ENTERTAINMENT GROUP INC,GMBLZ
"ESPORTS ENTERTAINMENT GROUP, INC.",GMBL
"ESPORTS ENTERTAINMENT GROUP, INC.",GMBLP
"ESPORTS ENTERTAINMENT GROUP, INC.",GMBLZ
ESQUIRE,ESQ
ESQUIRE FINANCIAL,ESQ
ESQUIRE FINANCIAL HOLDINGS INC,ESQ
"ESQUIRE FINANCIAL HOLDINGS, INC.",ESQ
ESS,GWH
ESS TECH INC,GWH
"ESS TECH,",GWH
"ESS TECH, INC.",GWH
ESSA,EPIX
ESSA,ESSA
ESSA BANCORP INC,ESSA
"ESSA BANCORP,",ESSA
"ESSA BANCORP, INC.",ESSA
ESSA PHARMA,EPIX
ESSA PHARMA INC,EPIX
ESSA PHARMA INC.,EPIX
ESSENT,ESNT
ESSENT GROUP,ESNT
ESSENT GROUP LTD,ESNT
ESSENT GROUP LTD.,ESNT
ESSENTIAL,WTRG
ESSENTIAL,EPRT
ESSENTIAL PROPERTIES,EPRT
ESSENTIAL PROPERTIES REALTY TRUST INC,EPRT
"ESSENTIAL PROPERTIES REALTY TRUST, INC.",EPRT
ESSENTIAL UTILITIES INC,WTRG
"ESSENTIAL UTILITIES,",WTRG
"ESSENTIAL UTILITIES, INC.",WTRG
ESSEX,ESS
ESSEX PROPERTY,ESS
ESSEX PROPERTY TRUST INC,ESS
"ESSEX PROPERTY TRUST, INC.",ESS
ESTABLISHMENT,ESTA
ESTABLISHMENT LABS,ESTA
ESTABLISHMENT LABS HOLDINGS INC,ESTA
ESTABLISHMENT LABS HOLDINGS INC.,ESTA
ESTEE,EL
ESTEE LAUDER,EL
ESTEE LAUDER COMPANIES,EL
ESTEE LAUDER COMPANIES INC,EL
ESTRELLA,ESLA
ESTRELLA,ESLAW
ESTRELLA IMMUNOPHARMA INC,ESLAW
ESTRELLA IMMUNOPHARMA INC,ESLA
"ESTRELLA IMMUNOPHARMA,",ESLAW
"ESTRELLA IMMUNOPHARMA,",ESLA
"ESTRELLA IMMUNOPHARMA, INC.",ESLAW
"ESTRELLA IMMUNOPHARMA, INC.",ESLA
ETHAN,ETD
ETHAN ALLEN,ETD
ETHAN ALLEN INTERIORS,ETD
ETHAN ALLEN INTERIORS INC,ETD
ETHEMA,GRST
ETHEMA HEALTH,GRST
ETHEMA HEALTH CORP,GRST
ETOILES,EFTY
ETOILES CAPITAL,EFTY
ETOILES CAPITAL GROUP CO,EFTY
"ETOILES CAPITAL GROUP CO., LTD",EFTY
ETON,ETON
ETON PHARMACEUTICALS INC,ETON
"ETON PHARMACEUTICALS,",ETON
"ETON PHARMACEUTICALS, INC.",ETON
ETORO,ETOR
ETORO GROUP,ETOR
ETORO GROUP LTD,ETOR
ETORO GROUP LTD.,ETOR
ETSY,ETSY
ETSY INC,ETSY
EUDA,EUDA
EUDA,EUDAW
EUDA HEALTH,EUDAW
EUDA HEALTH,EUDA
EUDA HEALTH HOLDINGS LTD,EUDA
EUDA HEALTH HOLDINGS LTD,EUDAW
EUPRAXIA,EPRX
EUPRAXIA PHARMACEUTICALS,EPRX
EUPRAXIA PHARMACEUTICALS INC,EPRX
EUPRAXIA PHARMACEUTICALS INC.,EPRX
EUREKA,EURK
EUREKA,EURKR
EUREKA,EURKU
EUREKA ACQUISITION,EURKU
EUREKA ACQUISITION,EURKR
EUREKA ACQUISITION,EURK
EUREKA ACQUISITION CORP,EURK
EUREKA ACQUISITION CORP,EURKU
EUREKA ACQUISITION CORP,EURKR
EURO,CLWT
EURO TECH,CLWT
EURO TECH HOLDINGS CO,CLWT
EURO TECH HOLDINGS CO LTD,CLWT
EURODRY,EDRY
EURODRY LTD,EDRY
EURODRY LTD.,EDRY
EUROHOLDINGS,EHLD
EUROHOLDINGS LTD,EHLD
EUROHOLDINGS LTD.,EHLD
EURONET,EEFT
EURONET WORLDWIDE INC,EEFT
"EURONET WORLDWIDE,",EEFT
"EURONET WORLDWIDE, INC.",EEFT
EUROPEAN,EUEMF
EUROPEAN,EWCZ
EUROPEAN,EEA
EUROPEAN ENERGY,EUEMF
EUROPEAN ENERGY METALS CORP,EUEMF
EUROPEAN ENERGY METALS CORP.,EUEMF
EUROPEAN EQUITY,EEA
EUROPEAN EQUITY FUND INC  MD,EEA
"EUROPEAN EQUITY FUND, INC / MD",EEA
EUROPEAN WAX,EWCZ
EUROPEAN WAX CENTER INC,EWCZ
"EUROPEAN WAX CENTER, INC.",EWCZ
EUROSEAS,ESEA
EUROSEAS LTD,ESEA
EUROSEAS LTD.,ESEA
EVA,GOAI
EVA LIVE,GOAI
EVA LIVE INC,GOAI
EVAXION,EVAX
EVAXION A/S,EVAX
EVAXION AS,EVAX
EVE,EVEX
EVE HOLDING INC,EVEX
"EVE HOLDING,",EVEX
"EVE HOLDING, INC.",EVEX
EVENTBRITE INC,EB
"EVENTBRITE,",EB
"EVENTBRITE, INC.",EB
EVENTIKO,EVTK
EVENTIKO INC,EVTK
EVENTIKO INC.,EVTK
EVERBRIGHT,EDHL
EVERBRIGHT DIGITAL,EDHL
EVERBRIGHT DIGITAL HOLDING LTD,EDHL
EVERBRIGHT DIGITAL HOLDING LTD.,EDHL
EVERCOMMERCE,EVCM
EVERCOMMERCE INC,EVCM
EVERCOMMERCE INC.,EVCM
EVERCORE,EVR
EVERCORE INC,EVR
EVERCORE INC.,EVR
EVEREST,EG
EVEREST GROUP LTD,EG
"EVEREST GROUP,",EG
"EVEREST GROUP, LTD.",EG
EVERGREEN,EGSVF
EVERGREEN,EGRVF
EVERGREEN,EGUVF
EVERGREEN CORP,EGSVF
EVERGREEN CORP,EGRVF
EVERGREEN CORP,EGUVF
EVERGY INC,EVRG
"EVERGY,",EVRG
"EVERGY, INC.",EVRG
EVERI,EVRI
EVERI HOLDINGS,EVRI
EVERI HOLDINGS INC,EVRI
EVERI HOLDINGS INC.,EVRI
EVERQUOTE INC,EVER
"EVERQUOTE,",EVER
"EVERQUOTE, INC.",EVER
EVERSOURCE,ES
EVERSOURCE ENERGY,ES
EVERSPIN,MRAM
EVERSPIN TECHNOLOGIES,MRAM
EVERSPIN TECHNOLOGIES INC,MRAM
EVERSPIN TECHNOLOGIES INC.,MRAM
EVERTEC INC,EVTC
"EVERTEC,",EVTC
"EVERTEC, INC.",EVTC
EVERUS,ECG
EVERUS CONSTRUCTION,ECG
EVERUS CONSTRUCTION GROUP INC,ECG
"EVERUS CONSTRUCTION GROUP, INC.",ECG
EVERYTHING,EBZT
EVERYTHING BLOCKCHAIN INC,EBZT
"EVERYTHING BLOCKCHAIN,",EBZT
"EVERYTHING BLOCKCHAIN, INC.",EBZT
EVGO,EVGO
EVGO,EVGOW
EVGO INC,EVGO
EVGO INC,EVGOW
EVGO INC.,EVGOW
EVGO INC.,EVGO
EVI,EVI
EVI INDUSTRIES INC,EVI
"EVI INDUSTRIES,",EVI
"EVI INDUSTRIES, INC.",EVI
EVOAIR,EVOH
EVOAIR HOLDINGS,EVOH
EVOAIR HOLDINGS INC,EVOH
EVOAIR HOLDINGS INC.,EVOH
EVOFEM,EVFM
EVOFEM BIOSCIENCES INC,EVFM
"EVOFEM BIOSCIENCES,",EVFM
"EVOFEM BIOSCIENCES, INC.",EVFM
EVOGENE,EVGN
EVOGENE LTD,EVGN
EVOGENE LTD.,EVGN
EVOKE,EVOK
EVOKE PHARMA,EVOK
EVOKE PHARMA INC,EVOK
EVOLENT,EVH
EVOLENT HEALTH INC,EVH
"EVOLENT HEALTH,",EVH
"EVOLENT HEALTH, INC.",EVH
EVOLUS INC,EOLS
"EVOLUS,",EOLS
"EVOLUS, INC.",EOLS
EVOLUTION,CAHPF
EVOLUTION,EPM
EVOLUTION MINING,CAHPF
EVOLUTION MINING LIMITED/ADR,CAHPF
EVOLUTION MINING LIMITEDADR,CAHPF
EVOLUTION PETROLEUM,EPM
EVOLUTION PETROLEUM CORP,EPM
EVOLV,EVLV
EVOLV,EVLVW
EVOLV TECHNOLOGIES,EVLV
EVOLV TECHNOLOGIES,EVLVW
EVOLV TECHNOLOGIES HOLDINGS INC,EVLV
EVOLV TECHNOLOGIES HOLDINGS INC,EVLVW
"EVOLV TECHNOLOGIES HOLDINGS, INC.",EVLV
"EVOLV TECHNOLOGIES HOLDINGS, INC.",EVLVW
EVOTEC,EVOTF
EVOTEC,EVO
EVOTEC SE,EVOTF
EVOTEC SE,EVO
EW SCRIPPS,SSP
EWSB,EWSB
EWSB BANCORP INC MD,EWSB
"EWSB BANCORP,",EWSB
"EWSB BANCORP, INC. /MD/",EWSB
EXACT,EXAS
EXACT SCIENCES,EXAS
EXACT SCIENCES CORP,EXAS
EXAGEN,XGN
EXAGEN INC,XGN
EXAGEN INC.,XGN
EXCEED,EXDW
EXCEED WORLD INC,EXDW
"EXCEED WORLD,",EXDW
"EXCEED WORLD, INC.",EXDW
EXCELERATE,EE
EXCELERATE ENERGY INC,EE
"EXCELERATE ENERGY,",EE
"EXCELERATE ENERGY, INC.",EE
EXCELLON,EXNRF
EXCELLON RESOURCES,EXNRF
EXCELLON RESOURCES INC,EXNRF
EXELA,XELA
EXELA TECHNOLOGIES INC,XELA
"EXELA TECHNOLOGIES,",XELA
"EXELA TECHNOLOGIES, INC.",XELA
EXELIXIS INC,EXEL
"EXELIXIS,",EXEL
"EXELIXIS, INC.",EXEL
EXELON,EXC
EXELON CORP,EXC
EXICURE INC,XCUR
"EXICURE,",XCUR
"EXICURE, INC.",XCUR
EXLSERVICE,EXLS
EXLSERVICE HOLDINGS INC,EXLS
"EXLSERVICE HOLDINGS,",EXLS
"EXLSERVICE HOLDINGS, INC.",EXLS
EXODUS,EXOD
EXODUS MOVEMENT INC,EXOD
"EXODUS MOVEMENT,",EXOD
"EXODUS MOVEMENT, INC.",EXOD
EXOUSIA,MAJI
EXOUSIA PRO INC,MAJI
"EXOUSIA PRO,",MAJI
"EXOUSIA PRO, INC.",MAJI
EXOZYMES,EXOZ
EXOZYMES INC,EXOZ
EXOZYMES INC.,EXOZ
EXP,EXPI
EXP WORLD,EXPI
EXP WORLD HOLDINGS INC,EXPI
"EXP WORLD HOLDINGS, INC.",EXPI
EXPAND,EXEEW
EXPAND,EXE
EXPAND,EXEEZ
EXPAND,EXEEL
EXPAND ENERGY,EXEEL
EXPAND ENERGY,EXEEW
EXPAND ENERGY,EXE
EXPAND ENERGY,EXEEZ
EXPAND ENERGY CORP,EXE
EXPAND ENERGY CORP,EXEEL
EXPAND ENERGY CORP,EXEEW
EXPAND ENERGY CORP,EXEEZ
EXPECTATION,ESPA
EXPECTATION ACQUISITION,ESPA
EXPECTATION ACQUISITION CORP,ESPA
EXPEDIA,EXPE
EXPEDIA GROUP INC,EXPE
"EXPEDIA GROUP,",EXPE
"EXPEDIA GROUP, INC.",EXPE
EXPEDITORS,EXPD
EXPEDITORS INTERNATIONAL,EXPD
EXPEDITORS INTERNATIONAL OF WASHINGTON,EXPD
EXPEDITORS INTERNATIONAL OF WASHINGTON INC,EXPD
EXPENSIFY INC,EXFY
"EXPENSIFY,",EXFY
"EXPENSIFY, INC.",EXFY
EXPION360,XPON
EXPION360 INC,XPON
EXPION360 INC.,XPON
EXPONENT,EXPO
EXPONENT INC,EXPO
EXPRO,XPRO
EXPRO GROUP,XPRO
EXPRO GROUP HOLDINGS N.V.,XPRO
EXPRO GROUP HOLDINGS NV,XPRO
EXTRA,EXR
EXTRA SPACE,EXR
EXTRA SPACE STORAGE INC,EXR
EXTRA SPACE STORAGE INC.,EXR
EXTREME,EXTR
EXTREME NETWORKS,EXTR
EXTREME NETWORKS INC,EXTR
EXXON,XOM
EXXON MOBIL,XOM
EXXON MOBIL CORP,XOM
EYENOVIA INC,EYEN
"EYENOVIA,",EYEN
"EYENOVIA, INC.",EYEN
EYEPOINT,EYPT
EYEPOINT PHARMACEUTICALS INC,EYPT
"EYEPOINT PHARMACEUTICALS,",EYPT
"EYEPOINT PHARMACEUTICALS, INC.",EYPT
EZAGOO,EZOO
EZAGOO LTD,EZOO
EZCORP,EZPW
EZCORP INC,EZPW
EZGO,EZGO
EZGO TECHNOLOGIES,EZGO
EZGO TECHNOLOGIES LTD,EZGO
EZGO TECHNOLOGIES LTD.,EZGO
F&G,FGSN
F&G,FGN
F&G,FG
F&G ANNUITIES,FGN
F&G ANNUITIES,FG
F&G ANNUITIES,FGSN
"F&G ANNUITIES & LIFE, INC.",FG
"F&G ANNUITIES & LIFE, INC.",FGN
"F&G ANNUITIES & LIFE, INC.",FGSN
F&M,FMBM
F&M BANK,FMBM
F&M BANK CORP,FMBM
F5 INC,FFIV
"F5,",FFIV
"F5, INC.",FFIV
FABRINET,FN
FACT,FACTU
FACT,FACT
FACT,FACTW
FACT II ACQUISITION CORP,FACT
FACT II ACQUISITION CORP,FACTU
FACT II ACQUISITION CORP,FACTW
FACT II ACQUISITION CORP.,FACTW
FACT II ACQUISITION CORP.,FACT
FACT II ACQUISITION CORP.,FACTU
FACTSET,FDS
FACTSET RESEARCH,FDS
FACTSET RESEARCH SYSTEMS INC,FDS
FAIR,FICO
FAIR ISAAC,FICO
FAIR ISAAC CORP,FICO
FAIRFAX,FAXXF
FAIRFAX,FRFXF
FAIRFAX,FAXRF
FAIRFAX,FRFFF
FAIRFAX,FRFHF
FAIRFAX FINANCIAL,FRFXF
FAIRFAX FINANCIAL,FAXXF
FAIRFAX FINANCIAL,FRFHF
FAIRFAX FINANCIAL,FAXRF
FAIRFAX FINANCIAL,FRFFF
FAIRFAX FINANCIAL HOLDINGS LTD CAN,FAXRF
FAIRFAX FINANCIAL HOLDINGS LTD CAN,FRFXF
FAIRFAX FINANCIAL HOLDINGS LTD CAN,FRFFF
FAIRFAX FINANCIAL HOLDINGS LTD CAN,FRFHF
FAIRFAX FINANCIAL HOLDINGS LTD CAN,FAXXF
FAIRFAX FINANCIAL HOLDINGS LTD/ CAN,FRFHF
FAIRFAX FINANCIAL HOLDINGS LTD/ CAN,FAXRF
FAIRFAX FINANCIAL HOLDINGS LTD/ CAN,FRFXF
FAIRFAX FINANCIAL HOLDINGS LTD/ CAN,FRFFF
FAIRFAX FINANCIAL HOLDINGS LTD/ CAN,FAXXF
FALCO,FPRGF
FALCO RESOURCES,FPRGF
FALCO RESOURCES LTD,FPRGF
FALCO RESOURCES LTD.,FPRGF
FALCON'S,FBYD
FALCON'S,FBYDW
FALCON'S BEYOND,FBYD
FALCON'S BEYOND,FBYDW
"FALCON'S BEYOND GLOBAL, INC.",FBYD
"FALCON'S BEYOND GLOBAL, INC.",FBYDW
FALCONS BEYOND GLOBAL INC,FBYD
FALCONS BEYOND GLOBAL INC,FBYDW
FALCONSTOR,FALC
FALCONSTOR SOFTWARE,FALC
FALCONSTOR SOFTWARE INC,FALC
FAMILY,FOFA
FAMILY OFFICE,FOFA
FAMILY OFFICE OF AMERICA INC,FOFA
"FAMILY OFFICE OF AMERICA, INC.",FOFA
FANGDD,DUO
FANGDD NETWORK,DUO
FANGDD NETWORK GROUP LTD,DUO
FANGDD NETWORK GROUP LTD.,DUO
FANUC,FANUF
FANUC LTD,FANUF
FARADAY,FFAI
FARADAY,FFAIW
FARADAY FUTURE,FFAI
FARADAY FUTURE,FFAIW
FARADAY FUTURE INTELLIGENT ELECTRIC INC,FFAI
FARADAY FUTURE INTELLIGENT ELECTRIC INC,FFAIW
FARADAY FUTURE INTELLIGENT ELECTRIC INC.,FFAIW
FARADAY FUTURE INTELLIGENT ELECTRIC INC.,FFAI
FARMER,FARM
FARMER BROTHERS,FARM
FARMER BROTHERS CO,FARM
FARMERS,FMNB
FARMERS,FMFG
FARMERS,FMAO
FARMERS,FMCB
FARMERS  MERCHANTS BANCORP,FMAO
FARMERS  MERCHANTS BANCORP,FMCB
FARMERS  MERCHANTS BANCSHARES INC,FMFG
FARMERS & MERCHANTS BANCORP,FMCB
FARMERS & MERCHANTS BANCORP INC,FMAO
"FARMERS & MERCHANTS BANCSHARES, INC.",FMFG
FARMERS NATIONAL,FMNB
FARMERS NATIONAL BANC CORP /OH/,FMNB
FARMERS NATIONAL BANC CORP OH,FMNB
FARMLAND,FPI
FARMLAND PARTNERS,FPI
FARMLAND PARTNERS INC,FPI
FARMLAND PARTNERS INC.,FPI
FARMMI INC,FAMI
"FARMMI,",FAMI
"FARMMI, INC.",FAMI
FARO,FARO
FARO TECHNOLOGIES,FARO
FARO TECHNOLOGIES INC,FARO
FAST,FCCI
FAST,FTRK
FAST CASUAL,FCCI
FAST CASUAL CONCEPTS INC,FCCI
"FAST CASUAL CONCEPTS, INC.",FCCI
FAST TRACK,FTRK
FAST TRACK GROUP,FTRK
FASTENAL,FAST
FASTENAL CO,FAST
FASTIGHETS,FSTGY
FASTIGHETS,BALDF
FASTIGHETS AB BALDER/ADR,FSTGY
FASTIGHETS AB BALDER/ADR,BALDF
FASTIGHETS AB BALDERADR,FSTGY
FASTIGHETS AB BALDERADR,BALDF
FASTLY INC,FSLY
"FASTLY,",FSLY
"FASTLY, INC.",FSLY
FAT,FAT
FAT,FATBB
FAT,FATBP
FAT,FATBW
FAT BRANDS,FATBP
FAT BRANDS,FATBB
FAT BRANDS,FAT
FAT BRANDS,FATBW
"FAT BRANDS,",FAT
"FAT BRANDS,",FATBP
"FAT BRANDS,",FATBW
"FAT BRANDS,",FATBB
"FAT BRANDS, INC",FATBB
"FAT BRANDS, INC",FATBW
"FAT BRANDS, INC",FATBP
"FAT BRANDS, INC",FAT
FATE,FATE
FATE THERAPEUTICS,FATE
FATE THERAPEUTICS INC,FATE
FATHOM,FTHM
FATHOM HOLDINGS,FTHM
FATHOM HOLDINGS INC,FTHM
FATHOM HOLDINGS INC.,FTHM
FATPIPE,FATN
FATPIPE INC/UT,FATN
FATPIPE INCUT,FATN
FAVO,FAVO
FAVO CAPITAL INC,FAVO
"FAVO CAPITAL,",FAVO
"FAVO CAPITAL, INC.",FAVO
FB,FBK
FB BANCORP INC MD,FBLA
"FB BANCORP, INC. /MD/",FBLA
FB FINANCIAL CORP,FBK
FBC,FBCD
FBC HOLDING INC,FBCD
"FBC HOLDING,",FBCD
"FBC HOLDING, INC.",FBCD
FBS,FBGL
FBS GLOBAL,FBGL
FBS GLOBAL LTD,FBGL
FDCTECH INC,FDCT
"FDCTECH,",FDCT
"FDCTECH, INC.",FDCT
FEC,FECOF
FEC RESOURCES,FECOF
FEC RESOURCES INC,FECOF
FEC RESOURCES INC.,FECOF
FEDERAL,FREJP
FEDERAL,FNMAI
FEDERAL,FNMFM
FEDERAL,FNMAO
FEDERAL,FMCKM
FEDERAL,FREGP
FEDERAL,FMCCN
FEDERAL,FMCCL
FEDERAL,FNMAN
FEDERAL,FNMAH
FEDERAL,FMCKP
FEDERAL,FMCKK
FEDERAL,FMCCS
FEDERAL,FREJN
FEDERAL,FMCCH
FEDERAL,FNMAG
FEDERAL,FMCCO
FEDERAL,FNMAM
FEDERAL,FMCKL
FEDERAL,FMCCG
FEDERAL,FMCCJ
FEDERAL,FMCCK
FEDERAL,FMCC
FEDERAL,FNMAJ
FEDERAL,FMCKN
FEDERAL,FNMFO
FEDERAL,FNMAL
FEDERAL,FNMAP
FEDERAL,FSS
FEDERAL,FNMAK
FEDERAL,FNMA
FEDERAL,FMCCP
FEDERAL,FREJO
FEDERAL,FNMAT
FEDERAL,FNMAS
FEDERAL,FMCCM
FEDERAL,FMCKJ
FEDERAL,FNMFN
FEDERAL,FMCKO
FEDERAL,FMCCT
FEDERAL,FRT
FEDERAL,AGM-A
FEDERAL,AGM
FEDERAL,FMCCI
FEDERAL,FMCKI
FEDERAL AGRICULTURAL,AGM
FEDERAL AGRICULTURAL,AGM-A
FEDERAL AGRICULTURAL MORTGAGE,AGM-A
FEDERAL AGRICULTURAL MORTGAGE,AGM
FEDERAL AGRICULTURAL MORTGAGE CORP,AGM
FEDERAL AGRICULTURAL MORTGAGE CORP,AGM-A
FEDERAL HOME,FMCCG
FEDERAL HOME,FREJO
FEDERAL HOME,FMCKJ
FEDERAL HOME,FMCKO
FEDERAL HOME,FMCKM
FEDERAL HOME,FREJP
FEDERAL HOME,FMCC
FEDERAL HOME,FMCKK
FEDERAL HOME,FMCCH
FEDERAL HOME,FREGP
FEDERAL HOME,FMCCO
FEDERAL HOME,FMCCK
FEDERAL HOME,FMCCS
FEDERAL HOME,FMCKL
FEDERAL HOME,FREJN
FEDERAL HOME,FMCCL
FEDERAL HOME,FMCKP
FEDERAL HOME,FMCCT
FEDERAL HOME,FMCCJ
FEDERAL HOME,FMCCM
FEDERAL HOME,FMCKN
FEDERAL HOME,FMCKI
FEDERAL HOME,FMCCN
FEDERAL HOME,FMCCP
FEDERAL HOME,FMCCI
FEDERAL HOME LOAN MORTGAGE,FMCCL
FEDERAL HOME LOAN MORTGAGE,FREJO
FEDERAL HOME LOAN MORTGAGE,FMCCS
FEDERAL HOME LOAN MORTGAGE,FMCCP
FEDERAL HOME LOAN MORTGAGE,FMCCO
FEDERAL HOME LOAN MORTGAGE,FMCKL
FEDERAL HOME LOAN MORTGAGE,FMCKI
FEDERAL HOME LOAN MORTGAGE,FMCCK
FEDERAL HOME LOAN MORTGAGE,FREJN
FEDERAL HOME LOAN MORTGAGE,FMCC
FEDERAL HOME LOAN MORTGAGE,FMCKN
FEDERAL HOME LOAN MORTGAGE,FMCCI
FEDERAL HOME LOAN MORTGAGE,FMCCG
FEDERAL HOME LOAN MORTGAGE,FREJP
FEDERAL HOME LOAN MORTGAGE,FMCKO
FEDERAL HOME LOAN MORTGAGE,FMCCN
FEDERAL HOME LOAN MORTGAGE,FMCKJ
FEDERAL HOME LOAN MORTGAGE,FMCKM
FEDERAL HOME LOAN MORTGAGE,FMCKK
FEDERAL HOME LOAN MORTGAGE,FMCCJ
FEDERAL HOME LOAN MORTGAGE,FREGP
FEDERAL HOME LOAN MORTGAGE,FMCCT
FEDERAL HOME LOAN MORTGAGE,FMCKP
FEDERAL HOME LOAN MORTGAGE,FMCCH
FEDERAL HOME LOAN MORTGAGE,FMCCM
FEDERAL HOME LOAN MORTGAGE CORP,FMCKP
FEDERAL HOME LOAN MORTGAGE CORP,FMCCN
FEDERAL HOME LOAN MORTGAGE CORP,FMCCK
FEDERAL HOME LOAN MORTGAGE CORP,FREJO
FEDERAL HOME LOAN MORTGAGE CORP,FMCKM
FEDERAL HOME LOAN MORTGAGE CORP,FMCCT
FEDERAL HOME LOAN MORTGAGE CORP,FMCCG
FEDERAL HOME LOAN MORTGAGE CORP,FMCCO
FEDERAL HOME LOAN MORTGAGE CORP,FMCCI
FEDERAL HOME LOAN MORTGAGE CORP,FMCKJ
FEDERAL HOME LOAN MORTGAGE CORP,FMCCM
FEDERAL HOME LOAN MORTGAGE CORP,FMCCH
FEDERAL HOME LOAN MORTGAGE CORP,FMCC
FEDERAL HOME LOAN MORTGAGE CORP,FMCKI
FEDERAL HOME LOAN MORTGAGE CORP,FMCKN
FEDERAL HOME LOAN MORTGAGE CORP,FMCCS
FEDERAL HOME LOAN MORTGAGE CORP,FMCCL
FEDERAL HOME LOAN MORTGAGE CORP,FMCKO
FEDERAL HOME LOAN MORTGAGE CORP,FMCKL
FEDERAL HOME LOAN MORTGAGE CORP,FMCCP
FEDERAL HOME LOAN MORTGAGE CORP,FMCCJ
FEDERAL HOME LOAN MORTGAGE CORP,FREGP
FEDERAL HOME LOAN MORTGAGE CORP,FMCKK
FEDERAL HOME LOAN MORTGAGE CORP,FREJP
FEDERAL HOME LOAN MORTGAGE CORP,FREJN
FEDERAL NATIONAL,FNMAK
FEDERAL NATIONAL,FNMAP
FEDERAL NATIONAL,FNMAJ
FEDERAL NATIONAL,FNMAH
FEDERAL NATIONAL,FNMAG
FEDERAL NATIONAL,FNMAL
FEDERAL NATIONAL,FNMFO
FEDERAL NATIONAL,FNMFM
FEDERAL NATIONAL,FNMAO
FEDERAL NATIONAL,FNMAS
FEDERAL NATIONAL,FNMAT
FEDERAL NATIONAL,FNMA
FEDERAL NATIONAL,FNMAI
FEDERAL NATIONAL,FNMFN
FEDERAL NATIONAL,FNMAN
FEDERAL NATIONAL,FNMAM
FEDERAL NATIONAL MORTGAGE ASSOCIATION FANNIE MAE,FNMFN
FEDERAL NATIONAL MORTGAGE ASSOCIATION FANNIE MAE,FNMAL
FEDERAL NATIONAL MORTGAGE ASSOCIATION FANNIE MAE,FNMAM
FEDERAL NATIONAL MORTGAGE ASSOCIATION FANNIE MAE,FNMFO
FEDERAL NATIONAL MORTGAGE ASSOCIATION FANNIE MAE,FNMAI
FEDERAL NATIONAL MORTGAGE ASSOCIATION FANNIE MAE,FNMAP
FEDERAL NATIONAL MORTGAGE ASSOCIATION FANNIE MAE,FNMAJ
FEDERAL NATIONAL MORTGAGE ASSOCIATION FANNIE MAE,FNMA
FEDERAL NATIONAL MORTGAGE ASSOCIATION FANNIE MAE,FNMFM
FEDERAL NATIONAL MORTGAGE ASSOCIATION FANNIE MAE,FNMAK
FEDERAL NATIONAL MORTGAGE ASSOCIATION FANNIE MAE,FNMAN
FEDERAL NATIONAL MORTGAGE ASSOCIATION FANNIE MAE,FNMAT
FEDERAL NATIONAL MORTGAGE ASSOCIATION FANNIE MAE,FNMAS
FEDERAL NATIONAL MORTGAGE ASSOCIATION FANNIE MAE,FNMAO
FEDERAL NATIONAL MORTGAGE ASSOCIATION FANNIE MAE,FNMAH
FEDERAL NATIONAL MORTGAGE ASSOCIATION FANNIE MAE,FNMAG
FEDERAL REALTY,FRT
FEDERAL REALTY INVESTMENT TRUST,FRT
FEDERAL SIGNAL,FSS
FEDERAL SIGNAL CORP /DE/,FSS
FEDERAL SIGNAL CORP DE,FSS
FEDERATED,FMN
FEDERATED,XPTFX
FEDERATED,FHI
FEDERATED HERMES,XPTFX
FEDERATED HERMES,FMN
FEDERATED HERMES INC,FHI
FEDERATED HERMES PREMIER MUNICIPAL INCOME FUND,FMN
FEDERATED HERMES PROJECT  TRADE FINANCE TENDER FUND,XPTFX
FEDERATED HERMES PROJECT & TRADE FINANCE TENDER FUND,XPTFX
"FEDERATED HERMES,",FHI
"FEDERATED HERMES, INC.",FHI
FEDEX,FDX
FEDEX CORP,FDX
FEMASYS,FEMY
FEMASYS INC,FEMY
FEMTO,FMTO
FEMTO,FMTOF
FEMTO TECHNOLOGIES,FMTOF
FEMTO TECHNOLOGIES,FMTO
FEMTO TECHNOLOGIES INC,FMTOF
FEMTO TECHNOLOGIES INC,FMTO
FEMTO TECHNOLOGIES INC.,FMTOF
FEMTO TECHNOLOGIES INC.,FMTO
FENBO,FEBO
FENBO HOLDINGS,FEBO
FENBO HOLDINGS LTD,FEBO
FENDX,FDXTF
FENDX TECHNOLOGIES,FDXTF
FENDX TECHNOLOGIES INC,FDXTF
FENDX TECHNOLOGIES INC.,FDXTF
FENNEC,FENC
FENNEC PHARMACEUTICALS,FENC
FENNEC PHARMACEUTICALS INC,FENC
FENNEC PHARMACEUTICALS INC.,FENC
FERGUSON,FERG
FERGUSON ENTERPRISES,FERG
FERGUSON ENTERPRISES INC DE,FERG
FERGUSON ENTERPRISES INC. /DE/,FERG
FERRARI,RACE
FERRARI N.V.,RACE
FERRARI NV,RACE
FERRELLGAS,FGPRB
FERRELLGAS,FGPR
FERRELLGAS PARTNERS,FGPR
FERRELLGAS PARTNERS,FGPRB
FERRELLGAS PARTNERS L P,FGPR
FERRELLGAS PARTNERS L P,FGPRB
FERROGLOBE,GSM
FERROGLOBE PLC,GSM
FERROVIAL,FER
FERROVIAL SE,FER
FFBW INC MD,FFBW
"FFBW,",FFBW
"FFBW, INC.",FFBW
"FFBW, INC. /MD/",FFBW
FG,FGO
FG ANNUITIES  LIFE INC,FGN
FG ANNUITIES  LIFE INC,FGSN
FG ANNUITIES  LIFE INC,FG
FG HOLDINGS LTD,FGO
FG MERGER II CORP,FGMCU
FG MERGER II CORP,FGMCR
FG MERGER II CORP,FGMC
FG MERGER II CORP.,FGMC
FG MERGER II CORP.,FGMCR
FG MERGER II CORP.,FGMCU
FGI,FGIWW
FGI,FGI
FGI INDUSTRIES,FGI
FGI INDUSTRIES,FGIWW
FGI INDUSTRIES LTD,FGIWW
FGI INDUSTRIES LTD,FGI
FGI INDUSTRIES LTD.,FGI
FGI INDUSTRIES LTD.,FGIWW
FIBROBIOLOGICS INC,FBLG
"FIBROBIOLOGICS,",FBLG
"FIBROBIOLOGICS, INC.",FBLG
FIBROGEN,FGEN
FIBROGEN INC,FGEN
FIDELIS,FIHL
FIDELIS INSURANCE,FIHL
FIDELIS INSURANCE HOLDINGS LTD,FIHL
FIDELITY,FNF
FIDELITY,FIS
FIDELITY,FETH
FIDELITY,FDBC
FIDELITY,FBTC
FIDELITY D  D BANCORP,FDBC
FIDELITY D & D BANCORP INC,FDBC
FIDELITY ETHEREUM,FETH
FIDELITY ETHEREUM FUND,FETH
FIDELITY NATIONAL,FIS
FIDELITY NATIONAL,FNF
FIDELITY NATIONAL FINANCIAL INC,FNF
"FIDELITY NATIONAL FINANCIAL, INC.",FNF
FIDELITY NATIONAL INFORMATION SERVICES INC,FIS
"FIDELITY NATIONAL INFORMATION SERVICES, INC.",FIS
FIDELITY WISE,FBTC
FIDELITY WISE ORIGIN BITCOIN FUND,FBTC
FIDUS,FDUS
FIDUS INVESTMENT,FDUS
FIDUS INVESTMENT CORP,FDUS
FIEE INC,MINM
"FIEE,",MINM
"FIEE, INC.",MINM
FIELMANN,FLMNF
FIELMANN,FLMNY
FIELMANN AG/ADR,FLMNY
FIELMANN AG/ADR,FLMNF
FIELMANN AGADR,FLMNY
FIELMANN AGADR,FLMNF
FIFTH,FDSB
FIFTH,FERA
FIFTH,FITB
FIFTH,FERAR
FIFTH,FITBI
FIFTH,FERAU
FIFTH,FITBO
FIFTH,FITBP
FIFTH DISTRICT,FDSB
FIFTH DISTRICT BANCORP INC,FDSB
"FIFTH DISTRICT BANCORP, INC.",FDSB
FIFTH ERA,FERAU
FIFTH ERA,FERA
FIFTH ERA,FERAR
FIFTH ERA ACQUISITION CORP I,FERAR
FIFTH ERA ACQUISITION CORP I,FERAU
FIFTH ERA ACQUISITION CORP I,FERA
FIFTH THIRD,FITBP
FIFTH THIRD,FITB
FIFTH THIRD,FITBI
FIFTH THIRD,FITBO
FIFTH THIRD BANCORP,FITBO
FIFTH THIRD BANCORP,FITB
FIFTH THIRD BANCORP,FITBP
FIFTH THIRD BANCORP,FITBI
FIGS INC,FIGS
"FIGS,",FIGS
"FIGS, INC.",FIGS
FIGX,FIGX
FIGX CAPITAL,FIGX
FIGX CAPITAL ACQUISITION CORP,FIGX
FIGX CAPITAL ACQUISITION CORP.,FIGX
FIH,FXCXD
FIH,FXCND
FIH MOBILE,FXCND
FIH MOBILE,FXCXD
FIH MOBILE LTD,FXCND
FIH MOBILE LTD,FXCXD
FINANCE,FOA
FINANCE,FOACW
FINANCE OF AMERICA COMPANIES INC,FOACW
FINANCE OF AMERICA COMPANIES INC,FOA
FINANCE OF AMERICA COMPANIES INC.,FOA
FINANCE OF AMERICA COMPANIES INC.,FOACW
FINANCIAL,FIISO
FINANCIAL,FIISP
FINANCIAL,FISI
FINANCIAL,FGCO
FINANCIAL GRAVITY,FGCO
FINANCIAL GRAVITY COMPANIES INC,FGCO
"FINANCIAL GRAVITY COMPANIES, INC.",FGCO
FINANCIAL INSTITUTIONS,FIISP
FINANCIAL INSTITUTIONS,FISI
FINANCIAL INSTITUTIONS,FIISO
FINANCIAL INSTITUTIONS INC,FISI
FINANCIAL INSTITUTIONS INC,FIISO
FINANCIAL INSTITUTIONS INC,FIISP
FINCH,FNCH
FINCH THERAPEUTICS,FNCH
FINCH THERAPEUTICS GROUP INC,FNCH
"FINCH THERAPEUTICS GROUP, INC.",FNCH
FINEMARK,FNBT
FINEMARK HOLDINGS INC,FNBT
"FINEMARK HOLDINGS,",FNBT
"FINEMARK HOLDINGS, INC.",FNBT
FINGERMOTION INC,FNGR
"FINGERMOTION,",FNGR
"FINGERMOTION, INC.",FNGR
FINNOVATE,FNVTF
FINNOVATE,FNVWF
FINNOVATE ACQUISITION,FNVWF
FINNOVATE ACQUISITION,FNVTF
FINNOVATE ACQUISITION CORP,FNVTF
FINNOVATE ACQUISITION CORP,FNVWF
FINNOVATE ACQUISITION CORP.,FNVTF
FINNOVATE ACQUISITION CORP.,FNVWF
FINTRADE,FTSP
FINTRADE SHERPA INC,FTSP
"FINTRADE SHERPA,",FTSP
"FINTRADE SHERPA, INC.",FTSP
FINVOLUTION,FINV
FINVOLUTION GROUP,FINV
FINWARD,FNWD
FINWARD BANCORP,FNWD
FINWISE,FINW
FINWISE BANCORP,FINW
FIREFLY,AIFF
FIREFLY NEUROSCIENCE INC,AIFF
"FIREFLY NEUROSCIENCE,",AIFF
"FIREFLY NEUROSCIENCE, INC.",AIFF
FIRST,INBKZ
FIRST,FREVS
FIRST,FFA
FIRST,FCAP
FIRST,FHB
FIRST,FA
FIRST,FMBH
FIRST,BUSEP
FIRST,FGBIP
FIRST,INBK
FIRST,FTHY
FIRST,FSTJ
FIRST,FNFPA
FIRST,FSFG
FIRST,FCF
FIRST,FFWM
FIRST,FXNC
FIRST,FAF
FIRST,FNMCF
FIRST,AG
FIRST,MYFW
FIRST,FUNC
FIRST,FCT
FIRST,FKYS
FIRST,FGBI
FIRST,FCNCP
FIRST,FNRN
FIRST,FRMEP
FIRST,FBP
FIRST,FWRG
FIRST,FFBC
FIRST,FHN
FIRST,FNLC
FIRST,FCCO
FIRST,FRME
FIRST,BUSE
FIRST,FBSI
FIRST,FUSB
FIRST,FCNCA
FIRST,FMY
FIRST,FBIZ
FIRST,FIBK
FIRST,FCNCO
FIRST,FNFI
FIRST,FSLR
FIRST,FCNCB
FIRST,VFLEX
FIRST,FR
FIRST,FCHS
FIRST,FSEA
FIRST,FRSPF
FIRST,THFF
FIRST,FFIN
FIRST,FBNC
FIRST,FFMGF
FIRST,FRCB
FIRST,FGB
FIRST,FPF
FIRST,FNWB
FIRST,FCBC
FIRST ADVANTAGE,FA
FIRST ADVANTAGE CORP,FA
FIRST AMERICA,FSTJ
FIRST AMERICA RESOURCES,FSTJ
FIRST AMERICA RESOURCES CORP,FSTJ
FIRST AMERICAN,FAF
FIRST AMERICAN FINANCIAL CORP,FAF
FIRST BANCORP,FBP
FIRST BANCORP,FBNC
FIRST BANCORP /NC/,FBNC
FIRST BANCORP /PR/,FBP
FIRST BANCORP INC ME,FNLC
FIRST BANCORP NC,FBNC
FIRST BANCORP PR,FBP
"FIRST BANCORP,",FNLC
"FIRST BANCORP, INC /ME/",FNLC
FIRST BANCSHARES,FBSI
FIRST BANCSHARES INC /MO/,FBSI
FIRST BANCSHARES INC MO,FBSI
FIRST BUSEY,BUSEP
FIRST BUSEY,BUSE
FIRST BUSEY CORP /NV/,BUSEP
FIRST BUSEY CORP /NV/,BUSE
FIRST BUSEY CORP NV,BUSE
FIRST BUSEY CORP NV,BUSEP
FIRST BUSINESS,FBIZ
FIRST BUSINESS FINANCIAL SERVICES INC,FBIZ
"FIRST BUSINESS FINANCIAL SERVICES, INC.",FBIZ
FIRST CAPITAL,FCAP
FIRST CAPITAL INC,FCAP
FIRST CHOICE,FCHS
FIRST CHOICE HEALTHCARE SOLUTIONS INC,FCHS
"FIRST CHOICE HEALTHCARE SOLUTIONS, INC.",FCHS
FIRST CITIZENS,FCNCO
FIRST CITIZENS,FCNCP
FIRST CITIZENS,FCNCA
FIRST CITIZENS,FCNCB
FIRST CITIZENS BANCSHARES INC /DE/,FCNCA
FIRST CITIZENS BANCSHARES INC /DE/,FCNCP
FIRST CITIZENS BANCSHARES INC /DE/,FCNCB
FIRST CITIZENS BANCSHARES INC /DE/,FCNCO
FIRST CITIZENS BANCSHARES INC DE,FCNCP
FIRST CITIZENS BANCSHARES INC DE,FCNCA
FIRST CITIZENS BANCSHARES INC DE,FCNCB
FIRST CITIZENS BANCSHARES INC DE,FCNCO
FIRST COMMONWEALTH,FCF
FIRST COMMONWEALTH FINANCIAL CORP /PA/,FCF
FIRST COMMONWEALTH FINANCIAL CORP PA,FCF
FIRST COMMUNITY,FCBC
FIRST COMMUNITY,FCCO
FIRST COMMUNITY BANKSHARES INC /VA/,FCBC
FIRST COMMUNITY BANKSHARES INC VA,FCBC
FIRST COMMUNITY CORP /SC/,FCCO
FIRST COMMUNITY CORP SC,FCCO
FIRST FINANCIAL,THFF
FIRST FINANCIAL,FFIN
FIRST FINANCIAL,FFBC
FIRST FINANCIAL BANCORP /OH/,FFBC
FIRST FINANCIAL BANCORP OH,FFBC
FIRST FINANCIAL BANKSHARES,FFIN
FIRST FINANCIAL BANKSHARES INC,FFIN
FIRST FINANCIAL CORP /IN/,THFF
FIRST FINANCIAL CORP IN,THFF
FIRST FOUNDATION,FFWM
FIRST FOUNDATION INC,FFWM
FIRST FOUNDATION INC.,FFWM
FIRST GUARANTY,FGBI
FIRST GUARANTY,FGBIP
FIRST GUARANTY BANCSHARES INC,FGBI
FIRST GUARANTY BANCSHARES INC,FGBIP
"FIRST GUARANTY BANCSHARES, INC.",FGBIP
"FIRST GUARANTY BANCSHARES, INC.",FGBI
FIRST HAWAIIAN INC,FHB
"FIRST HAWAIIAN,",FHB
"FIRST HAWAIIAN, INC.",FHB
FIRST HORIZON,FHN
FIRST HORIZON CORP,FHN
FIRST INDUSTRIAL,FR
FIRST INDUSTRIAL REALTY TRUST,FR
FIRST INDUSTRIAL REALTY TRUST INC,FR
FIRST INTERNET,INBK
FIRST INTERNET,INBKZ
FIRST INTERNET BANCORP,INBKZ
FIRST INTERNET BANCORP,INBK
FIRST INTERSTATE,FIBK
FIRST INTERSTATE BANCSYSTEM,FIBK
FIRST INTERSTATE BANCSYSTEM INC,FIBK
FIRST KEYSTONE,FKYS
FIRST KEYSTONE CORP,FKYS
FIRST MAJESTIC,AG
FIRST MAJESTIC SILVER,AG
FIRST MAJESTIC SILVER CORP,AG
FIRST MERCHANTS,FRMEP
FIRST MERCHANTS,FRME
FIRST MERCHANTS CORP,FRME
FIRST MERCHANTS CORP,FRMEP
FIRST MID,FMBH
FIRST MID BANCSHARES INC,FMBH
"FIRST MID BANCSHARES, INC.",FMBH
FIRST MINING,FFMGF
FIRST MINING GOLD CORP,FFMGF
FIRST MINING GOLD CORP.,FFMGF
FIRST NATIONAL,FXNC
FIRST NATIONAL CORP /VA/,FXNC
FIRST NATIONAL CORP VA,FXNC
FIRST NILES,FNFI
FIRST NILES,FNFPA
FIRST NILES FINANCIAL INC,FNFI
FIRST NILES FINANCIAL INC,FNFPA
FIRST NORDIC,FNMCF
FIRST NORDIC METALS CORP,FNMCF
FIRST NORDIC METALS CORP.,FNMCF
FIRST NORTHERN,FNRN
FIRST NORTHERN COMMUNITY BANCORP,FNRN
FIRST NORTHWEST,FNWB
FIRST NORTHWEST BANCORP,FNWB
FIRST PHOSPHATE,FRSPF
FIRST PHOSPHATE CORP,FRSPF
FIRST PHOSPHATE CORP.,FRSPF
FIRST REAL,FREVS
FIRST REAL ESTATE INVESTMENT TRUST OF NEW JERSEY INC,FREVS
"FIRST REAL ESTATE INVESTMENT TRUST OF NEW JERSEY, INC.",FREVS
FIRST REPUBLIC,FRCB
FIRST REPUBLIC BANK,FRCB
FIRST SAVINGS,FSFG
FIRST SAVINGS FINANCIAL GROUP INC,FSFG
"FIRST SAVINGS FINANCIAL GROUP, INC.",FSFG
FIRST SEACOAST,FSEA
FIRST SEACOAST BANCORP INC,FSEA
"FIRST SEACOAST BANCORP, INC.",FSEA
FIRST SOLAR INC,FSLR
"FIRST SOLAR,",FSLR
"FIRST SOLAR, INC.",FSLR
FIRST TRUST,FTHY
FIRST TRUST,FFA
FIRST TRUST,FGB
FIRST TRUST,FPF
FIRST TRUST,FMY
FIRST TRUST,FCT
FIRST TRUST,VFLEX
FIRST TRUST ALTERNATIVE OPPORTUNITIES FUND,VFLEX
FIRST TRUST ENHANCED EQUITY INCOME FUND,FFA
FIRST TRUST HIGH YIELD OPPORTUNITIES 2027 TERM FUND,FTHY
FIRST TRUST INTERMEDIATE DURATION PREFERRED  INCOME FUND,FPF
FIRST TRUST INTERMEDIATE DURATION PREFERRED & INCOME FUND,FPF
FIRST TRUST MORTGAGE INCOME FUND,FMY
FIRST TRUST SENIOR FLOATING RATE INCOME FUND II,FCT
FIRST TRUST SPECIALTY FINANCE  FINANCIAL OPPORTUNITIES FUND,FGB
FIRST TRUST SPECIALTY FINANCE & FINANCIAL OPPORTUNITIES FUND,FGB
FIRST UNITED,FUNC
FIRST UNITED CORP/MD/,FUNC
FIRST UNITED CORPMD,FUNC
FIRST US BANCSHARES INC,FUSB
"FIRST US BANCSHARES, INC.",FUSB
FIRST WATCH,FWRG
FIRST WATCH RESTAURANT GROUP INC,FWRG
"FIRST WATCH RESTAURANT GROUP, INC.",FWRG
FIRST WESTERN,MYFW
FIRST WESTERN FINANCIAL INC,MYFW
FIRSTCASH,FCFS
FIRSTCASH HOLDINGS INC,FCFS
"FIRSTCASH HOLDINGS,",FCFS
"FIRSTCASH HOLDINGS, INC.",FCFS
FIRSTENERGY,FE
FIRSTENERGY CORP,FE
FIRSTHAND,SVVC
FIRSTHAND TECHNOLOGY,SVVC
FIRSTHAND TECHNOLOGY VALUE FUND INC,SVVC
"FIRSTHAND TECHNOLOGY VALUE FUND, INC.",SVVC
FIRSTSERVICE,FSV
FIRSTSERVICE CORP,FSV
FIRSTSUN,FSUN
FIRSTSUN CAPITAL,FSUN
FIRSTSUN CAPITAL BANCORP,FSUN
FISCALNOTE,NOTE
FISCALNOTE HOLDINGS INC,NOTE
"FISCALNOTE HOLDINGS,",NOTE
"FISCALNOTE HOLDINGS, INC.",NOTE
FISERV,FI
FISERV INC,FI
FITELL,FTEL
FITELL CORP,FTEL
FITLIFE,FTLF
FITLIFE BRANDS INC,FTLF
"FITLIFE BRANDS,",FTLF
"FITLIFE BRANDS, INC.",FTLF
FITNESS,FCHL
FITNESS CHAMPS,FCHL
FITNESS CHAMPS HOLDINGS LTD,FCHL
FITZROY,FTZFF
FITZROY MINERALS,FTZFF
FITZROY MINERALS INC,FTZFF
FITZROY MINERALS INC.,FTZFF
FIVE,FSBC
FIVE,FPH
FIVE,FIVE
FIVE BELOW,FIVE
"FIVE BELOW,",FIVE
"FIVE BELOW, INC",FIVE
FIVE POINT,FPH
FIVE POINT HOLDINGS,FPH
"FIVE POINT HOLDINGS, LLC",FPH
FIVE STAR,FSBC
FIVE STAR BANCORP,FSBC
FIVE9 INC,FIVN
"FIVE9,",FIVN
"FIVE9, INC.",FIVN
FIVERR,FVRR
FIVERR INTERNATIONAL,FVRR
FIVERR INTERNATIONAL LTD,FVRR
FIVERR INTERNATIONAL LTD.,FVRR
FLAG,FSHP
FLAG,FSHPR
FLAG,FSHPU
FLAG SHIP,FSHPU
FLAG SHIP,FSHPR
FLAG SHIP,FSHP
FLAG SHIP ACQUISITION,FSHPR
FLAG SHIP ACQUISITION,FSHPU
FLAG SHIP ACQUISITION,FSHP
FLAG SHIP ACQUISITION CORP,FSHPR
FLAG SHIP ACQUISITION CORP,FSHPU
FLAG SHIP ACQUISITION CORP,FSHP
FLAGSTAR,FLG
FLAGSTAR FINANCIAL INC,FLG
"FLAGSTAR FINANCIAL,",FLG
"FLAGSTAR FINANCIAL, INC.",FLG
FLAHERTY,PFO
FLAHERTY,FFC
FLAHERTY,PFD
FLAHERTY,DFP
FLAHERTY,FLC
FLAHERTY  CRUMRINE DYNAMIC PREFERRED  INCOME FUND,DFP
FLAHERTY  CRUMRINE PREFERRED  INCOME FUND,PFD
FLAHERTY  CRUMRINE PREFERRED  INCOME OPPORTUNITY FUND,PFO
FLAHERTY  CRUMRINE PREFERRED  INCOME SECURITIES FUND,FFC
FLAHERTY  CRUMRINE TOTAL RETURN FUND,FLC
FLAHERTY & CRUMRINE DYNAMIC PREFERRED & INCOME FUND INC,DFP
FLAHERTY & CRUMRINE PREFERRED & INCOME FUND INC,PFD
FLAHERTY & CRUMRINE PREFERRED & INCOME OPPORTUNITY FUND INC,PFO
FLAHERTY & CRUMRINE PREFERRED & INCOME SECURITIES FUND INC,FFC
FLAHERTY & CRUMRINE TOTAL RETURN FUND INC,FLC
FLANIGANS,BDL
FLANIGANS ENTERPRISES,BDL
FLANIGANS ENTERPRISES INC,BDL
FLEX,FLNG
FLEX,FLEX
FLEX LNG,FLNG
FLEX LNG LTD,FLNG
FLEX LNG LTD.,FLNG
FLEX LTD,FLEX
FLEX LTD.,FLEX
FLEXIBLE,FSI
FLEXIBLE SOLUTIONS,FSI
FLEXIBLE SOLUTIONS INTERNATIONAL INC,FSI
FLEXPOINT,FLXT
FLEXPOINT SENSOR,FLXT
FLEXPOINT SENSOR SYSTEMS INC,FLXT
FLEXSHOPPER INC,FPAY
"FLEXSHOPPER,",FPAY
"FLEXSHOPPER, INC.",FPAY
FLEXSTEEL,FLXS
FLEXSTEEL INDUSTRIES,FLXS
FLEXSTEEL INDUSTRIES INC,FLXS
FLOOR,FND
FLOOR  DECOR HOLDINGS INC,FND
"FLOOR & DECOR HOLDINGS, INC.",FND
FLORA,FLGC
FLORA GROWTH,FLGC
FLORA GROWTH CORP,FLGC
FLORA GROWTH CORP.,FLGC
FLOTEK,FTK
FLOTEK INDUSTRIES,FTK
FLOTEK INDUSTRIES INC/CN/,FTK
FLOTEK INDUSTRIES INCCN,FTK
FLOWCO,FLOC
FLOWCO HOLDINGS,FLOC
FLOWCO HOLDINGS INC,FLOC
FLOWCO HOLDINGS INC.,FLOC
FLOWERKIST,FKST
FLOWERKIST SKIN,FKST
FLOWERKIST SKIN CARE  COSMETICS INC,FKST
"FLOWERKIST SKIN CARE & COSMETICS, INC.",FKST
FLOWERS,FLO
FLOWERS FOODS,FLO
FLOWERS FOODS INC,FLO
FLOWSERVE,FLS
FLOWSERVE CORP,FLS
FLUENCE,FLNC
FLUENCE ENERGY INC,FLNC
"FLUENCE ENERGY,",FLNC
"FLUENCE ENERGY, INC.",FLNC
FLUENT INC,FLNT
"FLUENT,",FLNT
"FLUENT, INC.",FLNT
FLUOR,FLR
FLUOR CORP,FLR
FLUSHING,FFIC
FLUSHING FINANCIAL,FFIC
FLUSHING FINANCIAL CORP,FFIC
FLUTTER,FLUT
FLUTTER ENTERTAINMENT,FLUT
FLUTTER ENTERTAINMENT PLC,FLUT
FLUX,FLUX
FLUX POWER,FLUX
FLUX POWER HOLDINGS INC,FLUX
"FLUX POWER HOLDINGS, INC.",FLUX
FLY-E,FLYE
"FLY-E GROUP,",FLYE
"FLY-E GROUP, INC.",FLYE
FLYE GROUP INC,FLYE
FLYEXCLUSIVE,FLYX
FLYEXCLUSIVE INC,FLYX
FLYEXCLUSIVE INC.,FLYX
FLYWHEEL,FWFW
FLYWHEEL ADVANCED,FWFW
FLYWHEEL ADVANCED TECHNOLOGY INC,FWFW
"FLYWHEEL ADVANCED TECHNOLOGY, INC.",FWFW
FLYWIRE,FLYW
FLYWIRE CORP,FLYW
FM BANK,FMBM
FMC,FMC
FMC CORP,FMC
FNB,FNB
FNB CORP/PA/,FNB
FNB CORPPA,FNB
FOCUS,FCUV
FOCUS UNIVERSAL,FCUV
FOCUS UNIVERSAL INC,FCUV
FOCUS UNIVERSAL INC.,FCUV
FOGHORN,FHTX
FOGHORN THERAPEUTICS,FHTX
FOGHORN THERAPEUTICS INC,FHTX
FOGHORN THERAPEUTICS INC.,FHTX
FOLD,FLD
FOLD,FLDDW
FOLD HOLDINGS INC,FLDDW
FOLD HOLDINGS INC,FLD
"FOLD HOLDINGS,",FLDDW
"FOLD HOLDINGS,",FLD
"FOLD HOLDINGS, INC.",FLD
"FOLD HOLDINGS, INC.",FLDDW
FONAR,FONR
FONAR CORP,FONR
FOOT,FL
FOOT LOCKER INC,FL
"FOOT LOCKER,",FL
"FOOT LOCKER, INC.",FL
FORAFRIC,AFRI
FORAFRIC,AFRIW
FORAFRIC GLOBAL,AFRI
FORAFRIC GLOBAL,AFRIW
FORAFRIC GLOBAL PLC,AFRI
FORAFRIC GLOBAL PLC,AFRIW
FORAN,FMCXF
FORAN MINING,FMCXF
FORAN MINING CORP,FMCXF
FORD,F-PB
FORD,F
FORD,F-PC
FORD,F-PD
FORD MOTOR,F-PD
FORD MOTOR,F-PB
FORD MOTOR,F
FORD MOTOR,F-PC
FORD MOTOR CO,F
FORD MOTOR CO,F-PD
FORD MOTOR CO,F-PC
FORD MOTOR CO,F-PB
FOREIGN,BLX
FOREIGN TRADE,BLX
FOREIGN TRADE BANK OF LATIN AMERICA INC,BLX
"FOREIGN TRADE BANK OF LATIN AMERICA, INC.",BLX
FOREMOST,FMSTW
FOREMOST,FMST
FOREMOST CLEAN,FMST
FOREMOST CLEAN,FMSTW
FOREMOST CLEAN ENERGY LTD,FMSTW
FOREMOST CLEAN ENERGY LTD,FMST
FOREMOST CLEAN ENERGY LTD.,FMSTW
FOREMOST CLEAN ENERGY LTD.,FMST
FORESIGHT,FRSX
FORESIGHT,FGFH
FORESIGHT AUTONOMOUS,FRSX
FORESIGHT AUTONOMOUS HOLDINGS LTD,FRSX
FORESIGHT AUTONOMOUS HOLDINGS LTD.,FRSX
FORESIGHT FINANCIAL,FGFH
FORESIGHT FINANCIAL GROUP INC,FGFH
FORESTAR,FOR
FORESTAR GROUP,FOR
FORESTAR GROUP INC,FOR
FORESTAR GROUP INC.,FOR
FORGE,FRGE
FORGE,FIGP
FORGE,FGNV
FORGE GLOBAL,FRGE
FORGE GLOBAL HOLDINGS INC,FRGE
"FORGE GLOBAL HOLDINGS, INC.",FRGE
FORGE GROUP INC,FIGP
"FORGE GROUP,",FIGP
"FORGE GROUP, INC.",FIGP
FORGE INNOVATION,FGNV
FORGE INNOVATION DEVELOPMENT CORP,FGNV
FORGE INNOVATION DEVELOPMENT CORP.,FGNV
FORIAN,FORA
FORIAN INC,FORA
FORIAN INC.,FORA
FORMATION,FOMTF
FORMATION,FOMI
FORMATION METALS INC,FOMTF
"FORMATION METALS,",FOMTF
"FORMATION METALS, INC.",FOMTF
FORMATION MINERALS INC,FOMI
"FORMATION MINERALS,",FOMI
"FORMATION MINERALS, INC.",FOMI
FORMFACTOR,FORM
FORMFACTOR INC,FORM
FORMULA,FORTY
FORMULA SYSTEMS,FORTY
FORMULA SYSTEMS (1985) LTD,FORTY
FORMULA SYSTEMS 1985,FORTY
FORRESTER,FORR
FORRESTER RESEARCH INC,FORR
"FORRESTER RESEARCH,",FORR
"FORRESTER RESEARCH, INC.",FORR
FORTE,FBRX
FORTE BIOSCIENCES INC,FBRX
"FORTE BIOSCIENCES,",FBRX
"FORTE BIOSCIENCES, INC.",FBRX
FORTINET INC,FTNT
"FORTINET,",FTNT
"FORTINET, INC.",FTNT
FORTIS,FORFF
FORTIS,FTPSF
FORTIS,FRTSF
FORTIS,FTS
FORTIS,FTRSF
FORTIS INC,FTRSF
FORTIS INC,FTS
FORTIS INC,FORFF
FORTIS INC,FRTSF
FORTIS INC,FTPSF
FORTIS INC.,FTPSF
FORTIS INC.,FTRSF
FORTIS INC.,FORFF
FORTIS INC.,FRTSF
FORTIS INC.,FTS
FORTITUDE,FTCO
FORTITUDE GOLD,FTCO
FORTITUDE GOLD CORP,FTCO
FORTIVE,FTV
FORTIVE CORP,FTV
FORTREA,FTRE
FORTREA HOLDINGS,FTRE
FORTREA HOLDINGS INC,FTRE
FORTREA HOLDINGS INC.,FTRE
FORTRESS,FBIO
FORTRESS,FBIOP
FORTRESS BIOTECH INC,FBIOP
FORTRESS BIOTECH INC,FBIO
"FORTRESS BIOTECH,",FBIOP
"FORTRESS BIOTECH,",FBIO
"FORTRESS BIOTECH, INC.",FBIOP
"FORTRESS BIOTECH, INC.",FBIO
FORTUNA,FSM
FORTUNA MINING,FSM
FORTUNA MINING CORP,FSM
FORTUNA MINING CORP.,FSM
FORTUNE,FBIN
FORTUNE BRANDS,FBIN
FORTUNE BRANDS INNOVATIONS INC,FBIN
"FORTUNE BRANDS INNOVATIONS, INC.",FBIN
FORUM,FET
FORUM ENERGY,FET
FORUM ENERGY TECHNOLOGIES INC,FET
"FORUM ENERGY TECHNOLOGIES, INC.",FET
FORVIA,FURCF
FORVIA SE/ADR,FURCF
FORVIA SEADR,FURCF
FORWARD,FORD
FORWARD,FWRD
FORWARD AIR,FWRD
FORWARD AIR CORP,FWRD
FORWARD INDUSTRIES INC,FORD
"FORWARD INDUSTRIES,",FORD
"FORWARD INDUSTRIES, INC.",FORD
FOSSIL,FOSL
FOSSIL,FOSLL
FOSSIL GROUP INC,FOSL
FOSSIL GROUP INC,FOSLL
"FOSSIL GROUP,",FOSL
"FOSSIL GROUP,",FOSLL
"FOSSIL GROUP, INC.",FOSL
"FOSSIL GROUP, INC.",FOSLL
FOSTER,FSTR
FOSTER L B,FSTR
FOSTER L B CO,FSTR
FOUNDER,FGL
FOUNDER GROUP,FGL
FOUNDER GROUP LTD,FGL
FOUR,FEDU
FOUR,FORLW
FOUR,FORLU
FOUR,FCPT
FOUR,FORL
FOUR CORNERS,FCPT
FOUR CORNERS PROPERTY TRUST INC,FCPT
"FOUR CORNERS PROPERTY TRUST, INC.",FCPT
FOUR LEAF,FORLW
FOUR LEAF,FORL
FOUR LEAF,FORLU
FOUR LEAF ACQUISITION,FORL
FOUR LEAF ACQUISITION,FORLU
FOUR LEAF ACQUISITION,FORLW
FOUR LEAF ACQUISITION CORP,FORL
FOUR LEAF ACQUISITION CORP,FORLW
FOUR LEAF ACQUISITION CORP,FORLU
FOUR SEASONS,FEDU
FOUR SEASONS EDUCATION (CAYMAN) INC.,FEDU
FOUR SEASONS EDUCATION CAYMAN INC,FEDU
FOX,FOX
FOX,FOXF
FOX,FOXA
FOX CORP,FOXA
FOX CORP,FOX
FOX FACTORY,FOXF
FOX FACTORY HOLDING,FOXF
FOX FACTORY HOLDING CORP,FOXF
FOXBY,FXBY
FOXBY CORP,FXBY
FOXBY CORP.,FXBY
FOXO,FOXOW
FOXO,FOXO
FOXO TECHNOLOGIES,FOXO
FOXO TECHNOLOGIES,FOXOW
FOXO TECHNOLOGIES INC,FOXOW
FOXO TECHNOLOGIES INC,FOXO
FOXO TECHNOLOGIES INC.,FOXO
FOXO TECHNOLOGIES INC.,FOXOW
FOXX,FOXXW
FOXX,FOXX
FOXX DEVELOPMENT,FOXX
FOXX DEVELOPMENT,FOXXW
FOXX DEVELOPMENT HOLDINGS INC,FOXX
FOXX DEVELOPMENT HOLDINGS INC,FOXXW
FOXX DEVELOPMENT HOLDINGS INC.,FOXXW
FOXX DEVELOPMENT HOLDINGS INC.,FOXX
FRACTYL,GUTS
FRACTYL HEALTH INC,GUTS
"FRACTYL HEALTH,",GUTS
"FRACTYL HEALTH, INC.",GUTS
FRANCO,FNV
FRANCO NEVADA,FNV
FRANCO NEVADA CORP,FNV
FRANKLIN,FELE
FRANKLIN,EZPZ
FRANKLIN,FRAF
FRANKLIN,BEN
FRANKLIN,FC
FRANKLIN,EZBC
FRANKLIN,FSP
FRANKLIN,FBRT
FRANKLIN,FTF
FRANKLIN,FGDL
FRANKLIN,EZET
FRANKLIN,FT
FRANKLIN,FKWL
FRANKLIN,FRBP
FRANKLIN BSP,FBRT
FRANKLIN BSP,FRBP
FRANKLIN BSP CAPITAL,FRBP
FRANKLIN BSP CAPITAL CORP,FRBP
FRANKLIN BSP REALTY TRUST INC,FBRT
"FRANKLIN BSP REALTY TRUST, INC.",FBRT
FRANKLIN COVEY,FC
FRANKLIN COVEY CO,FC
FRANKLIN CRYPTO,EZPZ
FRANKLIN CRYPTO TRUST,EZPZ
FRANKLIN ELECTRIC,FELE
FRANKLIN ELECTRIC CO INC,FELE
FRANKLIN ETHEREUM,EZET
FRANKLIN ETHEREUM TRUST,EZET
FRANKLIN FINANCIAL,FRAF
FRANKLIN FINANCIAL SERVICES CORP /PA/,FRAF
FRANKLIN FINANCIAL SERVICES CORP PA,FRAF
FRANKLIN LTD,FTF
FRANKLIN LTD DURATION INCOME TRUST,FTF
FRANKLIN RESOURCES,BEN
FRANKLIN RESOURCES INC,BEN
FRANKLIN STREET,FSP
FRANKLIN STREET PROPERTIES CORP /MA/,FSP
FRANKLIN STREET PROPERTIES CORP MA,FSP
FRANKLIN TEMPLETON,EZBC
FRANKLIN TEMPLETON,FGDL
FRANKLIN TEMPLETON DIGITAL HOLDINGS TRUST,EZBC
FRANKLIN TEMPLETON HOLDINGS TRUST,FGDL
FRANKLIN UNIVERSAL,FT
FRANKLIN UNIVERSAL TRUST,FT
FRANKLIN WIRELESS,FKWL
FRANKLIN WIRELESS CORP,FKWL
FRANKSPEECH,MLMC
FRANKSPEECH NETWORK INC,MLMC
"FRANKSPEECH NETWORK,",MLMC
"FRANKSPEECH NETWORK, INC.",MLMC
FREE,FFLO
FREE FLOW,FFLO
FREE FLOW USA INC,FFLO
"FREE FLOW USA, INC.",FFLO
FREECAST INC,CAST
"FREECAST,",CAST
"FREECAST, INC.",CAST
FREEDOM,FHLD
FREEDOM,FRHC
FREEDOM HOLDING,FRHC
FREEDOM HOLDING CORP,FRHC
FREEDOM HOLDING CORP.,FRHC
FREEDOM HOLDINGS INC,FHLD
"FREEDOM HOLDINGS,",FHLD
"FREEDOM HOLDINGS, INC.",FHLD
FREEGOLD,FGOVF
FREEGOLD VENTURES,FGOVF
FREEGOLD VENTURES LTD,FGOVF
FREELANCER,FRLCY
FREELANCER,FLNCF
FREELANCER LTD,FLNCF
FREELANCER LTD,FRLCY
FREEPORT-MCMORAN,FCX
FREEPORT-MCMORAN INC,FCX
FREEPORTMCMORAN,FCX
FREEZE,FRZT
FREEZE TAG INC,FRZT
"FREEZE TAG,",FRZT
"FREEZE TAG, INC.",FRZT
FREIGHT,FRGT
FREIGHT TECHNOLOGIES INC,FRGT
"FREIGHT TECHNOLOGIES,",FRGT
"FREIGHT TECHNOLOGIES, INC.",FRGT
FREIGHTCAR,RAIL
FREIGHTCAR AMERICA INC,RAIL
"FREIGHTCAR AMERICA,",RAIL
"FREIGHTCAR AMERICA, INC.",RAIL
FREIGHTOS,CRGO
FREIGHTOS,CRGOW
FREIGHTOS LTD,CRGO
FREIGHTOS LTD,CRGOW
FREQUENCY,FEIM
FREQUENCY,FRECF
FREQUENCY ELECTRONICS,FEIM
FREQUENCY ELECTRONICS INC,FEIM
FREQUENCY EXCHANGE,FRECF
FREQUENCY EXCHANGE CORP,FRECF
FREQUENCY EXCHANGE CORP.,FRECF
FRESENIUS,FMCQF
FRESENIUS,FMS
FRESENIUS MEDICAL,FMS
FRESENIUS MEDICAL,FMCQF
FRESENIUS MEDICAL CARE,FMCQF
FRESENIUS MEDICAL CARE,FMS
FRESENIUS MEDICAL CARE AG,FMS
FRESENIUS MEDICAL CARE AG,FMCQF
FRESH,FDP
FRESH DEL,FDP
FRESH DEL MONTE PRODUCE,FDP
FRESH DEL MONTE PRODUCE INC,FDP
FRESHPET INC,FRPT
"FRESHPET,",FRPT
"FRESHPET, INC.",FRPT
FRESHWORKS,FRSH
FRESHWORKS INC,FRSH
FRESHWORKS INC.,FRSH
FRIEDMAN,FRD
FRIEDMAN INDUSTRIES,FRD
FRIEDMAN INDUSTRIES INC,FRD
FRONTDOOR INC,FTDR
"FRONTDOOR,",FTDR
"FRONTDOOR, INC.",FTDR
FRONTIER,ULCC
FRONTIER,FYBR
FRONTIER COMMUNICATIONS,FYBR
FRONTIER COMMUNICATIONS PARENT INC,FYBR
"FRONTIER COMMUNICATIONS PARENT, INC.",FYBR
FRONTIER GROUP,ULCC
FRONTIER GROUP HOLDINGS INC,ULCC
"FRONTIER GROUP HOLDINGS, INC.",ULCC
FRONTLINE,FRO
FRONTLINE PLC,FRO
FRONTVIEW,FVR
FRONTVIEW REIT INC,FVR
"FRONTVIEW REIT,",FVR
"FRONTVIEW REIT, INC.",FVR
FRP,FRPH
FRP HOLDINGS INC,FRPH
"FRP HOLDINGS,",FRPH
"FRP HOLDINGS, INC.",FRPH
FS BANCORP INC,FSBW
"FS BANCORP, INC.",FSBW
FS CREDIT OPPORTUNITIES CORP,FSCO
FS CREDIT OPPORTUNITIES CORP.,FSCO
FS CREDIT REAL ESTATE INCOME TRUST INC,FSREI
FS CREDIT REAL ESTATE INCOME TRUST INC,FSREM
"FS CREDIT REAL ESTATE INCOME TRUST, INC.",FSREI
"FS CREDIT REAL ESTATE INCOME TRUST, INC.",FSREM
FS KKR CAPITAL,FSK
FS KKR CAPITAL CORP,FSK
FS SPECIALTY LENDING FUND,FSEN
FST,KBSX
FST,FSTWF
FST CORP,FSTWF
FST CORP,KBSX
FST CORP.,KBSX
FST CORP.,FSTWF
FTAI,FTAI
FTAI,FTAIN
FTAI,FTAIM
FTAI,FIP
FTAI AVIATION,FTAIM
FTAI AVIATION,FTAIN
FTAI AVIATION,FTAI
FTAI AVIATION LTD,FTAI
FTAI AVIATION LTD,FTAIM
FTAI AVIATION LTD,FTAIN
FTAI AVIATION LTD.,FTAI
FTAI AVIATION LTD.,FTAIN
FTAI AVIATION LTD.,FTAIM
FTAI INFRASTRUCTURE,FIP
FTAI INFRASTRUCTURE INC,FIP
FTAI INFRASTRUCTURE INC.,FIP
FTC,FTCI
FTC SOLAR INC,FTCI
"FTC SOLAR,",FTCI
"FTC SOLAR, INC.",FTCI
FTI,FCN
FTI CONSULTING,FCN
"FTI CONSULTING,",FCN
"FTI CONSULTING, INC",FCN
FUBOTV,FUBO
FUBOTV INC FL,FUBO
FUBOTV INC.,FUBO
FUBOTV INC. /FL,FUBO
FUCHS,FUPPF
FUCHS,FUPEF
FUCHS,FUPBY
FUCHS PETROLUB,FUPEF
FUCHS PETROLUB,FUPBY
FUCHS PETROLUB,FUPPF
FUCHS PETROLUB SE/ADR,FUPBY
FUCHS PETROLUB SE/ADR,FUPEF
FUCHS PETROLUB SE/ADR,FUPPF
FUCHS PETROLUB SEADR,FUPEF
FUCHS PETROLUB SEADR,FUPBY
FUCHS PETROLUB SEADR,FUPPF
FUEL,FTEK
FUEL TECH INC,FTEK
"FUEL TECH,",FTEK
"FUEL TECH, INC.",FTEK
FUELCELL,FCEL
FUELCELL,FCELB
FUELCELL ENERGY,FCEL
FUELCELL ENERGY,FCELB
FUELCELL ENERGY INC,FCEL
FUELCELL ENERGY INC,FCELB
FUJI,FUJIF
FUJI,FUJIY
FUJI PHOTO,FUJIY
FUJI PHOTO,FUJIF
FUJI PHOTO FILM CO LTD /FI,FUJIF
FUJI PHOTO FILM CO LTD /FI,FUJIY
FUJI PHOTO FILM CO LTD FI,FUJIF
FUJI PHOTO FILM CO LTD FI,FUJIY
FUJIKURA,FKURF
FUJIKURA LTD/ADR,FKURF
FUJIKURA LTDADR,FKURF
FULCRUM,FULC
FULCRUM THERAPEUTICS INC,FULC
"FULCRUM THERAPEUTICS,",FULC
"FULCRUM THERAPEUTICS, INC.",FULC
FULGENT,FLGT
FULGENT GENETICS INC,FLGT
"FULGENT GENETICS,",FLGT
"FULGENT GENETICS, INC.",FLGT
FULL,YMM
FULL,FLL
FULL HOUSE,FLL
FULL HOUSE RESORTS,FLL
FULL HOUSE RESORTS INC,FLL
FULL TRUCK,YMM
FULL TRUCK ALLIANCE CO LTD,YMM
FULL TRUCK ALLIANCE CO. LTD.,YMM
FULLER,FUL
FULLER H B,FUL
FULLER H B CO,FUL
FULLNET,FULO
FULLNET COMMUNICATIONS,FULO
FULLNET COMMUNICATIONS INC,FULO
FULTON,FULTP
FULTON,FULT
FULTON FINANCIAL,FULT
FULTON FINANCIAL,FULTP
FULTON FINANCIAL CORP,FULT
FULTON FINANCIAL CORP,FULTP
FUNDAMENTAL,FGF
FUNDAMENTAL,FGFPP
FUNDAMENTAL GLOBAL,FGF
FUNDAMENTAL GLOBAL,FGFPP
FUNDAMENTAL GLOBAL INC,FGF
FUNDAMENTAL GLOBAL INC,FGFPP
FUNDAMENTAL GLOBAL INC.,FGF
FUNDAMENTAL GLOBAL INC.,FGFPP
FUNKO INC,FNKO
"FUNKO,",FNKO
"FUNKO, INC.",FNKO
FURY,FURY
FURY GOLD,FURY
FURY GOLD MINES,FURY
FURY GOLD MINES LTD,FURY
FUSE,FUST
FUSE,FZMD
FUSE GROUP,FUST
FUSE GROUP HOLDING INC,FUST
FUSE GROUP HOLDING INC.,FUST
FUSE MEDICAL INC,FZMD
"FUSE MEDICAL,",FZMD
"FUSE MEDICAL, INC.",FZMD
FUSION,HTOOW
FUSION,HTOO
FUSION FUEL,HTOO
FUSION FUEL,HTOOW
FUSION FUEL GREEN,HTOO
FUSION FUEL GREEN,HTOOW
FUSION FUEL GREEN PLC,HTOO
FUSION FUEL GREEN PLC,HTOOW
FUSS,FBDS
FUSS BRANDS,FBDS
FUSS BRANDS CORP,FBDS
FUSS BRANDS CORP.,FBDS
FUTU,FUTU
FUTU HOLDINGS,FUTU
FUTU HOLDINGS LTD,FUTU
FUTURE,FVNNU
FUTURE,FVNNR
FUTURE,FVN
FUTURE,FTFT
FUTURE FINTECH,FTFT
FUTURE FINTECH GROUP INC,FTFT
FUTURE FINTECH GROUP INC.,FTFT
FUTURE VISION,FVNNU
FUTURE VISION,FVNNR
FUTURE VISION,FVN
FUTURE VISION II ACQUISITION CORP,FVN
FUTURE VISION II ACQUISITION CORP,FVNNR
FUTURE VISION II ACQUISITION CORP,FVNNU
FUTURE VISION II ACQUISITION CORP.,FVNNU
FUTURE VISION II ACQUISITION CORP.,FVNNR
FUTURE VISION II ACQUISITION CORP.,FVN
FUTUREFUEL,FF
FUTUREFUEL CORP,FF
FUTUREFUEL CORP.,FF
FUTURETECH,FTII
FUTURETECH,FTIIU
FUTURETECH,FTIIW
FUTURETECH II ACQUISITION CORP,FTIIU
FUTURETECH II ACQUISITION CORP,FTIIW
FUTURETECH II ACQUISITION CORP,FTII
FUTURETECH II ACQUISITION CORP.,FTII
FUTURETECH II ACQUISITION CORP.,FTIIW
FUTURETECH II ACQUISITION CORP.,FTIIU
FUTURIS,FTRS
FUTURIS CO,FTRS
FUXING,FFFZ
FUXING CHINA,FFFZ
FUXING CHINA GROUP LTD,FFFZ
FVCBANKCORP INC,FVCB
"FVCBANKCORP,",FVCB
"FVCBANKCORP, INC.",FVCB
G III APPAREL GROUP LTD /DE/,GIII
G III APPAREL GROUP LTD DE,GIII
G WILLI FOOD,WILC
G WILLI FOOD INTERNATIONAL LTD,WILC
G2 GOLDFIELDS INC,GUYGF
G2 GOLDFIELDS INC.,GUYGF
GABELLI,GLU
GABELLI,GRX
GABELLI,GGZ
GABELLI,GCV
GABELLI,GDV
GABELLI,GUT
GABELLI,GGT
GABELLI,GAB
GABELLI CONVERTIBLE,GCV
GABELLI CONVERTIBLE  INCOME SECURITIES FUND,GCV
GABELLI CONVERTIBLE & INCOME SECURITIES FUND INC,GCV
GABELLI DIVIDEND,GDV
GABELLI DIVIDEND  INCOME TRUST,GDV
GABELLI DIVIDEND & INCOME TRUST,GDV
GABELLI EQUITY,GAB
GABELLI EQUITY TRUST,GAB
GABELLI EQUITY TRUST INC,GAB
GABELLI GLOBAL,GLU
GABELLI GLOBAL,GGZ
GABELLI GLOBAL SMALL  MID CAP VALUE TRUST,GGZ
GABELLI GLOBAL SMALL & MID CAP VALUE TRUST,GGZ
GABELLI GLOBAL UTILITY  INCOME TRUST,GLU
GABELLI GLOBAL UTILITY & INCOME TRUST,GLU
GABELLI HEALTHCARE,GRX
GABELLI HEALTHCARE  WELLNESSRX TRUST,GRX
GABELLI HEALTHCARE & WELLNESSRX TRUST,GRX
GABELLI MULTIMEDIA,GGT
GABELLI MULTIMEDIA TRUST INC,GGT
GABELLI MULTIMEDIA TRUST INC.,GGT
GABELLI UTILITY,GUT
GABELLI UTILITY TRUST,GUT
GACW,GACW
GACW INC,GACW
GAFISA,GFSAY
GAFISA,GFASY
GAFISA S.A.,GFSAY
GAFISA S.A.,GFASY
GAFISA SA,GFSAY
GAFISA SA,GFASY
GAIA,GAIA
"GAIA,",GAIA
"GAIA, INC",GAIA
GAIN,GANX
GAIN THERAPEUTICS INC,GANX
"GAIN THERAPEUTICS,",GANX
"GAIN THERAPEUTICS, INC.",GANX
GALAPAGOS,GLPGF
GALAPAGOS,GLPG
GALAPAGOS NV,GLPGF
GALAPAGOS NV,GLPG
GALAXY,GLXZ
GALAXY,GLXY
GALAXY,GLXG
GALAXY DIGITAL,GLXY
GALAXY DIGITAL INC,GLXY
GALAXY DIGITAL INC.,GLXY
GALAXY GAMING INC,GLXZ
"GALAXY GAMING,",GLXZ
"GALAXY GAMING, INC.",GLXZ
GALAXY PAYROLL,GLXG
GALAXY PAYROLL GROUP LTD,GLXG
GALDERMA,GDERF
GALDERMA,GALDY
GALDERMA GROUP,GDERF
GALDERMA GROUP,GALDY
GALDERMA GROUP AG/ADR,GALDY
GALDERMA GROUP AG/ADR,GDERF
GALDERMA GROUP AGADR,GALDY
GALDERMA GROUP AGADR,GDERF
GALECTIN,GALT
GALECTIN THERAPEUTICS,GALT
GALECTIN THERAPEUTICS INC,GALT
GALECTO INC,GLTO
"GALECTO,",GLTO
"GALECTO, INC.",GLTO
GALENFEHA INC,NGHI
"GALENFEHA,",NGHI
"GALENFEHA, INC.",NGHI
GALERA,GRTX
GALERA THERAPEUTICS INC,GRTX
"GALERA THERAPEUTICS,",GRTX
"GALERA THERAPEUTICS, INC.",GRTX
GALIANO,GAU
GALIANO GOLD,GAU
GALIANO GOLD INC,GAU
GALIANO GOLD INC.,GAU
GALMED,GLMD
GALMED PHARMACEUTICALS,GLMD
GALMED PHARMACEUTICALS LTD,GLMD
GALMED PHARMACEUTICALS LTD.,GLMD
GAMBLING.COM,GAMB
GAMBLING.COM GROUP,GAMB
GAMBLING.COM GROUP LTD,GAMB
GAMBLINGCOM,GAMB
GAMCO,GNT
GAMCO,GAMI
GAMCO,GGN
GAMCO GLOBAL,GGN
GAMCO GLOBAL GOLD NATURAL RESOURCES  INCOME TRUST,GGN
"GAMCO GLOBAL GOLD, NATURAL RESOURCES & INCOME TRUST",GGN
GAMCO INVESTORS INC ET AL,GAMI
"GAMCO INVESTORS,",GAMI
"GAMCO INVESTORS, INC. ET AL",GAMI
GAMCO NATURAL,GNT
GAMCO NATURAL RESOURCES GOLD  INCOME TRUST,GNT
"GAMCO NATURAL RESOURCES, GOLD & INCOME TRUST",GNT
GAMEHAUS,GMHS
GAMEHAUS HOLDINGS,GMHS
GAMEHAUS HOLDINGS INC,GMHS
GAMEHAUS HOLDINGS INC.,GMHS
GAMELANCER,VERTF
GAMELANCER MEDIA,VERTF
GAMELANCER MEDIA CORP,VERTF
GAMELANCER MEDIA CORP.,VERTF
GAMES,GMWKF
GAMES,GWKSY
GAMES WORKSHOP,GMWKF
GAMES WORKSHOP,GWKSY
GAMES WORKSHOP GROUP PLC/ADR,GMWKF
GAMES WORKSHOP GROUP PLC/ADR,GWKSY
GAMES WORKSHOP GROUP PLCADR,GMWKF
GAMES WORKSHOP GROUP PLCADR,GWKSY
GAMESQUARE,GAME
GAMESQUARE HOLDINGS INC,GAME
"GAMESQUARE HOLDINGS,",GAME
"GAMESQUARE HOLDINGS, INC.",GAME
GAMESTOP,GME
GAMESTOP CORP,GME
GAMESTOP CORP.,GME
GAMEVERSE,GVSE
GAMEVERSE INTERACTIVE,GVSE
GAMEVERSE INTERACTIVE CORP,GVSE
GAMING,GLPI
GAMING  LEISURE PROPERTIES INC,GLPI
"GAMING & LEISURE PROPERTIES, INC.",GLPI
GANNETT,GCI
GANNETT CO INC,GCI
"GANNETT CO.,",GCI
"GANNETT CO., INC.",GCI
GAOTU,GOTU
GAOTU TECHEDU,GOTU
GAOTU TECHEDU INC,GOTU
GAOTU TECHEDU INC.,GOTU
GAP,GAP
GAP INC,GAP
GARDEN,GSIW
GARDEN STAGE,GSIW
GARDEN STAGE LTD,GSIW
GARMIN,GRMN
GARMIN LTD,GRMN
GARRETT,GTX
GARRETT MOTION,GTX
GARRETT MOTION INC,GTX
GARRETT MOTION INC.,GTX
GARTNER,IT
GARTNER INC,IT
GAS,TGS
GAS TRANSPORTER,TGS
GAS TRANSPORTER OF THE SOUTH,TGS
GAS TRANSPORTER OF THE SOUTH INC,TGS
GATES,GTES
GATES,GTSG
GATES GROUP,GTSG
GATES GROUP INC,GTSG
GATES GROUP INC.,GTSG
GATES INDUSTRIAL,GTES
GATES INDUSTRIAL CORP,GTES
GATES INDUSTRIAL CORP PLC,GTES
GATX,GATX
GATX CORP,GATX
GAUZY,GAUZ
GAUZY LTD,GAUZ
GAUZY LTD.,GAUZ
GAXOS.AI,GXAI
GAXOS.AI INC.,GXAI
GAXOSAI INC,GXAI
GBANK,GBFH
GBANK FINANCIAL,GBFH
GBANK FINANCIAL HOLDINGS INC,GBFH
GBANK FINANCIAL HOLDINGS INC.,GBFH
GBT,GTCH
GBT TECHNOLOGIES,GTCH
GBT TECHNOLOGIES INC,GTCH
GBT TECHNOLOGIES INC.,GTCH
GCI,GLIBA
GCI LIBERTY INC,GLIBA
"GCI LIBERTY,",GLIBA
"GCI LIBERTY, INC.",GLIBA
GCL,GCLWW
GCL,GCL
GCL GLOBAL,GCLWW
GCL GLOBAL,GCL
GCL GLOBAL HOLDINGS LTD,GCLWW
GCL GLOBAL HOLDINGS LTD,GCL
GCM,GCMGW
GCM,GCMG
GCM GROSVENOR,GCMGW
GCM GROSVENOR,GCMG
GCM GROSVENOR INC,GCMGW
GCM GROSVENOR INC,GCMG
GCM GROSVENOR INC.,GCMG
GCM GROSVENOR INC.,GCMGW
GCT,GCTS
GCT SEMICONDUCTOR,GCTS
GCT SEMICONDUCTOR HOLDING INC,GCTS
"GCT SEMICONDUCTOR HOLDING, INC.",GCTS
GD CULTURE,GDC
GD CULTURE GROUP LTD,GDC
GDEV,GDEVW
GDEV,GDEV
GDEV INC,GDEV
GDEV INC,GDEVW
GDEV INC.,GDEVW
GDEV INC.,GDEV
GDL,GDL
GDL FUND,GDL
GDS,GDHLF
GDS,GDS
GDS HOLDINGS,GDHLF
GDS HOLDINGS,GDS
GDS HOLDINGS LTD,GDS
GDS HOLDINGS LTD,GDHLF
GE HEALTHCARE TECHNOLOGIES INC,GEHC
GE HEALTHCARE TECHNOLOGIES INC.,GEHC
GE VERNOVA INC,GEV
GE VERNOVA INC.,GEV
GEBE,GEBE
GEBE ENVIRONMENTAL,GEBE
GEBE ENVIRONMENTAL TECHNOLOGY,GEBE
GEBE ENVIRONMENTAL TECHNOLOGY LTD,GEBE
GEE,JOB
GEE GROUP,JOB
GEE GROUP INC,JOB
GEE GROUP INC.,JOB
GELESIS,CPSR
GELESIS HOLDINGS INC,CPSR
"GELESIS HOLDINGS,",CPSR
"GELESIS HOLDINGS, INC.",CPSR
GELSTAT,GSAC
GELSTAT CORP,GSAC
GELTEQ,GELS
GELTEQ LTD,GELS
GEMINA,GLABF
GEMINA LABORATORIES,GLABF
GEMINA LABORATORIES LTD,GLABF
GEMINA LABORATORIES LTD.,GLABF
GEMXX,GEMZ
GEMXX CORP,GEMZ
GEMXX CORP.,GEMZ
GEMZ,GMZP
GEMZ CORP,GMZP
GEMZ CORP.,GMZP
GEMZ CORP. NV,GMZP
GEN,GENVR
GEN,GENK
GEN,GEN
GEN DIGITAL,GEN
GEN DIGITAL,GENVR
GEN DIGITAL INC,GEN
GEN DIGITAL INC,GENVR
GEN DIGITAL INC.,GENVR
GEN DIGITAL INC.,GEN
GEN RESTAURANT,GENK
GEN RESTAURANT GROUP INC,GENK
"GEN RESTAURANT GROUP, INC.",GENK
GENASYS,GNSS
GENASYS INC,GNSS
GENASYS INC.,GNSS
GENCO,GNK
GENCO SHIPPING,GNK
GENCO SHIPPING  TRADING,GNK
GENCO SHIPPING & TRADING LTD,GNK
GENCOR,GENC
GENCOR INDUSTRIES,GENC
GENCOR INDUSTRIES INC,GENC
GENEDX,WGSWW
GENEDX,WGS
GENEDX HOLDINGS,WGSWW
GENEDX HOLDINGS,WGS
GENEDX HOLDINGS CORP,WGSWW
GENEDX HOLDINGS CORP,WGS
GENEDX HOLDINGS CORP.,WGS
GENEDX HOLDINGS CORP.,WGSWW
GENELUX,GNLX
GENELUX CORP,GNLX
GENENTA,GNTA
GENENTA SCIENCE,GNTA
GENENTA SCIENCE S.P.A.,GNTA
GENENTA SCIENCE SPA,GNTA
GENERAC,GNRC
GENERAC HOLDINGS,GNRC
GENERAC HOLDINGS INC,GNRC
GENERAC HOLDINGS INC.,GNRC
GENERAL,GIS
GENERAL,GAM
GENERAL,GEVI
GENERAL,GE
GENERAL,GD
GENERAL,GM
GENERAL AMERICAN,GAM
GENERAL AMERICAN INVESTORS,GAM
GENERAL AMERICAN INVESTORS CO INC,GAM
GENERAL DYNAMICS,GD
GENERAL DYNAMICS CORP,GD
GENERAL ELECTRIC,GE
GENERAL ELECTRIC CO,GE
GENERAL ENTERPRISE,GEVI
GENERAL ENTERPRISE VENTURES INC,GEVI
"GENERAL ENTERPRISE VENTURES, INC.",GEVI
GENERAL MILLS,GIS
GENERAL MILLS INC,GIS
GENERAL MOTORS,GM
GENERAL MOTORS CO,GM
GENERATION,GIPR
GENERATION,TGE
GENERATION,GIPRW
GENERATION,GBIO
GENERATION BIO,GBIO
GENERATION BIO CO,GBIO
GENERATION BIO CO.,GBIO
GENERATION ESSENTIALS,TGE
GENERATION ESSENTIALS GROUP,TGE
GENERATION INCOME,GIPR
GENERATION INCOME,GIPRW
GENERATION INCOME PROPERTIES INC,GIPRW
GENERATION INCOME PROPERTIES INC,GIPR
"GENERATION INCOME PROPERTIES, INC.",GIPRW
"GENERATION INCOME PROPERTIES, INC.",GIPR
GENERATIONS,GBNY
GENERATIONS BANCORP,GBNY
GENERATIONS BANCORP NY INC,GBNY
"GENERATIONS BANCORP NY, INC.",GBNY
GENESCO,GCO
GENESCO INC,GCO
GENESIS,GELPP
GENESIS,GEL
GENESIS ENERGY,GEL
GENESIS ENERGY,GELPP
GENESIS ENERGY LP,GELPP
GENESIS ENERGY LP,GEL
GENETIC,GNTLF
GENETIC TECHNOLOGIES,GNTLF
GENETIC TECHNOLOGIES LTD,GNTLF
GENFIT,GNFT
GENFIT S.A.,GNFT
GENFIT SA,GNFT
GENFLAT,GFLT
GENFLAT HOLDINGS INC,GFLT
"GENFLAT HOLDINGS,",GFLT
"GENFLAT HOLDINGS, INC.",GFLT
GENIE,GNE
GENIE ENERGY,GNE
GENIE ENERGY LTD,GNE
GENIE ENERGY LTD.,GNE
GENIUS,GENI
GENIUS,GNS
GENIUS GROUP,GNS
GENIUS GROUP LTD,GNS
GENIUS SPORTS,GENI
GENIUS SPORTS LTD,GENI
GENMAB,GNMSF
GENMAB,GMAB
GENMAB A/S,GNMSF
GENMAB A/S,GMAB
GENMAB AS,GMAB
GENMAB AS,GNMSF
GENOIL,GNOLF
GENOIL INC,GNOLF
GENPACT,G
GENPACT LTD,G
GENPREX INC,GNPX
"GENPREX,",GNPX
"GENPREX, INC.",GNPX
GENTEX,GNTX
GENTEX CORP,GNTX
GENTHERM,THRM
GENTHERM INC,THRM
GENTOR,GNTOF
GENTOR RESOURCES,GNTOF
GENTOR RESOURCES INC,GNTOF
GENTOR RESOURCES INC.,GNTOF
GENUINE,GPC
GENUINE PARTS,GPC
GENUINE PARTS CO,GPC
GENWORTH,GNW
GENWORTH FINANCIAL,GNW
GENWORTH FINANCIAL INC,GNW
GEO,GEO
GEO GROUP,GEO
GEO GROUP INC,GEO
GEOPARK,GPRK
GEOPARK LTD,GPRK
GEORG,GFCHY
GEORG,FCHRF
GEORG FISCHER,FCHRF
GEORG FISCHER,GFCHY
GEORG FISCHER AG/ADR,FCHRF
GEORG FISCHER AG/ADR,GFCHY
GEORG FISCHER AGADR,FCHRF
GEORG FISCHER AGADR,GFCHY
GEORGE,RSKIA
GEORGE RISK,RSKIA
GEORGE RISK INDUSTRIES INC,RSKIA
"GEORGE RISK INDUSTRIES, INC.",RSKIA
GEORGIA,GPJA
GEORGIA POWER,GPJA
GEORGIA POWER CO,GPJA
GEOSOLAR,GSLR
GEOSOLAR TECHNOLOGIES INC,GSLR
"GEOSOLAR TECHNOLOGIES,",GSLR
"GEOSOLAR TECHNOLOGIES, INC.",GSLR
GEOSPACE,GEOS
GEOSPACE TECHNOLOGIES,GEOS
GEOSPACE TECHNOLOGIES CORP,GEOS
GEOVAX,GOVX
GEOVAX,GOVXW
GEOVAX LABS INC,GOVXW
GEOVAX LABS INC,GOVX
"GEOVAX LABS,",GOVX
"GEOVAX LABS,",GOVXW
"GEOVAX LABS, INC.",GOVX
"GEOVAX LABS, INC.",GOVXW
GERDAU,GGB
GERDAU S.A.,GGB
GERDAU SA,GGB
GERMAN,GABC
GERMAN AMERICAN,GABC
GERMAN AMERICAN BANCORP INC,GABC
"GERMAN AMERICAN BANCORP, INC.",GABC
GERON,GERN
GERON,GERNW
GERON CORP,GERN
GERON CORP,GERNW
GESHER,GSHR
GESHER,GSHRW
GESHER,GSHRU
GESHER ACQUISITION,GSHRU
GESHER ACQUISITION,GSHRW
GESHER ACQUISITION,GSHR
GESHER ACQUISITION CORP II,GSHRW
GESHER ACQUISITION CORP II,GSHR
GESHER ACQUISITION CORP II,GSHRU
GESHER ACQUISITION CORP. II,GSHR
GESHER ACQUISITION CORP. II,GSHRW
GESHER ACQUISITION CORP. II,GSHRU
GETAROUND,GETR
"GETAROUND,",GETR
"GETAROUND, INC",GETR
GETTY,GTY
GETTY,GETY
GETTY IMAGES,GETY
GETTY IMAGES HOLDINGS INC,GETY
"GETTY IMAGES HOLDINGS, INC.",GETY
GETTY REALTY,GTY
GETTY REALTY CORP /MD/,GTY
GETTY REALTY CORP MD,GTY
GEVO INC,GEVO
"GEVO,",GEVO
"GEVO, INC.",GEVO
GEX,GXXM
GEX MANAGEMENT INC,GXXM
"GEX MANAGEMENT,",GXXM
"GEX MANAGEMENT, INC.",GXXM
GFL,GFL
GFL ENVIRONMENTAL,GFL
GFL ENVIRONMENTAL INC,GFL
GFL ENVIRONMENTAL INC.,GFL
GFT,GFTTY
GFT TECHNOLOGIES,GFTTY
GFT TECHNOLOGIES SE/ADR,GFTTY
GFT TECHNOLOGIES SEADR,GFTTY
GGL,GGLXF
GGL RESOURCES,GGLXF
GGL RESOURCES CORP,GGLXF
GGL RESOURCES CORP.,GGLXF
GH RESEARCH,GHRS
GH RESEARCH PLC,GHRS
GHST,GHST
GHST WORLD,GHST
GHST WORLD INC,GHST
GHST WORLD INC.,GHST
GIBO,GIBOW
GIBO,GIBO
GIBO HOLDINGS,GIBO
GIBO HOLDINGS,GIBOW
GIBO HOLDINGS LTD,GIBO
GIBO HOLDINGS LTD,GIBOW
GIBRALTAR,ROCK
GIBRALTAR INDUSTRIES INC,ROCK
"GIBRALTAR INDUSTRIES,",ROCK
"GIBRALTAR INDUSTRIES, INC.",ROCK
GIFTIFY INC,GIFT
"GIFTIFY,",GIFT
"GIFTIFY, INC.",GIFT
GIFTS,GINT
GIFTS INTERNATIONAL,GINT
GIFTS INTERNATIONAL HOLDINGS LTD,GINT
GIGA,GIGGF
GIGA METALS,GIGGF
GIGA METALS CORP,GIGGF
GIGACLOUD,GCT
GIGACLOUD TECHNOLOGY,GCT
GIGACLOUD TECHNOLOGY INC,GCT
GIGAMEDIA,GIGM
GIGAMEDIA LTD,GIGM
GIGCAPITAL7,GIGGU
GIGCAPITAL7,GIG
GIGCAPITAL7,GIGGW
GIGCAPITAL7 CORP,GIGGU
GIGCAPITAL7 CORP,GIG
GIGCAPITAL7 CORP,GIGGW
GIGCAPITAL7 CORP.,GIGGU
GIGCAPITAL7 CORP.,GIGGW
GIGCAPITAL7 CORP.,GIG
GILAT,GILT
GILAT SATELLITE,GILT
GILAT SATELLITE NETWORKS,GILT
GILAT SATELLITE NETWORKS LTD,GILT
GILDAN,GIL
GILDAN ACTIVEWEAR,GIL
GILDAN ACTIVEWEAR INC,GIL
GILDAN ACTIVEWEAR INC.,GIL
GILEAD,GILD
GILEAD SCIENCES INC,GILD
"GILEAD SCIENCES,",GILD
"GILEAD SCIENCES, INC.",GILD
GINKGO,DNA
GINKGO,DNABW
GINKGO BIOWORKS,DNABW
GINKGO BIOWORKS,DNA
GINKGO BIOWORKS HOLDINGS INC,DNA
GINKGO BIOWORKS HOLDINGS INC,DNABW
"GINKGO BIOWORKS HOLDINGS, INC.",DNABW
"GINKGO BIOWORKS HOLDINGS, INC.",DNA
GITENNES,REVFF
GITENNES EXPLORATION,REVFF
GITENNES EXPLORATION INC,REVFF
GITENNES EXPLORATION INC.,REVFF
GITLAB,GTLB
GITLAB INC,GTLB
GITLAB INC.,GTLB
GIVBUX INC,GBUX
"GIVBUX,",GBUX
"GIVBUX, INC.",GBUX
GIVEMEPOWER,GMPW
GIVEMEPOWER CORP,GMPW
GLACIER,GBCI
GLACIER BANCORP INC,GBCI
"GLACIER BANCORP,",GBCI
"GLACIER BANCORP, INC.",GBCI
GLADSTONE,GOODN
GLADSTONE,LANDM
GLADSTONE,GOOD
GLADSTONE,GAINI
GLADSTONE,GAINL
GLADSTONE,GAINZ
GLADSTONE,GAIN
GLADSTONE,GLADZ
GLADSTONE,LANDO
GLADSTONE,GLAD
GLADSTONE,GAINN
GLADSTONE,LAND
GLADSTONE,LANDP
GLADSTONE,GOODO
GLADSTONE CAPITAL,GLADZ
GLADSTONE CAPITAL,GLAD
GLADSTONE CAPITAL CORP,GLADZ
GLADSTONE CAPITAL CORP,GLAD
GLADSTONE COMMERCIAL,GOODN
GLADSTONE COMMERCIAL,GOODO
GLADSTONE COMMERCIAL,GOOD
GLADSTONE COMMERCIAL CORP,GOODN
GLADSTONE COMMERCIAL CORP,GOODO
GLADSTONE COMMERCIAL CORP,GOOD
GLADSTONE INVESTMENT,GAINZ
GLADSTONE INVESTMENT,GAINL
GLADSTONE INVESTMENT,GAIN
GLADSTONE INVESTMENT,GAINN
GLADSTONE INVESTMENT,GAINI
GLADSTONE INVESTMENT CORPORATIONDE,GAINN
GLADSTONE INVESTMENT CORPORATIONDE,GAIN
GLADSTONE INVESTMENT CORPORATIONDE,GAINL
GLADSTONE INVESTMENT CORPORATIONDE,GAINZ
GLADSTONE INVESTMENT CORPORATIONDE,GAINI
GLADSTONE LAND,LANDO
GLADSTONE LAND,LANDM
GLADSTONE LAND,LANDP
GLADSTONE LAND,LAND
GLADSTONE LAND CORP,LANDP
GLADSTONE LAND CORP,LANDM
GLADSTONE LAND CORP,LANDO
GLADSTONE LAND CORP,LAND
GLASS,GLASF
GLASS,GHBWF
GLASS HOUSE,GLASF
GLASS HOUSE,GHBWF
GLASS HOUSE BRANDS INC,GHBWF
GLASS HOUSE BRANDS INC,GLASF
GLASS HOUSE BRANDS INC.,GHBWF
GLASS HOUSE BRANDS INC.,GLASF
GLAUKOS,GKOS
GLAUKOS CORP,GKOS
GLEN,GLBZ
GLEN BURNIE,GLBZ
GLEN BURNIE BANCORP,GLBZ
GLENCORE,GLCNF
GLENCORE PLC/ADR,GLCNF
GLENCORE PLCADR,GLCNF
GLIDELOGIC,GDLG
GLIDELOGIC CORP,GDLG
GLIDELOGIC CORP.,GDLG
GLIMPSE,VRAR
GLIMPSE GROUP INC,VRAR
"GLIMPSE GROUP,",VRAR
"GLIMPSE GROUP, INC.",VRAR
GLOBA,GTER
GLOBA TERRA,GTER
GLOBA TERRA ACQUISITION,GTER
GLOBA TERRA ACQUISITION CORP,GTER
GLOBAL,GWSO
GLOBAL,GTII
GLOBAL,GWRS
GLOBAL,GPN
GLOBAL,GB
GLOBAL,GBTG
GLOBAL,JETBF
GLOBAL,GMM
GLOBAL,GLACF
GLOBAL,GBGWF
GLOBAL,GBLI
GLOBAL,HGAS
GLOBAL,GLP
GLOBAL,GCEHQ
GLOBAL,GITS
GLOBAL,SELF
GLOBAL,GMRE
GLOBAL,GIPL
GLOBAL,HGASW
GLOBAL,GTLL
GLOBAL,GLAI
GLOBAL,GLCP
GLOBAL,GLE
GLOBAL,JETMF
GLOBAL,CORBF
GLOBAL,GNL
GLOBAL,GSL
GLOBAL,GLATF
GLOBAL,GIC
GLOBAL AI INC,GLAI
"GLOBAL AI,",GLAI
"GLOBAL AI, INC.",GLAI
GLOBAL ATOMIC,GLATF
GLOBAL ATOMIC CORP,GLATF
GLOBAL BLUE,GB
GLOBAL BLUE,GBGWF
GLOBAL BLUE GROUP HOLDING,GB
GLOBAL BLUE GROUP HOLDING,GBGWF
GLOBAL BLUE GROUP HOLDING AG,GBGWF
GLOBAL BLUE GROUP HOLDING AG,GB
GLOBAL BUSINESS,GBTG
GLOBAL BUSINESS TRAVEL GROUP INC,GBTG
"GLOBAL BUSINESS TRAVEL GROUP, INC.",GBTG
GLOBAL CLEAN,GCEHQ
GLOBAL CLEAN ENERGY HOLDINGS INC,GCEHQ
"GLOBAL CLEAN ENERGY HOLDINGS, INC.",GCEHQ
GLOBAL CORD,CORBF
GLOBAL CORD BLOOD,CORBF
GLOBAL CORD BLOOD CORP,CORBF
GLOBAL CROSSING,JETMF
GLOBAL CROSSING,JETBF
GLOBAL CROSSING AIRLINES GROUP INC,JETMF
GLOBAL CROSSING AIRLINES GROUP INC,JETBF
GLOBAL CROSSING AIRLINES GROUP INC.,JETBF
GLOBAL CROSSING AIRLINES GROUP INC.,JETMF
GLOBAL ENGINE,GLE
GLOBAL ENGINE GROUP HOLDING,GLE
GLOBAL ENGINE GROUP HOLDING LTD,GLE
GLOBAL GAS,HGAS
GLOBAL GAS,HGASW
GLOBAL GAS CORP,HGAS
GLOBAL GAS CORP,HGASW
GLOBAL INDEMNITY,GBLI
GLOBAL INDEMNITY GROUP,GBLI
"GLOBAL INDEMNITY GROUP, LLC",GBLI
GLOBAL INDUSTRIAL,GIC
GLOBAL INDUSTRIAL CO,GIC
GLOBAL INNOVATIVE,GIPL
GLOBAL INNOVATIVE PLATFORMS INC,GIPL
GLOBAL INNOVATIVE PLATFORMS INC.,GIPL
GLOBAL INTERACTIVE,GITS
GLOBAL INTERACTIVE TECHNOLOGIES INC,GITS
"GLOBAL INTERACTIVE TECHNOLOGIES, INC.",GITS
GLOBAL LEADERS,GLCP
GLOBAL LEADERS CORP,GLCP
GLOBAL LIGHTS,GLACF
GLOBAL LIGHTS ACQUISITION,GLACF
GLOBAL LIGHTS ACQUISITION CORP,GLACF
GLOBAL MEDICAL,GMRE
GLOBAL MEDICAL REIT INC,GMRE
GLOBAL MEDICAL REIT INC.,GMRE
GLOBAL MOFY,GMM
GLOBAL MOFY AI,GMM
GLOBAL MOFY AI LTD,GMM
GLOBAL NET,GNL
GLOBAL NET LEASE INC,GNL
"GLOBAL NET LEASE, INC.",GNL
GLOBAL PARTNERS,GLP
GLOBAL PARTNERS LP,GLP
GLOBAL PAYMENTS,GPN
GLOBAL PAYMENTS INC,GPN
GLOBAL SELF,SELF
GLOBAL SELF STORAGE INC,SELF
"GLOBAL SELF STORAGE, INC.",SELF
GLOBAL SHIP,GSL
GLOBAL SHIP LEASE INC,GSL
"GLOBAL SHIP LEASE, INC.",GSL
GLOBAL TECH,GTII
GLOBAL TECH INDUSTRIES GROUP INC,GTII
"GLOBAL TECH INDUSTRIES GROUP, INC.",GTII
GLOBAL TECHNOLOGIES,GTLL
GLOBAL TECHNOLOGIES LTD,GTLL
GLOBAL WARMING,GWSO
GLOBAL WARMING SOLUTIONS INC,GWSO
"GLOBAL WARMING SOLUTIONS, INC.",GWSO
GLOBAL WATER,GWRS
GLOBAL WATER RESOURCES INC,GWRS
"GLOBAL WATER RESOURCES, INC.",GWRS
GLOBAL-E,GLBE
GLOBAL-E ONLINE,GLBE
GLOBAL-E ONLINE LTD.,GLBE
GLOBALE ONLINE LTD,GLBE
GLOBALFOUNDRIES,GFS
GLOBALFOUNDRIES INC,GFS
GLOBALFOUNDRIES INC.,GFS
GLOBALINK,GLLIR
GLOBALINK,GLLIW
GLOBALINK,GLLIU
GLOBALINK,GLLI
GLOBALINK INVESTMENT,GLLI
GLOBALINK INVESTMENT,GLLIW
GLOBALINK INVESTMENT,GLLIR
GLOBALINK INVESTMENT,GLLIU
GLOBALINK INVESTMENT INC,GLLIU
GLOBALINK INVESTMENT INC,GLLIW
GLOBALINK INVESTMENT INC,GLLI
GLOBALINK INVESTMENT INC,GLLIR
GLOBALINK INVESTMENT INC.,GLLIR
GLOBALINK INVESTMENT INC.,GLLIU
GLOBALINK INVESTMENT INC.,GLLI
GLOBALINK INVESTMENT INC.,GLLIW
GLOBALSTAR INC,GSAT
"GLOBALSTAR,",GSAT
"GLOBALSTAR, INC.",GSAT
GLOBALTECH,GLTK
GLOBALTECH CORP,GLTK
GLOBANT,GLOB
GLOBANT S.A.,GLOB
GLOBANT SA,GLOB
GLOBAVEND,GVH
GLOBAVEND HOLDINGS,GVH
GLOBAVEND HOLDINGS LTD,GVH
GLOBE,GL-PD
GLOBE,GL
GLOBE LIFE,GL-PD
GLOBE LIFE,GL
GLOBE LIFE INC,GL
GLOBE LIFE INC,GL-PD
GLOBE LIFE INC.,GL
GLOBE LIFE INC.,GL-PD
GLOBUS,GLBS
GLOBUS,GMED
GLOBUS MARITIME,GLBS
GLOBUS MARITIME LTD,GLBS
GLOBUS MEDICAL,GMED
GLOBUS MEDICAL INC,GMED
GLUCOSE,GLUC
GLUCOSE HEALTH INC,GLUC
"GLUCOSE HEALTH,",GLUC
"GLUCOSE HEALTH, INC.",GLUC
GLUCOTRACK INC,GCTK
"GLUCOTRACK,",GCTK
"GLUCOTRACK, INC.",GCTK
GLYCOMIMETICS,GLYC
GLYCOMIMETICS,CBIO
GLYCOMIMETICS INC,GLYC
GLYCOMIMETICS INC,CBIO
GMS,GMS
GMS INC,GMS
GMS INC.,GMS
GMTECH,GMTH
GMTECH INC,GMTH
GMTECH INC.,GMTH
GO GREEN GLOBAL TECHNOLOGIES CORP,GOGR
GO GREEN GLOBAL TECHNOLOGIES CORP.,GOGR
GOAL,PUCK
GOAL,PUCKW
GOAL ACQUISITIONS,PUCKW
GOAL ACQUISITIONS,PUCK
GOAL ACQUISITIONS CORP,PUCK
GOAL ACQUISITIONS CORP,PUCKW
GOAL ACQUISITIONS CORP.,PUCK
GOAL ACQUISITIONS CORP.,PUCKW
GODADDY,GDDY
GODADDY INC,GDDY
GODADDY INC.,GDDY
GOGO,GOGO
GOGO INC,GOGO
GOGO INC.,GOGO
GOGORO,GGR
GOGORO,GGROW
GOGORO INC,GGR
GOGORO INC,GGROW
GOGORO INC.,GGR
GOGORO INC.,GGROW
GOHEALTH INC,GOCO
"GOHEALTH,",GOCO
"GOHEALTH, INC.",GOCO
GOLAR,GLNG
GOLAR LNG,GLNG
GOLAR LNG LTD,GLNG
GOLD,GFIOF
GOLD,GEGP
GOLD,GFI
GOLD,GROY
GOLD,GDRZF
GOLD,GRHI
GOLD,GORO
GOLD ENTERTAINMENT,GEGP
GOLD ENTERTAINMENT GROUP INC,GEGP
GOLD FIELDS,GFIOF
GOLD FIELDS,GFI
GOLD FIELDS LTD,GFIOF
GOLD FIELDS LTD,GFI
GOLD RESERVE,GDRZF
GOLD RESERVE LTD,GDRZF
GOLD RESOURCE,GORO
GOLD RESOURCE CORP,GORO
GOLD ROCK,GRHI
GOLD ROCK HOLDINGS INC,GRHI
"GOLD ROCK HOLDINGS, INC.",GRHI
GOLD ROYALTY,GROY
GOLD ROYALTY CORP,GROY
GOLD ROYALTY CORP.,GROY
GOLDEN,GDHG
GOLDEN,GIDMF
GOLDEN,GMGI
GOLDEN,FCUL
GOLDEN,GARWF
GOLDEN,AUMN
GOLDEN,GLNS
GOLDEN,GDEN
GOLDEN,GGROU
GOLDEN,GSUN
GOLDEN,GOGL
GOLDEN ARROW,GARWF
GOLDEN ARROW RESOURCES,GARWF
GOLDEN ARROW RESOURCES CORP,GARWF
GOLDEN ENTERTAINMENT INC,GDEN
"GOLDEN ENTERTAINMENT,",GDEN
"GOLDEN ENTERTAINMENT, INC.",GDEN
GOLDEN GROWERS,GGROU
GOLDEN GROWERS COOPERATIVE,GGROU
GOLDEN HEAVEN,GDHG
GOLDEN HEAVEN GROUP HOLDINGS LTD,GDHG
GOLDEN HEAVEN GROUP HOLDINGS LTD.,GDHG
GOLDEN INDEPENDENCE,GIDMF
GOLDEN INDEPENDENCE MINING CORP,GIDMF
GOLDEN INDEPENDENCE MINING CORP.,GIDMF
GOLDEN MATRIX,GMGI
GOLDEN MATRIX GROUP INC,GMGI
"GOLDEN MATRIX GROUP, INC.",GMGI
GOLDEN MINERALS,AUMN
GOLDEN MINERALS CO,AUMN
GOLDEN OCEAN,GOGL
GOLDEN OCEAN GROUP LTD,GOGL
GOLDEN STAR,FCUL
GOLDEN STAR,GLNS
GOLDEN STAR ENTERPRISES LTD,FCUL
GOLDEN STAR ENTERPRISES LTD.,FCUL
GOLDEN STAR RESOURCE CORP,GLNS
GOLDEN STAR RESOURCE CORP.,GLNS
GOLDEN SUN,GSUN
GOLDEN SUN HEALTH TECHNOLOGY,GSUN
GOLDEN SUN HEALTH TECHNOLOGY GROUP LTD,GSUN
GOLDENSTONE,GDSTU
GOLDENSTONE,GDSTW
GOLDENSTONE,GDSTR
GOLDENSTONE,GDST
GOLDENSTONE ACQUISITION,GDSTR
GOLDENSTONE ACQUISITION,GDSTU
GOLDENSTONE ACQUISITION,GDSTW
GOLDENSTONE ACQUISITION,GDST
GOLDENSTONE ACQUISITION LTD,GDSTW
GOLDENSTONE ACQUISITION LTD,GDSTR
GOLDENSTONE ACQUISITION LTD,GDSTU
GOLDENSTONE ACQUISITION LTD,GDST
GOLDENSTONE ACQUISITION LTD.,GDST
GOLDENSTONE ACQUISITION LTD.,GDSTU
GOLDENSTONE ACQUISITION LTD.,GDSTR
GOLDENSTONE ACQUISITION LTD.,GDSTW
GOLDENWELL,GWLL
GOLDENWELL BIOTECH INC,GWLL
"GOLDENWELL BIOTECH,",GWLL
"GOLDENWELL BIOTECH, INC.",GWLL
GOLDGROUP,GGAZF
GOLDGROUP MINING,GGAZF
GOLDGROUP MINING INC,GGAZF
GOLDGROUP MINING INC.,GGAZF
GOLDMAN,GS
GOLDMAN,GS-PD
GOLDMAN,GS-PC
GOLDMAN,GSCE
GOLDMAN,AAAU
GOLDMAN,GSBD
GOLDMAN,GS-PA
GOLDMAN SACHS,GSCE
GOLDMAN SACHS,GS-PA
GOLDMAN SACHS,GS
GOLDMAN SACHS,GS-PC
GOLDMAN SACHS,AAAU
GOLDMAN SACHS,GS-PD
GOLDMAN SACHS,GSBD
GOLDMAN SACHS BDC INC,GSBD
"GOLDMAN SACHS BDC, INC.",GSBD
GOLDMAN SACHS GROUP INC,GS-PA
GOLDMAN SACHS GROUP INC,GS-PC
GOLDMAN SACHS GROUP INC,GSCE
GOLDMAN SACHS GROUP INC,GS
GOLDMAN SACHS GROUP INC,GS-PD
GOLDMAN SACHS PHYSICAL GOLD ETF,AAAU
GOLDMINING,GLDG
GOLDMINING INC,GLDG
GOLDMINING INC.,GLDG
GOLIATH,GFMH
GOLIATH FILM,GFMH
GOLIATH FILM  MEDIA,GFMH
GOLIATH FILM & MEDIA HOLDINGS,GFMH
GOLKOR,KATXD
GOLKOR INC,KATXD
GOLKOR INC.,KATXD
GOLUB,GBDC
GOLUB CAPITAL,GBDC
GOLUB CAPITAL BDC INC,GBDC
"GOLUB CAPITAL BDC, INC.",GBDC
GOOD,GTIM
GOOD,GMER
GOOD GAMING INC,GMER
"GOOD GAMING,",GMER
"GOOD GAMING, INC.",GMER
GOOD TIMES,GTIM
GOOD TIMES RESTAURANTS INC,GTIM
GOOD TIMES RESTAURANTS INC.,GTIM
GOODRX,GDRX
GOODRX HOLDINGS INC,GDRX
"GOODRX HOLDINGS,",GDRX
"GOODRX HOLDINGS, INC.",GDRX
GOODYEAR,GT
GOODYEAR TIRE,GT
GOODYEAR TIRE  RUBBER CO OH,GT
GOODYEAR TIRE & RUBBER CO /OH/,GT
GOOSEHEAD,GSHD
GOOSEHEAD INSURANCE INC,GSHD
"GOOSEHEAD INSURANCE,",GSHD
"GOOSEHEAD INSURANCE, INC.",GSHD
GOPRO INC,GPRO
"GOPRO,",GPRO
"GOPRO, INC.",GPRO
GORES,GTENW
GORES,GTEN
GORES,GTENU
GORES HOLDINGS,GTEN
GORES HOLDINGS,GTENU
GORES HOLDINGS,GTENW
GORES HOLDINGS X INC  CI,GTENW
GORES HOLDINGS X INC  CI,GTENU
GORES HOLDINGS X INC  CI,GTEN
"GORES HOLDINGS X, INC. / CI",GTENU
"GORES HOLDINGS X, INC. / CI",GTEN
"GORES HOLDINGS X, INC. / CI",GTENW
GORILLA,GRRRW
GORILLA,GRRR
GORILLA TECHNOLOGY,GRRR
GORILLA TECHNOLOGY,GRRRW
GORILLA TECHNOLOGY GROUP INC,GRRRW
GORILLA TECHNOLOGY GROUP INC,GRRR
GORILLA TECHNOLOGY GROUP INC.,GRRRW
GORILLA TECHNOLOGY GROUP INC.,GRRR
GORMAN,GRC
GORMAN RUPP,GRC
GORMAN RUPP CO,GRC
GOSSAMER,GOSS
GOSSAMER BIO INC,GOSS
"GOSSAMER BIO,",GOSS
"GOSSAMER BIO, INC.",GOSS
GOUVERNEUR,GOVB
GOUVERNEUR BANCORP INCMD,GOVB
"GOUVERNEUR BANCORP,",GOVB
"GOUVERNEUR BANCORP, INC./MD/",GOVB
GOVIEX,GVXXF
GOVIEX URANIUM,GVXXF
GOVIEX URANIUM INC,GVXXF
GOVIEX URANIUM INC.,GVXXF
GP-ACT,GPATW
GP-ACT,GPAT
GP-ACT,GPATU
GP-ACT III,GPATU
GP-ACT III,GPAT
GP-ACT III,GPATW
GP-ACT III ACQUISITION CORP.,GPATW
GP-ACT III ACQUISITION CORP.,GPATU
GP-ACT III ACQUISITION CORP.,GPAT
GPACT III ACQUISITION CORP,GPATW
GPACT III ACQUISITION CORP,GPATU
GPACT III ACQUISITION CORP,GPAT
GPM,GPMTF
GPM METALS,GPMTF
GPM METALS INC,GPMTF
GPM METALS INC.,GPMTF
GPO,GPOX
GPO PLUS INC,GPOX
"GPO PLUS,",GPOX
"GPO PLUS, INC.",GPOX
GRAB,GRABW
GRAB,GRAB
GRAB HOLDINGS,GRABW
GRAB HOLDINGS,GRAB
GRAB HOLDINGS LTD,GRAB
GRAB HOLDINGS LTD,GRABW
GRABAGUN,PEW
GRABAGUN DIGITAL,PEW
GRABAGUN DIGITAL HOLDINGS INC,PEW
GRABAGUN DIGITAL HOLDINGS INC.,PEW
GRACE,GRCE
GRACE THERAPEUTICS INC,GRCE
"GRACE THERAPEUTICS,",GRCE
"GRACE THERAPEUTICS, INC.",GRCE
GRACO,GGG
GRACO INC,GGG
GRAF,GRAF
GRAF GLOBAL,GRAF
GRAF GLOBAL CORP,GRAF
GRAF GLOBAL CORP.,GRAF
GRAFTECH,EAF
GRAFTECH INTERNATIONAL,EAF
GRAFTECH INTERNATIONAL LTD,EAF
GRAHAM,GHM
GRAHAM,GHC
GRAHAM CORP,GHM
GRAHAM HOLDINGS,GHC
GRAHAM HOLDINGS CO,GHC
GRAIL INC,GRAL
"GRAIL,",GRAL
"GRAIL, INC.",GRAL
GRAN,GTE
GRAN TIERRA,GTE
GRAN TIERRA ENERGY INC,GTE
GRAN TIERRA ENERGY INC.,GTE
GRAND,LOPE
GRAND,GNRV
GRAND CANYON,LOPE
GRAND CANYON EDUCATION INC,LOPE
"GRAND CANYON EDUCATION, INC.",LOPE
GRAND RIVER,GNRV
GRAND RIVER COMMERCE,GNRV
GRAND RIVER COMMERCE INC,GNRV
GRANDE,GRAN
GRANDE GROUP,GRAN
GRANDE GROUP LTD/HK,GRAN
GRANDE GROUP LTDHK,GRAN
GRANITE,GPMT
GRANITE,GRNT
GRANITE,GVA
GRANITE CONSTRUCTION,GVA
GRANITE CONSTRUCTION INC,GVA
GRANITE POINT,GPMT
GRANITE POINT MORTGAGE TRUST INC,GPMT
GRANITE POINT MORTGAGE TRUST INC.,GPMT
GRANITE RIDGE,GRNT
GRANITE RIDGE RESOURCES INC,GRNT
"GRANITE RIDGE RESOURCES, INC.",GRNT
GRANITESHARES,BAR
GRANITESHARES,PLTM
GRANITESHARES GOLD,BAR
GRANITESHARES GOLD TRUST,BAR
GRANITESHARES PLATINUM,PLTM
GRANITESHARES PLATINUM TRUST,PLTM
GRAPEFRUIT,GPFT
GRAPEFRUIT USA,GPFT
"GRAPEFRUIT USA,",GPFT
"GRAPEFRUIT USA, INC",GPFT
GRAPHEX,GRFXY
GRAPHEX,GRFXF
GRAPHEX GROUP,GRFXF
GRAPHEX GROUP,GRFXY
GRAPHEX GROUP LTD,GRFXF
GRAPHEX GROUP LTD,GRFXY
GRAPHIC,GPK
GRAPHIC PACKAGING,GPK
GRAPHIC PACKAGING HOLDING,GPK
GRAPHIC PACKAGING HOLDING CO,GPK
GRAPHJET,GTI
GRAPHJET TECHNOLOGY,GTI
GRAVITY,GRVY
GRAVITY CO LTD,GRVY
"GRAVITY CO.,",GRVY
"GRAVITY CO., LTD.",GRVY
GRAY,GTN
GRAY,GTN-A
GRAY MEDIA,GTN
GRAY MEDIA,GTN-A
"GRAY MEDIA,",GTN
"GRAY MEDIA,",GTN-A
"GRAY MEDIA, INC",GTN-A
"GRAY MEDIA, INC",GTN
GRAYSCALE,GXLM
GRAYSCALE,ETHE
GRAYSCALE,GBAT
GRAYSCALE,FILG
GRAYSCALE,GDLC
GRAYSCALE,GBTC
GRAYSCALE,ETCG
GRAYSCALE,HZEN
GRAYSCALE,ZCSH
GRAYSCALE,ETH
GRAYSCALE,GLIV
GRAYSCALE,BTC
GRAYSCALE,BCHG
GRAYSCALE,LTCN
GRAYSCALE,GSOL
GRAYSCALE,MANA
GRAYSCALE,DEFG
GRAYSCALE,GLNK
GRAYSCALE BASIC,GBAT
GRAYSCALE BASIC ATTENTION TOKEN TRUST (BAT),GBAT
GRAYSCALE BASIC ATTENTION TOKEN TRUST BAT,GBAT
GRAYSCALE BITCOIN,GBTC
GRAYSCALE BITCOIN,BCHG
GRAYSCALE BITCOIN,BTC
GRAYSCALE BITCOIN CASH TRUST (BCH),BCHG
GRAYSCALE BITCOIN CASH TRUST BCH,BCHG
GRAYSCALE BITCOIN MINI TRUST ETF,BTC
GRAYSCALE BITCOIN TRUST ETF,GBTC
GRAYSCALE CHAINLINK,GLNK
GRAYSCALE CHAINLINK TRUST (LINK),GLNK
GRAYSCALE CHAINLINK TRUST LINK,GLNK
GRAYSCALE DECENTRALAND,MANA
GRAYSCALE DECENTRALAND TRUST (MANA),MANA
GRAYSCALE DECENTRALAND TRUST MANA,MANA
GRAYSCALE DECENTRALIZED,DEFG
GRAYSCALE DECENTRALIZED FINANCE (DEFI) FUND LLC,DEFG
GRAYSCALE DECENTRALIZED FINANCE DEFI FUND,DEFG
GRAYSCALE DIGITAL,GDLC
GRAYSCALE DIGITAL LARGE CAP FUND,GDLC
GRAYSCALE DIGITAL LARGE CAP FUND LLC,GDLC
GRAYSCALE ETHEREUM,ETHE
GRAYSCALE ETHEREUM,ETCG
GRAYSCALE ETHEREUM,ETH
GRAYSCALE ETHEREUM CLASSIC TRUST (ETC),ETCG
GRAYSCALE ETHEREUM CLASSIC TRUST ETC,ETCG
GRAYSCALE ETHEREUM MINI TRUST ETF,ETH
GRAYSCALE ETHEREUM TRUST ETF,ETHE
GRAYSCALE FILECOIN,FILG
GRAYSCALE FILECOIN TRUST (FIL),FILG
GRAYSCALE FILECOIN TRUST FIL,FILG
GRAYSCALE HORIZEN,HZEN
GRAYSCALE HORIZEN TRUST (ZEN),HZEN
GRAYSCALE HORIZEN TRUST ZEN,HZEN
GRAYSCALE LITECOIN,LTCN
GRAYSCALE LITECOIN TRUST (LTC),LTCN
GRAYSCALE LITECOIN TRUST LTC,LTCN
GRAYSCALE LIVEPEER,GLIV
GRAYSCALE LIVEPEER TRUST (LPT),GLIV
GRAYSCALE LIVEPEER TRUST LPT,GLIV
GRAYSCALE SOLANA,GSOL
GRAYSCALE SOLANA TRUST (SOL),GSOL
GRAYSCALE SOLANA TRUST SOL,GSOL
GRAYSCALE STELLAR,GXLM
GRAYSCALE STELLAR LUMENS TRUST (XLM),GXLM
GRAYSCALE STELLAR LUMENS TRUST XLM,GXLM
GRAYSCALE ZCASH,ZCSH
GRAYSCALE ZCASH TRUST (ZEC),ZCSH
GRAYSCALE ZCASH TRUST ZEC,ZCSH
GRAYSTONE,GYST
GRAYSTONE COMPANY INC,GYST
"GRAYSTONE COMPANY,",GYST
"GRAYSTONE COMPANY, INC.",GYST
GREAT,FSXLF
GREAT,GECCH
GREAT,GSBC
GREAT,GECCO
GREAT,GEGGL
GREAT,GECCZ
GREAT,GECCI
GREAT,GEHDF
GREAT,GECC
GREAT,GEG
GREAT,GLDD
GREAT EASTERN,GEHDF
GREAT EASTERN HOLDINGS LTD,GEHDF
GREAT ELM,GECC
GREAT ELM,GECCI
GREAT ELM,GECCZ
GREAT ELM,GEGGL
GREAT ELM,GECCO
GREAT ELM,GEG
GREAT ELM,GECCH
GREAT ELM CAPITAL CORP,GECCZ
GREAT ELM CAPITAL CORP,GECCI
GREAT ELM CAPITAL CORP,GECC
GREAT ELM CAPITAL CORP,GECCH
GREAT ELM CAPITAL CORP,GECCO
GREAT ELM CAPITAL CORP.,GECC
GREAT ELM CAPITAL CORP.,GECCI
GREAT ELM CAPITAL CORP.,GECCO
GREAT ELM CAPITAL CORP.,GECCH
GREAT ELM CAPITAL CORP.,GECCZ
GREAT ELM GROUP INC,GEG
GREAT ELM GROUP INC,GEGGL
"GREAT ELM GROUP, INC.",GEG
"GREAT ELM GROUP, INC.",GEGGL
GREAT LAKES,GLDD
GREAT LAKES DREDGE  DOCK,GLDD
GREAT LAKES DREDGE & DOCK CORP,GLDD
GREAT PACIFIC,FSXLF
GREAT PACIFIC GOLD CORP,FSXLF
GREAT PACIFIC GOLD CORP.,FSXLF
GREAT SOUTHERN,GSBC
GREAT SOUTHERN BANCORP INC,GSBC
"GREAT SOUTHERN BANCORP, INC.",GSBC
GREAT-WEST,GWLPF
GREAT-WEST,GRWTF
GREAT-WEST,GRWLF
GREAT-WEST,GWLIF
GREAT-WEST LIFECO,GRWLF
GREAT-WEST LIFECO,GWLIF
GREAT-WEST LIFECO,GWLPF
GREAT-WEST LIFECO,GRWTF
GREAT-WEST LIFECO INC.,GRWTF
GREAT-WEST LIFECO INC.,GWLPF
GREAT-WEST LIFECO INC.,GRWLF
GREAT-WEST LIFECO INC.,GWLIF
GREATER,GCAN
GREATER CANNABIS,GCAN
GREATER CANNABIS COMPANY INC,GCAN
"GREATER CANNABIS COMPANY, INC.",GCAN
GREATWEST LIFECO INC,GRWTF
GREATWEST LIFECO INC,GWLIF
GREATWEST LIFECO INC,GWLPF
GREATWEST LIFECO INC,GRWLF
GREEN,GLSA
GREEN,GPRE
GREEN,GPLB
GREEN,GSPI
GREEN,GRBK
GREEN,NWPND
GREEN,GDOT
GREEN,GTBIF
GREEN,GRLF
GREEN,NWPN
GREEN BRICK,GRBK
GREEN BRICK PARTNERS INC,GRBK
"GREEN BRICK PARTNERS, INC.",GRBK
GREEN DOT,GDOT
GREEN DOT CORP,GDOT
GREEN LEAF,GRLF
GREEN LEAF INNOVATIONS,GRLF
GREEN LEAF INNOVATIONS INC,GRLF
GREEN PLAINS,GPRE
GREEN PLAINS INC,GPRE
GREEN PLAINS INC.,GPRE
GREEN PLANET,GPLB
GREEN PLANET BIO ENGINEERING CO LTD,GPLB
GREEN PLANET BIO ENGINEERING CO. LTD.,GPLB
GREEN RAIN,NWPND
GREEN RAIN,NWPN
GREEN RAIN ENERGY HOLDINGS INC,NWPND
GREEN RAIN ENERGY HOLDINGS INC,NWPN
GREEN RAIN ENERGY HOLDINGS INC.,NWPN
GREEN RAIN ENERGY HOLDINGS INC.,NWPND
GREEN SOLAR,GLSA
GREEN SOLAR ENERGY,GLSA
GREEN SOLAR ENERGY LTD,GLSA
GREEN STAR,GSPI
GREEN STAR PRODUCTS INC,GSPI
"GREEN STAR PRODUCTS, INC.",GSPI
GREEN THUMB,GTBIF
GREEN THUMB INDUSTRIES INC,GTBIF
GREEN THUMB INDUSTRIES INC.,GTBIF
GREENBRIAR,GEBRF
GREENBRIAR SUSTAINABLE,GEBRF
GREENBRIAR SUSTAINABLE LIVING INC,GEBRF
GREENBRIAR SUSTAINABLE LIVING INC.,GEBRF
GREENBRIER,GBX
GREENBRIER COMPANIES,GBX
GREENBRIER COMPANIES INC,GBX
GREENE,INKW
GREENE,GCBC
GREENE CONCEPTS,INKW
"GREENE CONCEPTS,",INKW
"GREENE CONCEPTS, INC",INKW
GREENE COUNTY,GCBC
GREENE COUNTY BANCORP,GCBC
GREENE COUNTY BANCORP INC,GCBC
GREENFIRE,GFR
GREENFIRE,GFRWF
GREENFIRE RESOURCES,GFR
GREENFIRE RESOURCES,GFRWF
GREENFIRE RESOURCES LTD,GFRWF
GREENFIRE RESOURCES LTD,GFR
GREENFIRE RESOURCES LTD.,GFR
GREENFIRE RESOURCES LTD.,GFRWF
GREENHEART,GHRTF
GREENHEART GOLD,GHRTF
GREENHEART GOLD INC,GHRTF
GREENHEART GOLD INC.,GHRTF
GREENIDGE,GREEL
GREENIDGE,GREE
GREENIDGE GENERATION,GREE
GREENIDGE GENERATION,GREEL
GREENIDGE GENERATION HOLDINGS INC,GREE
GREENIDGE GENERATION HOLDINGS INC,GREEL
GREENIDGE GENERATION HOLDINGS INC.,GREE
GREENIDGE GENERATION HOLDINGS INC.,GREEL
GREENLAND,GTEC
GREENLAND TECHNOLOGIES,GTEC
GREENLAND TECHNOLOGIES HOLDING CORP,GTEC
GREENLAND TECHNOLOGIES HOLDING CORP.,GTEC
GREENLANE,GNLN
GREENLANE HOLDINGS INC,GNLN
"GREENLANE HOLDINGS,",GNLN
"GREENLANE HOLDINGS, INC.",GNLN
GREENLIGHT,GLRE
GREENLIGHT,GRLMF
GREENLIGHT CAPITAL,GLRE
GREENLIGHT CAPITAL RE LTD,GLRE
"GREENLIGHT CAPITAL RE, LTD.",GLRE
GREENLIGHT METALS,GRLMF
GREENLIGHT METALS INC,GRLMF
GREENLIGHT METALS INC.,GRLMF
GREENLIT,GLVT
GREENLIT VENTURES,GLVT
GREENLIT VENTURES INC,GLVT
GREENLIT VENTURES INC.,GLVT
GREENPOWER,GP
GREENPOWER MOTOR,GP
GREENPOWER MOTOR CO INC,GP
GREENPOWER MOTOR CO INC.,GP
GREENPRO,GRNQ
GREENPRO CAPITAL,GRNQ
GREENPRO CAPITAL CORP,GRNQ
GREENPRO CAPITAL CORP.,GRNQ
GREENTREE,GHG
GREENTREE HOSPITALITY,GHG
GREENTREE HOSPITALITY GROUP LTD,GHG
GREENTREE HOSPITALITY GROUP LTD.,GHG
GREENWAVE,GWAV
GREENWAVE TECHNOLOGY,GWAV
GREENWAVE TECHNOLOGY SOLUTIONS INC,GWAV
"GREENWAVE TECHNOLOGY SOLUTIONS, INC.",GWAV
GREENWAY,GWTI
GREENWAY TECHNOLOGIES,GWTI
GREENWAY TECHNOLOGIES INC,GWTI
GREENWICH,GLSI
GREENWICH LIFESCIENCES INC,GLSI
"GREENWICH LIFESCIENCES,",GLSI
"GREENWICH LIFESCIENCES, INC.",GLSI
GREIF,GEF
GREIF,GEF-B
"GREIF,",GEF-B
"GREIF,",GEF
"GREIF, INC",GEF-B
"GREIF, INC",GEF
GREYSTONE,GLGI
GREYSTONE,GHI
GREYSTONE HOUSING,GHI
GREYSTONE HOUSING IMPACT INVESTORS,GHI
GREYSTONE HOUSING IMPACT INVESTORS LP,GHI
GREYSTONE LOGISTICS INC,GLGI
"GREYSTONE LOGISTICS,",GLGI
"GREYSTONE LOGISTICS, INC.",GLGI
GRI,GRI
GRI BIO INC,GRI
"GRI BIO,",GRI
"GRI BIO, INC.",GRI
GRID,GDYN
GRID DYNAMICS,GDYN
GRID DYNAMICS HOLDINGS INC,GDYN
"GRID DYNAMICS HOLDINGS, INC.",GDYN
GRIFFON,GFF
GRIFFON CORP,GFF
GRIFOLS,GIFOF
GRIFOLS,GIKLY
GRIFOLS,GRFS
GRIFOLS,GIFLF
GRIFOLS SA,GRFS
GRIFOLS SA,GIKLY
GRIFOLS SA,GIFOF
GRIFOLS SA,GIFLF
GRINDR,GRND
GRINDR INC,GRND
GRINDR INC.,GRND
GROCERY,GO
GROCERY OUTLET,GO
GROCERY OUTLET HOLDING CORP,GO
GROCERY OUTLET HOLDING CORP.,GO
GROOVE,GRVE
GROOVE BOTANICALS,GRVE
GROOVE BOTANICALS INC,GRVE
GROOVE BOTANICALS INC.,GRVE
GROUP,GPI
GROUP 1 AUTOMOTIVE,GPI
GROUP 1 AUTOMOTIVE INC,GPI
GROUPE,GRCPY
GROUPE CANAL,GRCPY
GROUPE CANAL PLUS SAADR,GRCPY
"GROUPE CANAL PLUS, SA/ADR",GRCPY
GROUPON INC,GRPN
"GROUPON,",GRPN
"GROUPON, INC.",GRPN
GROVE,GROVW
GROVE,GROV
GROVE COLLABORATIVE,GROVW
GROVE COLLABORATIVE,GROV
GROVE COLLABORATIVE HOLDINGS INC,GROVW
GROVE COLLABORATIVE HOLDINGS INC,GROV
"GROVE COLLABORATIVE HOLDINGS, INC.",GROVW
"GROVE COLLABORATIVE HOLDINGS, INC.",GROV
GROWGENERATION,GRWG
GROWGENERATION CORP,GRWG
GROWGENERATION CORP.,GRWG
GROWHUB,TGHL
GROWHUB LTD,TGHL
GROWN,GRUSF
GROWN ROGUE,GRUSF
GROWN ROGUE INTERNATIONAL INC,GRUSF
GROWN ROGUE INTERNATIONAL INC.,GRUSF
GROWTH,GSTK
GROWTH STALK,GSTK
GROWTH STALK HOLDINGS CORP,GSTK
GRUPO,AVAL
GRUPO,TV
GRUPO,GRPFF
GRUPO,GGAL
GRUPO,SIM
GRUPO,CIB
GRUPO,SUPV
GRUPO AVAL,AVAL
GRUPO AVAL ACCIONES Y VALORES S.A.,AVAL
GRUPO AVAL ACCIONES Y VALORES SA,AVAL
GRUPO CIBEST,CIB
GRUPO CIBEST S.A.,CIB
GRUPO CIBEST SA,CIB
GRUPO FINANCIERO,GGAL
GRUPO FINANCIERO GALICIA,GGAL
GRUPO FINANCIERO GALICIA SA,GGAL
GRUPO SIMEC SAB DE CV,SIM
"GRUPO SIMEC,",SIM
"GRUPO SIMEC, S.A.B. DE C.V.",SIM
GRUPO SUPERVIELLE,SUPV
GRUPO SUPERVIELLE S.A.,SUPV
GRUPO SUPERVIELLE SA,SUPV
GRUPO TELEVISA SAB,GRPFF
GRUPO TELEVISA SAB,TV
"GRUPO TELEVISA,",TV
"GRUPO TELEVISA,",GRPFF
"GRUPO TELEVISA, S.A.B.",TV
"GRUPO TELEVISA, S.A.B.",GRPFF
GRYPHON,GRYP
GRYPHON DIGITAL,GRYP
GRYPHON DIGITAL MINING INC,GRYP
"GRYPHON DIGITAL MINING, INC.",GRYP
GSI,GSIT
GSI TECHNOLOGY,GSIT
GSI TECHNOLOGY INC,GSIT
GSK,GSK
GSK,GLAXF
GSK PLC,GLAXF
GSK PLC,GSK
GSR,GSRTR
GSR,GSRTU
GSR,GSRT
GSR III,GSRTU
GSR III,GSRT
GSR III,GSRTR
GSR III ACQUISITION CORP,GSRTR
GSR III ACQUISITION CORP,GSRT
GSR III ACQUISITION CORP,GSRTU
GSR III ACQUISITION CORP.,GSRTU
GSR III ACQUISITION CORP.,GSRTR
GSR III ACQUISITION CORP.,GSRT
GT BIOPHARMA INC,GTBP
"GT BIOPHARMA, INC.",GTBP
GUANAJUATO,GSVRF
GUANAJUATO SILVER,GSVRF
GUANAJUATO SILVER CO,GSVRF
GUANAJUATO SILVER CO LTD,GSVRF
GUANGSHEN,GNGYF
GUANGSHEN RAILWAY,GNGYF
GUANGSHEN RAILWAY CO,GNGYF
GUANGSHEN RAILWAY CO LTD,GNGYF
GUARANTY,GNTY
GUARANTY BANCSHARES,GNTY
GUARANTY BANCSHARES INC /TX/,GNTY
GUARANTY BANCSHARES INC TX,GNTY
GUARDANT,GH
GUARDANT HEALTH INC,GH
"GUARDANT HEALTH,",GH
"GUARDANT HEALTH, INC.",GH
GUARDFORCE,GFAI
GUARDFORCE,GRDAF
GUARDFORCE,GFAIW
GUARDFORCE AI CO LTD,GFAI
GUARDFORCE AI CO LTD,GRDAF
GUARDFORCE AI CO LTD,GFAIW
"GUARDFORCE AI CO., LTD.",GRDAF
"GUARDFORCE AI CO., LTD.",GFAIW
"GUARDFORCE AI CO., LTD.",GFAI
GUARDIAN,GRDN
GUARDIAN PHARMACY,GRDN
GUARDIAN PHARMACY SERVICES INC,GRDN
"GUARDIAN PHARMACY SERVICES, INC.",GRDN
GUERRILLA,GUER
GUERRILLA RF INC,GUER
"GUERRILLA RF,",GUER
"GUERRILLA RF, INC.",GUER
GUESS,GES
GUESS INC,GES
GUGGENHEIM,GOF
GUGGENHEIM,GUG
GUGGENHEIM,GBAB
GUGGENHEIM ACTIVE,GUG
GUGGENHEIM ACTIVE ALLOCATION FUND,GUG
GUGGENHEIM STRATEGIC,GOF
GUGGENHEIM STRATEGIC OPPORTUNITIES FUND,GOF
GUGGENHEIM TAXABLE,GBAB
GUGGENHEIM TAXABLE MUNICIPAL BOND  INVESTMENT GRADE DEBT TRUST,GBAB
GUGGENHEIM TAXABLE MUNICIPAL BOND & INVESTMENT GRADE DEBT TRUST,GBAB
GUIDED,GTHP
GUIDED THERAPEUTICS,GTHP
GUIDED THERAPEUTICS INC,GTHP
GUIDEWIRE,GWRE
GUIDEWIRE SOFTWARE INC,GWRE
"GUIDEWIRE SOFTWARE,",GWRE
"GUIDEWIRE SOFTWARE, INC.",GWRE
GUILD,GHLD
GUILD HOLDINGS,GHLD
GUILD HOLDINGS CO,GHLD
GULF,GULTU
GULF,GURE
GULF,GIFI
GULF COAST,GULTU
GULF COAST ULTRA DEEP ROYALTY TRUST,GULTU
GULF ISLAND,GIFI
GULF ISLAND FABRICATION,GIFI
GULF ISLAND FABRICATION INC,GIFI
GULF RESOURCES INC,GURE
"GULF RESOURCES,",GURE
"GULF RESOURCES, INC.",GURE
GULFPORT,GPOR
GULFPORT ENERGY,GPOR
GULFPORT ENERGY CORP,GPOR
GUNNISON,GCUMF
GUNNISON COPPER,GCUMF
GUNNISON COPPER CORP,GCUMF
GUNNISON COPPER CORP.,GCUMF
GURU,GAFC
GURU APP,GAFC
GURU APP FACTORY,GAFC
GURU APP FACTORY CORP,GAFC
GUYANA,GYGC
GUYANA GOLD,GYGC
GUYANA GOLD CORP,GYGC
GUZMAN,GYGLF
GUZMAN Y GOMEZ,GYGLF
GUZMAN Y GOMEZ LTD,GYGLF
GXO,GXO
GXO LOGISTICS INC,GXO
"GXO LOGISTICS,",GXO
"GXO LOGISTICS, INC.",GXO
GYRE,GYRE
GYRE THERAPEUTICS INC,GYRE
"GYRE THERAPEUTICS,",GYRE
"GYRE THERAPEUTICS, INC.",GYRE
GYRODYNE,GYRO
"GYRODYNE,",GYRO
"GYRODYNE, LLC",GYRO
H WORLD,HWLDF
H WORLD,HTHT
H WORLD GROUP LTD,HTHT
H WORLD GROUP LTD,HWLDF
H&R,HRB
H&R BLOCK,HRB
H&R BLOCK INC,HRB
H2O,HTO
H2O AMERICA,HTO
HA SUSTAINABLE INFRASTRUCTURE CAPITAL INC,HASI
"HA SUSTAINABLE INFRASTRUCTURE CAPITAL, INC.",HASI
HACHIJUNI,HACBF
HACHIJUNI BANK,HACBF
HACHIJUNI BANK LTD,HACBF
HACKETT,HCKT
HACKETT GROUP INC,HCKT
"HACKETT GROUP,",HCKT
"HACKETT GROUP, INC.",HCKT
HAEMONETICS,HAE
HAEMONETICS CORP,HAE
HAFNIA,HAFN
HAFNIA LTD,HAFN
HAGERTY INC,HGTY
"HAGERTY,",HGTY
"HAGERTY, INC.",HGTY
HAIN,HAIN
HAIN CELESTIAL,HAIN
HAIN CELESTIAL GROUP INC,HAIN
HALBERD,HALB
HALBERD CORP,HALB
HALEON,HLNCF
HALEON,HLN
HALEON PLC,HLN
HALEON PLC,HLNCF
HALL,HOFVW
HALL,HOFV
HALL OF FAME RESORT  ENTERTAINMENT,HOFV
HALL OF FAME RESORT  ENTERTAINMENT,HOFVW
HALL OF FAME RESORT & ENTERTAINMENT CO,HOFV
HALL OF FAME RESORT & ENTERTAINMENT CO,HOFVW
HALLADOR,HNRG
HALLADOR ENERGY,HNRG
HALLADOR ENERGY CO,HNRG
HALLIBURTON,HAL
HALLIBURTON CO,HAL
HALLMARK,HLLK
HALLMARK VENTURE,HLLK
HALLMARK VENTURE GROUP INC,HLLK
"HALLMARK VENTURE GROUP, INC.",HLLK
HALOZYME,HALO
HALOZYME THERAPEUTICS INC,HALO
"HALOZYME THERAPEUTICS,",HALO
"HALOZYME THERAPEUTICS, INC.",HALO
HAMAMATSU,HPHTF
HAMAMATSU,HPHTY
HAMAMATSU PHOTONICS,HPHTF
HAMAMATSU PHOTONICS,HPHTY
HAMAMATSU PHOTONICS K.K./ADR,HPHTY
HAMAMATSU PHOTONICS K.K./ADR,HPHTF
HAMAMATSU PHOTONICS KKADR,HPHTY
HAMAMATSU PHOTONICS KKADR,HPHTF
HAMILTON,HLNE
HAMILTON,HG
HAMILTON,HBB
HAMILTON BEACH,HBB
HAMILTON BEACH BRANDS HOLDING,HBB
HAMILTON BEACH BRANDS HOLDING CO,HBB
HAMILTON INSURANCE,HG
HAMILTON INSURANCE GROUP LTD,HG
"HAMILTON INSURANCE GROUP, LTD.",HG
HAMILTON LANE,HLNE
HAMILTON LANE INC,HLNE
HAMMER,HMMR
HAMMER FIBER,HMMR
HAMMER FIBER OPTICS,HMMR
HAMMER FIBER OPTICS HOLDINGS CORP,HMMR
HANCOCK,HWC
HANCOCK,HWCPZ
HANCOCK WHITNEY,HWC
HANCOCK WHITNEY,HWCPZ
HANCOCK WHITNEY CORP,HWC
HANCOCK WHITNEY CORP,HWCPZ
HANESBRANDS,HBI
HANESBRANDS INC,HBI
HANESBRANDS INC.,HBI
HANG,FOFO
HANG FENG,FOFO
HANG FENG TECHNOLOGY INNOVATION CO LTD,FOFO
"HANG FENG TECHNOLOGY INNOVATION CO., LTD.",FOFO
HANMI,HAFC
HANMI FINANCIAL,HAFC
HANMI FINANCIAL CORP,HAFC
HANNAN,HANNF
HANNAN METALS,HANNF
HANNAN METALS LTD,HANNF
HANNAN METALS LTD.,HANNF
HANOVER,HNVR
HANOVER,THG
HANOVER BANCORP INC NY,HNVR
"HANOVER BANCORP,",HNVR
"HANOVER BANCORP, INC. /NY",HNVR
HANOVER INSURANCE,THG
HANOVER INSURANCE GROUP INC,THG
"HANOVER INSURANCE GROUP, INC.",THG
HAOXI,HAO
HAOXI HEALTH,HAO
HAOXI HEALTH TECHNOLOGY,HAO
HAOXI HEALTH TECHNOLOGY LTD,HAO
HAOXIN,HXHX
HAOXIN HOLDINGS,HXHX
HAOXIN HOLDINGS LTD,HXHX
HAPPY,HCHL
HAPPY CITY,HCHL
HAPPY CITY HOLDINGS LTD,HCHL
HAPVIDA,HAPVD
HAPVIDA PARTICIPACOES,HAPVD
HAPVIDA PARTICIPACOES E INVESTIMENTOS S.A./ADR,HAPVD
HAPVIDA PARTICIPACOES E INVESTIMENTOS SAADR,HAPVD
HARBOR,HRBR
HARBOR DIVERSIFIED INC,HRBR
"HARBOR DIVERSIFIED,",HRBR
"HARBOR DIVERSIFIED, INC.",HRBR
HARBORONE,HONE
HARBORONE BANCORP INC,HONE
"HARBORONE BANCORP,",HONE
"HARBORONE BANCORP, INC.",HONE
"HARLEY-DAVIDSON,",HOG
"HARLEY-DAVIDSON, INC.",HOG
HARLEYDAVIDSON INC,HOG
HARMONIC,HLIT
HARMONIC INC,HLIT
HARMONY,HRMY
HARMONY,HGMCF
HARMONY,HMY
HARMONY BIOSCIENCES,HRMY
HARMONY BIOSCIENCES HOLDINGS INC,HRMY
"HARMONY BIOSCIENCES HOLDINGS, INC.",HRMY
HARMONY GOLD,HMY
HARMONY GOLD,HGMCF
HARMONY GOLD MINING CO,HMY
HARMONY GOLD MINING CO,HGMCF
HARMONY GOLD MINING CO LTD,HMY
HARMONY GOLD MINING CO LTD,HGMCF
HARROW INC,HROWL
HARROW INC,HROW
HARROW INC,HROWM
"HARROW,",HROW
"HARROW,",HROWM
"HARROW,",HROWL
"HARROW, INC.",HROWM
"HARROW, INC.",HROWL
"HARROW, INC.",HROW
HARTE,HHS
HARTE HANKS,HHS
HARTE HANKS INC,HHS
HARTFORD,HFUS
HARTFORD,HIG
HARTFORD CREATIVE,HFUS
HARTFORD CREATIVE GROUP INC,HFUS
"HARTFORD CREATIVE GROUP, INC.",HFUS
HARTFORD INSURANCE,HIG
HARTFORD INSURANCE GROUP INC,HIG
"HARTFORD INSURANCE GROUP, INC.",HIG
HARVARD,HBIO
HARVARD,HRGN
HARVARD APPARATUS,HRGN
HARVARD APPARATUS REGENERATIVE TECHNOLOGY INC,HRGN
"HARVARD APPARATUS REGENERATIVE TECHNOLOGY, INC.",HRGN
HARVARD BIOSCIENCE,HBIO
HARVARD BIOSCIENCE INC,HBIO
HARVEST,HVGDF
HARVEST GOLD,HVGDF
HARVEST GOLD CORP,HVGDF
HASBRO INC,HAS
"HASBRO,",HAS
"HASBRO, INC.",HAS
HASHDEX,NCIQ
HASHDEX NASDAQ,NCIQ
HASHDEX NASDAQ CRYPTO INDEX US ETF,NCIQ
HAVERTY,HVT-A
HAVERTY,HVT
HAVERTY FURNITURE,HVT
HAVERTY FURNITURE,HVT-A
HAVERTY FURNITURE COMPANIES,HVT-A
HAVERTY FURNITURE COMPANIES,HVT
HAVERTY FURNITURE COMPANIES INC,HVT
HAVERTY FURNITURE COMPANIES INC,HVT-A
HAWAIIAN,HAWLN
HAWAIIAN,HAWEN
HAWAIIAN,HAWLM
HAWAIIAN,HAWEM
HAWAIIAN,HAWLL
HAWAIIAN,HAWEL
HAWAIIAN,HE
HAWAIIAN,HAWLI
HAWAIIAN ELECTRIC,HAWLL
HAWAIIAN ELECTRIC,HAWEL
HAWAIIAN ELECTRIC,HAWEN
HAWAIIAN ELECTRIC,HAWEM
HAWAIIAN ELECTRIC,HAWLM
HAWAIIAN ELECTRIC,HAWLI
HAWAIIAN ELECTRIC,HE
HAWAIIAN ELECTRIC,HAWLN
HAWAIIAN ELECTRIC CO INC,HAWEN
HAWAIIAN ELECTRIC CO INC,HAWLM
HAWAIIAN ELECTRIC CO INC,HAWEM
HAWAIIAN ELECTRIC CO INC,HAWEL
HAWAIIAN ELECTRIC CO INC,HAWLI
HAWAIIAN ELECTRIC CO INC,HAWLN
HAWAIIAN ELECTRIC CO INC,HAWLL
HAWAIIAN ELECTRIC INDUSTRIES INC,HE
HAWKEYE,HWKE
HAWKEYE SYSTEMS INC,HWKE
"HAWKEYE SYSTEMS,",HWKE
"HAWKEYE SYSTEMS, INC.",HWKE
HAWKINS,HWKN
HAWKINS INC,HWKN
HAWTHORN,HWBK
HAWTHORN BANCSHARES INC,HWBK
"HAWTHORN BANCSHARES,",HWBK
"HAWTHORN BANCSHARES, INC.",HWBK
HAYMAKER,HYAC
HAYMAKER ACQUISITION,HYAC
HAYMAKER ACQUISITION CORP 4,HYAC
HAYMAKER ACQUISITION CORP. 4,HYAC
HAYWARD,HAYW
HAYWARD HOLDINGS INC,HAYW
"HAYWARD HOLDINGS,",HAYW
"HAYWARD HOLDINGS, INC.",HAYW
HBT,HBT
HBT FINANCIAL INC,HBT
"HBT FINANCIAL,",HBT
"HBT FINANCIAL, INC.",HBT
HCA,HCA
HCA HEALTHCARE INC,HCA
"HCA HEALTHCARE,",HCA
"HCA HEALTHCARE, INC.",HCA
HCI,HCI
HCI,HCIIP
HCI GROUP INC,HCIIP
HCI GROUP INC,HCI
"HCI GROUP,",HCI
"HCI GROUP,",HCIIP
"HCI GROUP, INC.",HCI
"HCI GROUP, INC.",HCIIP
HCM,HONDU
HCM,HCMA
HCM,HONDW
HCM,HOND
HCM II ACQUISITION CORP,HOND
HCM II ACQUISITION CORP,HONDW
HCM II ACQUISITION CORP,HONDU
HCM II ACQUISITION CORP.,HOND
HCM II ACQUISITION CORP.,HONDU
HCM II ACQUISITION CORP.,HONDW
HCM III,HCMA
HCM III ACQUISITION CORP,HCMA
HCM III ACQUISITION CORP.,HCMA
HCW,HCWB
HCW BIOLOGICS,HCWB
HCW BIOLOGICS INC,HCWB
HCW BIOLOGICS INC.,HCWB
HDFC,HDB
HDFC BANK,HDB
HDFC BANK LTD,HDB
HEALTH,HIT
HEALTH,HCAT
HEALTH CATALYST INC,HCAT
"HEALTH CATALYST,",HCAT
"HEALTH CATALYST, INC.",HCAT
HEALTH IN TECH INC,HIT
"HEALTH IN TECH, INC.",HIT
HEALTHCARE,HAIWF
HEALTHCARE,HAIUF
HEALTHCARE,HCTI
HEALTHCARE,HAIAF
HEALTHCARE,HCSG
HEALTHCARE,HR
HEALTHCARE AI ACQUISITION CORP,HAIAF
HEALTHCARE AI ACQUISITION CORP,HAIWF
HEALTHCARE AI ACQUISITION CORP,HAIUF
HEALTHCARE AI ACQUISITION CORP.,HAIWF
HEALTHCARE AI ACQUISITION CORP.,HAIUF
HEALTHCARE AI ACQUISITION CORP.,HAIAF
HEALTHCARE REALTY,HR
HEALTHCARE REALTY TRUST,HR
HEALTHCARE REALTY TRUST INC,HR
HEALTHCARE SERVICES,HCSG
HEALTHCARE SERVICES GROUP INC,HCSG
HEALTHCARE TRIANGLE INC,HCTI
"HEALTHCARE TRIANGLE,",HCTI
"HEALTHCARE TRIANGLE, INC.",HCTI
HEALTHEQUITY INC,HQY
"HEALTHEQUITY,",HQY
"HEALTHEQUITY, INC.",HQY
HEALTHIER,HCMC
HEALTHIER CHOICES,HCMC
HEALTHIER CHOICES MANAGEMENT CORP,HCMC
HEALTHIER CHOICES MANAGEMENT CORP.,HCMC
HEALTHLYNKED,HLYK
HEALTHLYNKED CORP,HLYK
HEALTHPEAK,DOC
HEALTHPEAK PROPERTIES INC,DOC
"HEALTHPEAK PROPERTIES,",DOC
"HEALTHPEAK PROPERTIES, INC.",DOC
HEALTHSTREAM,HSTM
HEALTHSTREAM INC,HSTM
HEALTHY,HCWC
HEALTHY,HYEX
HEALTHY CHOICE,HCWC
HEALTHY CHOICE WELLNESS CORP,HCWC
HEALTHY CHOICE WELLNESS CORP.,HCWC
HEALTHY EXTRACTS,HYEX
HEALTHY EXTRACTS INC,HYEX
HEALTHY EXTRACTS INC.,HYEX
HEALWELL,HWAIF
HEALWELL AI INC,HWAIF
HEALWELL AI INC.,HWAIF
HEARTBEAM INC,BEAT
HEARTBEAM INC,BEATW
"HEARTBEAM,",BEATW
"HEARTBEAM,",BEAT
"HEARTBEAM, INC.",BEATW
"HEARTBEAM, INC.",BEAT
HEARTCORE,HTCR
HEARTCORE ENTERPRISES INC,HTCR
"HEARTCORE ENTERPRISES,",HTCR
"HEARTCORE ENTERPRISES, INC.",HTCR
HEARTLAND,HTLD
HEARTLAND EXPRESS,HTLD
HEARTLAND EXPRESS INC,HTLD
HEARTSCIENCES,HSCS
HEARTSCIENCES,HSCSW
HEARTSCIENCES INC,HSCS
HEARTSCIENCES INC,HSCSW
HEARTSCIENCES INC.,HSCS
HEARTSCIENCES INC.,HSCSW
HECLA,HL
HECLA,HL-PB
HECLA MINING,HL
HECLA MINING,HL-PB
HECLA MINING CO/DE/,HL-PB
HECLA MINING CO/DE/,HL
HECLA MINING CODE,HL
HECLA MINING CODE,HL-PB
HEICO,HEI
HEICO,HEI-A
HEICO CORP,HEI
HEICO CORP,HEI-A
HEIDMAR,HMR
HEIDMAR MARITIME,HMR
HEIDMAR MARITIME HOLDINGS CORP,HMR
HEIDMAR MARITIME HOLDINGS CORP.,HMR
HEIDRICK,HSII
HEIDRICK  STRUGGLES,HSII
HEIDRICK & STRUGGLES INTERNATIONAL INC,HSII
HEINEKEN,HKHHF
HEINEKEN,HKHHY
HEINEKEN HOLDING,HKHHF
HEINEKEN HOLDING,HKHHY
HEINEKEN HOLDING N V,HKHHY
HEINEKEN HOLDING N V,HKHHF
HELEN,HELE
HELEN OF TROY,HELE
HELEN OF TROY LTD,HELE
HELIO,HLEO
HELIO CORP,HLEO
HELIO CORP /FL/,HLEO
HELIO CORP FL,HLEO
HELIOGEN INC,HLGN
HELIOGEN INC,HLGNW
"HELIOGEN,",HLGN
"HELIOGEN,",HLGNW
"HELIOGEN, INC.",HLGNW
"HELIOGEN, INC.",HLGN
HELIOS,HLIO
HELIOS TECHNOLOGIES INC,HLIO
"HELIOS TECHNOLOGIES,",HLIO
"HELIOS TECHNOLOGIES, INC.",HLIO
HELIOSTAR,HSTXF
HELIOSTAR METALS,HSTXF
HELIOSTAR METALS LTD,HSTXF
HELIOSTAR METALS LTD.,HSTXF
HELIUS,HSDTW
HELIUS,HSDT
HELIUS MEDICAL,HSDTW
HELIUS MEDICAL,HSDT
HELIUS MEDICAL TECHNOLOGIES INC,HSDTW
HELIUS MEDICAL TECHNOLOGIES INC,HSDT
"HELIUS MEDICAL TECHNOLOGIES, INC.",HSDTW
"HELIUS MEDICAL TECHNOLOGIES, INC.",HSDT
HELIX,HLXB
HELIX,HLX
HELIX ACQUISITION,HLXB
HELIX ACQUISITION CORP II,HLXB
HELIX ACQUISITION CORP. II,HLXB
HELIX ENERGY,HLX
HELIX ENERGY SOLUTIONS GROUP INC,HLX
HELLO,MOMO
HELLO GROUP,MOMO
HELLO GROUP INC,MOMO
HELLO GROUP INC.,MOMO
HELMERICH,HP
HELMERICH  PAYNE INC,HP
"HELMERICH & PAYNE, INC.",HP
HELPORT,HPAIW
HELPORT,HPAI
HELPORT AI,HPAIW
HELPORT AI,HPAI
HELPORT AI LTD,HPAIW
HELPORT AI LTD,HPAI
HENGHONG,HCPC
HENGHONG TECHNOLOGY,HCPC
HENGHONG TECHNOLOGY INC,HCPC
HENGHONG TECHNOLOGY INC.,HCPC
HENNESSY,HNNAZ
HENNESSY,HVIIU
HENNESSY,HVIIR
HENNESSY,HVII
HENNESSY,HNNA
HENNESSY ADVISORS,HNNAZ
HENNESSY ADVISORS,HNNA
HENNESSY ADVISORS INC,HNNAZ
HENNESSY ADVISORS INC,HNNA
HENNESSY CAPITAL,HVIIR
HENNESSY CAPITAL,HVIIU
HENNESSY CAPITAL,HVII
HENNESSY CAPITAL INVESTMENT CORP VII,HVII
HENNESSY CAPITAL INVESTMENT CORP VII,HVIIR
HENNESSY CAPITAL INVESTMENT CORP VII,HVIIU
HENNESSY CAPITAL INVESTMENT CORP. VII,HVII
HENNESSY CAPITAL INVESTMENT CORP. VII,HVIIR
HENNESSY CAPITAL INVESTMENT CORP. VII,HVIIU
HENRY,HSIC
HENRY SCHEIN,HSIC
HENRY SCHEIN INC,HSIC
HENSOLDT,HNSDF
HENSOLDT AG/ADR,HNSDF
HENSOLDT AGADR,HNSDF
HEPION,CTRVP
HEPION,HEPA
HEPION PHARMACEUTICALS INC,CTRVP
HEPION PHARMACEUTICALS INC,HEPA
"HEPION PHARMACEUTICALS,",HEPA
"HEPION PHARMACEUTICALS,",CTRVP
"HEPION PHARMACEUTICALS, INC.",HEPA
"HEPION PHARMACEUTICALS, INC.",CTRVP
HERAMBA,PITEF
HERAMBA,PITWF
HERAMBA ELECTRIC,PITEF
HERAMBA ELECTRIC,PITWF
HERAMBA ELECTRIC PLC,PITWF
HERAMBA ELECTRIC PLC,PITEF
HERBALIFE,HLF
HERBALIFE LTD,HLF
HERBALIFE LTD.,HLF
HERC,HRI
HERC HOLDINGS,HRI
HERC HOLDINGS INC,HRI
HERCULES,HCXY
HERCULES,HTGC
HERCULES CAPITAL INC,HCXY
HERCULES CAPITAL INC,HTGC
"HERCULES CAPITAL,",HTGC
"HERCULES CAPITAL,",HCXY
"HERCULES CAPITAL, INC.",HTGC
"HERCULES CAPITAL, INC.",HCXY
HERITAGE,HRTG
HERITAGE,HFWA
HERITAGE,CASK
HERITAGE,HTBK
HERITAGE,HGBL
HERITAGE COMMERCE,HTBK
HERITAGE COMMERCE CORP,HTBK
HERITAGE DISTILLING,CASK
HERITAGE DISTILLING HOLDING COMPANY INC,CASK
"HERITAGE DISTILLING HOLDING COMPANY, INC.",CASK
HERITAGE FINANCIAL,HFWA
HERITAGE FINANCIAL CORP /WA/,HFWA
HERITAGE FINANCIAL CORP WA,HFWA
HERITAGE GLOBAL,HGBL
HERITAGE GLOBAL INC,HGBL
HERITAGE GLOBAL INC.,HGBL
HERITAGE INSURANCE,HRTG
HERITAGE INSURANCE HOLDINGS INC,HRTG
"HERITAGE INSURANCE HOLDINGS, INC.",HRTG
HERON,HRTX
HERON THERAPEUTICS INC DE,HRTX
"HERON THERAPEUTICS,",HRTX
"HERON THERAPEUTICS, INC. /DE/",HRTX
HERSHEY,HSY
HERSHEY CO,HSY
HERTZ,HTZWW
HERTZ,HTZ
HERTZ GLOBAL,HTZWW
HERTZ GLOBAL,HTZ
HERTZ GLOBAL HOLDINGS,HTZ
HERTZ GLOBAL HOLDINGS,HTZWW
"HERTZ GLOBAL HOLDINGS, INC",HTZ
"HERTZ GLOBAL HOLDINGS, INC",HTZWW
HERZFELD,CUBA
HERZFELD CARIBBEAN,CUBA
HERZFELD CARIBBEAN BASIN FUND,CUBA
HERZFELD CARIBBEAN BASIN FUND INC,CUBA
HESAI,HSAI
HESAI GROUP,HSAI
HESS,HES
HESS,HESM
HESS CORP,HES
HESS MIDSTREAM,HESM
HESS MIDSTREAM LP,HESM
HESTIA,HSTA
HESTIA INSIGHT,HSTA
HESTIA INSIGHT INC,HSTA
HESTIA INSIGHT INC.,HSTA
HEWLETT,HPE
HEWLETT PACKARD,HPE
HEWLETT PACKARD ENTERPRISE,HPE
HEWLETT PACKARD ENTERPRISE CO,HPE
HEXCEL,HXL
HEXCEL CORP,HXL
HEXCEL CORP /DE/,HXL
HEXCEL CORP DE,HXL
HF FOODS GROUP INC,HFFG
HF FOODS GROUP INC.,HFFG
HF SINCLAIR,DINO
HF SINCLAIR CORP,DINO
HG HOLDINGS INC,STLY
"HG HOLDINGS, INC.",STLY
HI-GREAT,HIGR
HI-GREAT GROUP,HIGR
HI-GREAT GROUP HOLDING CO,HIGR
HIGH,HWNI
HIGH,HSTI
HIGH,HITI
HIGH,ROLR
HIGH,PCF
HIGH INCOME,PCF
HIGH INCOME SECURITIES FUND,PCF
HIGH ROLLER,ROLR
HIGH ROLLER TECHNOLOGIES INC,ROLR
"HIGH ROLLER TECHNOLOGIES, INC.",ROLR
HIGH SIERRA,HSTI
HIGH SIERRA TECHNOLOGIES INC,HSTI
"HIGH SIERRA TECHNOLOGIES, INC.",HSTI
HIGH TIDE,HITI
HIGH TIDE INC,HITI
HIGH TIDE INC.,HITI
HIGH WIRE,HWNI
HIGH WIRE NETWORKS INC,HWNI
"HIGH WIRE NETWORKS, INC.",HWNI
HIGH-TREND,HTCO
HIGH-TREND INTERNATIONAL,HTCO
HIGH-TREND INTERNATIONAL GROUP,HTCO
HIGHLAND,HGLB
HIGHLAND,HFRO
HIGHLAND GLOBAL,HGLB
HIGHLAND GLOBAL ALLOCATION FUND,HGLB
HIGHLAND OPPORTUNITIES,HFRO
HIGHLAND OPPORTUNITIES  INCOME FUND,HFRO
HIGHLAND OPPORTUNITIES & INCOME FUND,HFRO
HIGHLANDER,HLSCF
HIGHLANDER SILVER,HLSCF
HIGHLANDER SILVER CORP,HLSCF
HIGHLANDER SILVER CORP.,HLSCF
HIGHPEAK,HPKEW
HIGHPEAK,HPK
HIGHPEAK ENERGY INC,HPK
HIGHPEAK ENERGY INC,HPKEW
"HIGHPEAK ENERGY,",HPK
"HIGHPEAK ENERGY,",HPKEW
"HIGHPEAK ENERGY, INC.",HPKEW
"HIGHPEAK ENERGY, INC.",HPK
HIGHTREND,HTCO
HIGHWAY,HGGCF
HIGHWAY,HIHO
HIGHWAY 50 GOLD CORP,HGGCF
HIGHWAY 50 GOLD CORP.,HGGCF
HIGHWAY HOLDINGS,HIHO
HIGHWAY HOLDINGS LTD,HIHO
HIGHWOODS,HIW
HIGHWOODS PROPERTIES INC,HIW
"HIGHWOODS PROPERTIES,",HIW
"HIGHWOODS PROPERTIES, INC.",HIW
HIGREAT GROUP HOLDING,HIGR
HILLCREST,HLRTF
HILLCREST ENERGY,HLRTF
HILLCREST ENERGY TECHNOLOGIES LTD,HLRTF
HILLCREST ENERGY TECHNOLOGIES LTD.,HLRTF
HILLENBRAND INC,HI
"HILLENBRAND,",HI
"HILLENBRAND, INC.",HI
HILLEVAX INC,HLVX
"HILLEVAX,",HLVX
"HILLEVAX, INC.",HLVX
HILLMAN,HLMN
HILLMAN SOLUTIONS,HLMN
HILLMAN SOLUTIONS CORP,HLMN
HILLMAN SOLUTIONS CORP.,HLMN
HILLS,HBIA
HILLS BANCORPORATION,HBIA
HILLTOP,HTH
HILLTOP HOLDINGS,HTH
HILLTOP HOLDINGS INC,HTH
HILLTOP HOLDINGS INC.,HTH
HILTON,HGV
HILTON,HLT
HILTON GRAND,HGV
HILTON GRAND VACATIONS INC,HGV
HILTON GRAND VACATIONS INC.,HGV
HILTON WORLDWIDE,HLT
HILTON WORLDWIDE HOLDINGS INC,HLT
HILTON WORLDWIDE HOLDINGS INC.,HLT
HIMALAYA,HSHP
HIMALAYA SHIPPING,HSHP
HIMALAYA SHIPPING LTD,HSHP
HIMALAYA SHIPPING LTD.,HSHP
HIMAX,HIMX
HIMAX TECHNOLOGIES INC,HIMX
"HIMAX TECHNOLOGIES,",HIMX
"HIMAX TECHNOLOGIES, INC.",HIMX
HIMS,HIMS
HIMS  HERS HEALTH INC,HIMS
"HIMS & HERS HEALTH, INC.",HIMS
HINGE,HNGE
HINGE HEALTH INC,HNGE
"HINGE HEALTH,",HNGE
"HINGE HEALTH, INC.",HNGE
HIPPO,HIPOW
HIPPO,HIPO
HIPPO HOLDINGS,HIPO
HIPPO HOLDINGS,HIPOW
HIPPO HOLDINGS INC,HIPOW
HIPPO HOLDINGS INC,HIPO
HIPPO HOLDINGS INC.,HIPOW
HIPPO HOLDINGS INC.,HIPO
HIREQUEST INC,HQI
"HIREQUEST,",HQI
"HIREQUEST, INC.",HQI
HIRU,HIRU
HIRU CORP,HIRU
HITACHI,HTHIF
HITACHI,HTHIY
HITACHI LTD,HTHIY
HITACHI LTD,HTHIF
HITEK,HKIT
HITEK GLOBAL,HKIT
HITEK GLOBAL INC,HKIT
HITEK GLOBAL INC.,HKIT
HIVE,HIVE
HIVE DIGITAL,HIVE
HIVE DIGITAL TECHNOLOGIES LTD,HIVE
HIVE DIGITAL TECHNOLOGIES LTD.,HIVE
HMH,HMH
HMH HOLDING,HMH
HMH HOLDING INC,HMH
HNI,HNI
HNI CORP,HNI
HNO,HNOI
HNO INTERNATIONAL INC,HNOI
"HNO INTERNATIONAL,",HNOI
"HNO INTERNATIONAL, INC.",HNOI
HOLD,HMELF
HOLD ME,HMELF
HOLD ME LTD,HMELF
HOLDCO,NUVOQ
HOLDCO,NUVWQ
HOLDCO NUVO,NUVOQ
HOLDCO NUVO,NUVWQ
HOLDCO NUVO GROUP D.G LTD.,NUVOQ
HOLDCO NUVO GROUP D.G LTD.,NUVWQ
HOLDCO NUVO GROUP DG LTD,NUVOQ
HOLDCO NUVO GROUP DG LTD,NUVWQ
HOLISTIC,HAFG
HOLISTIC ASSET,HAFG
HOLISTIC ASSET FINANCE GROUP CO LTD,HAFG
"HOLISTIC ASSET FINANCE GROUP CO., LTD.",HAFG
HOLLEY,HLLY
HOLLEY INC,HLLY
HOLLEY INC.,HLLY
HOLOGIC,HOLX
HOLOGIC INC,HOLX
HOME,HFBL
HOME,HOMB
HOME,HBCP
HOME,HD
HOME BANCORP INC,HBCP
"HOME BANCORP,",HBCP
"HOME BANCORP, INC.",HBCP
HOME BANCSHARES,HOMB
HOME BANCSHARES INC,HOMB
HOME DEPOT INC,HD
"HOME DEPOT,",HD
"HOME DEPOT, INC.",HD
HOME FEDERAL,HFBL
HOME FEDERAL BANCORP INC OF LOUISIANA,HFBL
"HOME FEDERAL BANCORP, INC. OF LOUISIANA",HFBL
HOMESTOLIFE,HTLM
HOMESTOLIFE LTD,HTLM
HOMESTREET INC,HMST
"HOMESTREET,",HMST
"HOMESTREET, INC.",HMST
HOMETRUST,HTB
HOMETRUST BANCSHARES INC,HTB
"HOMETRUST BANCSHARES,",HTB
"HOMETRUST BANCSHARES, INC.",HTB
HONDA,HNDAF
HONDA,HMC
HONDA MOTOR,HNDAF
HONDA MOTOR,HMC
HONDA MOTOR CO,HNDAF
HONDA MOTOR CO,HMC
HONDA MOTOR CO LTD,HMC
HONDA MOTOR CO LTD,HNDAF
HONEST,HNST
HONEST COMPANY INC,HNST
"HONEST COMPANY,",HNST
"HONEST COMPANY, INC.",HNST
HONEYWELL,HON
HONEYWELL INTERNATIONAL,HON
HONEYWELL INTERNATIONAL INC,HON
HONG,HKPD
HONG,HGYN
HONG KONG,HKPD
HONG KONG PHARMA DIGITAL TECHNOLOGY,HKPD
HONG KONG PHARMA DIGITAL TECHNOLOGY HOLDINGS LTD,HKPD
HONG YUAN,HGYN
HONG YUAN HOLDING,HGYN
HONG YUAN HOLDING GROUP,HGYN
HONGKONG,HKHGF
HONGKONG,HNGKY
HONGKONG LAND,HKHGF
HONGKONG LAND,HNGKY
HONGKONG LAND HOLDINGS LTD /FI,HNGKY
HONGKONG LAND HOLDINGS LTD /FI,HKHGF
HONGKONG LAND HOLDINGS LTD FI,HNGKY
HONGKONG LAND HOLDINGS LTD FI,HKHGF
HONGLI,HLP
HONGLI GROUP,HLP
HONGLI GROUP INC,HLP
HONGLI GROUP INC.,HLP
HOOKER,HOFT
HOOKER FURNISHINGS,HOFT
HOOKER FURNISHINGS CORP,HOFT
HOOKIPA,HOOK
HOOKIPA PHARMA,HOOK
HOOKIPA PHARMA INC,HOOK
HOOKIPA PHARMA INC.,HOOK
HOPE,HOPE
HOPE BANCORP,HOPE
HOPE BANCORP INC,HOPE
HORACE,HMN
HORACE MANN,HMN
HORACE MANN EDUCATORS CORP /DE/,HMN
HORACE MANN EDUCATORS CORP DE,HMN
HORIZON,HSPT
HORIZON,HSPOR
HORIZON,HTFC
HORIZON,HKHC
HORIZON,HRZN
HORIZON,HSPO
HORIZON,HRZRF
HORIZON,HSPOU
HORIZON,HZRBY
HORIZON,HSPOW
HORIZON,HBNC
HORIZON,HSPTR
HORIZON,HSPTU
HORIZON,HTFB
HORIZON BANCORP,HBNC
HORIZON BANCORP INC /IN/,HBNC
HORIZON BANCORP INC IN,HBNC
HORIZON KINETICS,HKHC
HORIZON KINETICS HOLDING,HKHC
HORIZON KINETICS HOLDING CORP,HKHC
HORIZON ROBOTICS INCADR,HZRBY
HORIZON ROBOTICS INCADR,HRZRF
"HORIZON ROBOTICS,",HRZRF
"HORIZON ROBOTICS,",HZRBY
"HORIZON ROBOTICS, INC./ADR",HRZRF
"HORIZON ROBOTICS, INC./ADR",HZRBY
HORIZON SPACE,HSPOR
HORIZON SPACE,HSPOW
HORIZON SPACE,HSPT
HORIZON SPACE,HSPO
HORIZON SPACE,HSPTR
HORIZON SPACE,HSPOU
HORIZON SPACE,HSPTU
HORIZON SPACE ACQUISITION I CORP,HSPO
HORIZON SPACE ACQUISITION I CORP,HSPOR
HORIZON SPACE ACQUISITION I CORP,HSPOW
HORIZON SPACE ACQUISITION I CORP,HSPOU
HORIZON SPACE ACQUISITION I CORP.,HSPO
HORIZON SPACE ACQUISITION I CORP.,HSPOR
HORIZON SPACE ACQUISITION I CORP.,HSPOW
HORIZON SPACE ACQUISITION I CORP.,HSPOU
HORIZON SPACE ACQUISITION II CORP,HSPTU
HORIZON SPACE ACQUISITION II CORP,HSPTR
HORIZON SPACE ACQUISITION II CORP,HSPT
HORIZON SPACE ACQUISITION II CORP.,HSPTU
HORIZON SPACE ACQUISITION II CORP.,HSPTR
HORIZON SPACE ACQUISITION II CORP.,HSPT
HORIZON TECHNOLOGY,HTFB
HORIZON TECHNOLOGY,HRZN
HORIZON TECHNOLOGY,HTFC
HORIZON TECHNOLOGY FINANCE,HTFB
HORIZON TECHNOLOGY FINANCE,HTFC
HORIZON TECHNOLOGY FINANCE,HRZN
HORIZON TECHNOLOGY FINANCE CORP,HRZN
HORIZON TECHNOLOGY FINANCE CORP,HTFC
HORIZON TECHNOLOGY FINANCE CORP,HTFB
HORMEL,HRL
HORMEL FOODS,HRL
HORMEL FOODS CORP /DE/,HRL
HORMEL FOODS CORP DE,HRL
HORTON,DHI
HORTON D R INC /DE/,DHI
HORTON D R INC DE,DHI
HOST,HST
HOST HOTELS,HST
HOST HOTELS  RESORTS INC,HST
"HOST HOTELS & RESORTS, INC.",HST
HOT,HHLKF
HOT CHILI,HHLKF
HOT CHILI LTD,HHLKF
HOTEL101,HBNB
HOTEL101 GLOBAL,HBNB
HOTEL101 GLOBAL HOLDINGS CORP,HBNB
HOTEL101 GLOBAL HOLDINGS CORP.,HBNB
HOTH,HOTH
HOTH THERAPEUTICS INC,HOTH
"HOTH THERAPEUTICS,",HOTH
"HOTH THERAPEUTICS, INC.",HOTH
HOULIHAN,HLI
HOULIHAN LOKEY INC,HLI
"HOULIHAN LOKEY,",HLI
"HOULIHAN LOKEY, INC.",HLI
HOUR,HOUR
HOUR LOOP,HOUR
"HOUR LOOP,",HOUR
"HOUR LOOP, INC",HOUR
HOUSTON,HUSA
HOUSTON AMERICAN,HUSA
HOUSTON AMERICAN ENERGY,HUSA
HOUSTON AMERICAN ENERGY CORP,HUSA
HOVNANIAN,HOVNP
HOVNANIAN,HOVVB
HOVNANIAN,HOV
HOVNANIAN ENTERPRISES,HOV
HOVNANIAN ENTERPRISES,HOVNP
HOVNANIAN ENTERPRISES,HOVVB
HOVNANIAN ENTERPRISES INC,HOV
HOVNANIAN ENTERPRISES INC,HOVNP
HOVNANIAN ENTERPRISES INC,HOVVB
HOWARD,HHH
HOWARD HUGHES,HHH
HOWARD HUGHES HOLDINGS INC,HHH
HOWARD HUGHES HOLDINGS INC.,HHH
HOWMET,HWM-P
HOWMET,HWM
HOWMET AEROSPACE,HWM-P
HOWMET AEROSPACE,HWM
HOWMET AEROSPACE INC,HWM
HOWMET AEROSPACE INC,HWM-P
HOWMET AEROSPACE INC.,HWM-P
HOWMET AEROSPACE INC.,HWM
HP,HPQ
HP INC,HPQ
HR BLOCK,HRB
HSBC,HBCYF
HSBC,HSBC
HSBC HOLDINGS,HBCYF
HSBC HOLDINGS,HSBC
HSBC HOLDINGS PLC,HBCYF
HSBC HOLDINGS PLC,HSBC
HST,HSTC
HST GLOBAL INC,HSTC
"HST GLOBAL,",HSTC
"HST GLOBAL, INC.",HSTC
HUACHEN,HCAI
HUACHEN AI PARKING MANAGEMENT TECHNOLOGY HOLDING CO,HCAI
"HUACHEN AI PARKING MANAGEMENT TECHNOLOGY HOLDING CO., LTD",HCAI
HUADI,HUDI
HUADI INTERNATIONAL,HUDI
HUADI INTERNATIONAL GROUP CO LTD,HUDI
"HUADI INTERNATIONAL GROUP CO., LTD.",HUDI
HUAHUI,HHEGF
HUAHUI EDUCATION,HHEGF
HUAHUI EDUCATION GROUP LTD,HHEGF
HUANENG,HUNGF
HUANENG POWER,HUNGF
HUANENG POWER INTERNATIONAL INC,HUNGF
HUB,HUBG
HUB,HUBC
HUB,HUBCZ
HUB,HUBCW
HUB CYBER,HUBC
HUB CYBER,HUBCZ
HUB CYBER,HUBCW
HUB CYBER SECURITY LTD,HUBC
HUB CYBER SECURITY LTD,HUBCW
HUB CYBER SECURITY LTD,HUBCZ
HUB CYBER SECURITY LTD.,HUBCW
HUB CYBER SECURITY LTD.,HUBCZ
HUB CYBER SECURITY LTD.,HUBC
HUB GROUP INC,HUBG
"HUB GROUP,",HUBG
"HUB GROUP, INC.",HUBG
HUBBELL,HUBB
HUBBELL INC,HUBB
HUBILU,HBUV
HUBILU VENTURE,HBUV
HUBILU VENTURE CORP,HBUV
HUBSPOT,HUBS
HUBSPOT INC,HUBS
HUDBAY,HBM
HUDBAY MINERALS,HBM
HUDBAY MINERALS INC,HBM
HUDBAY MINERALS INC.,HBM
HUDSON,HSON
HUDSON,HDSN
HUDSON,HPP
HUDSON GLOBAL INC,HSON
"HUDSON GLOBAL,",HSON
"HUDSON GLOBAL, INC.",HSON
HUDSON PACIFIC,HPP
HUDSON PACIFIC PROPERTIES INC,HPP
"HUDSON PACIFIC PROPERTIES, INC.",HPP
HUDSON TECHNOLOGIES,HDSN
HUDSON TECHNOLOGIES INC /NY,HDSN
HUDSON TECHNOLOGIES INC NY,HDSN
HUGOTON,HGTXU
HUGOTON ROYALTY,HGTXU
HUGOTON ROYALTY TRUST,HGTXU
HUHTAMAKI,HMKIY
HUHTAMAKI,HOYFF
HUHTAMAKI OYJ/ADR,HMKIY
HUHTAMAKI OYJ/ADR,HOYFF
HUHTAMAKI OYJADR,HMKIY
HUHTAMAKI OYJADR,HOYFF
HUHUTECH,HUHU
HUHUTECH INTERNATIONAL,HUHU
HUHUTECH INTERNATIONAL GROUP INC,HUHU
HUHUTECH INTERNATIONAL GROUP INC.,HUHU
HUINENG,HNIT
HUINENG TECHNOLOGY,HNIT
HUINENG TECHNOLOGY CORP,HNIT
HUIZE,HUIZ
HUIZE HOLDING,HUIZ
HUIZE HOLDING LTD,HUIZ
HUMACYTE INC,HUMA
HUMACYTE INC,HUMAW
"HUMACYTE,",HUMAW
"HUMACYTE,",HUMA
"HUMACYTE, INC.",HUMAW
"HUMACYTE, INC.",HUMA
HUMANA,HUM
HUMANA INC,HUM
HUMBL INC,HMBL
"HUMBL,",HMBL
"HUMBL, INC.",HMBL
HUNT,JBHT
HUNT J B TRANSPORT,JBHT
HUNT J B TRANSPORT SERVICES INC,JBHT
HUNTINGTON,HBAN
HUNTINGTON,HII
HUNTINGTON,HBANL
HUNTINGTON,HBANP
HUNTINGTON,HBANM
HUNTINGTON BANCSHARES,HBAN
HUNTINGTON BANCSHARES,HBANL
HUNTINGTON BANCSHARES,HBANM
HUNTINGTON BANCSHARES,HBANP
HUNTINGTON BANCSHARES INC /MD/,HBANM
HUNTINGTON BANCSHARES INC /MD/,HBANP
HUNTINGTON BANCSHARES INC /MD/,HBANL
HUNTINGTON BANCSHARES INC /MD/,HBAN
HUNTINGTON BANCSHARES INC MD,HBANP
HUNTINGTON BANCSHARES INC MD,HBANM
HUNTINGTON BANCSHARES INC MD,HBANL
HUNTINGTON BANCSHARES INC MD,HBAN
HUNTINGTON INGALLS,HII
HUNTINGTON INGALLS INDUSTRIES INC,HII
"HUNTINGTON INGALLS INDUSTRIES, INC.",HII
HUNTSMAN,BBBMF
HUNTSMAN,HUN
HUNTSMAN CORP,HUN
HUNTSMAN EXPLORATION,BBBMF
HUNTSMAN EXPLORATION INC,BBBMF
HUNTSMAN EXPLORATION INC.,BBBMF
HURCO,HURC
HURCO COMPANIES,HURC
HURCO COMPANIES INC,HURC
HURON,HURN
HURON CONSULTING,HURN
HURON CONSULTING GROUP INC,HURN
HURON CONSULTING GROUP INC.,HURN
HUT,HUT
HUT 8 CORP,HUT
HUT 8 CORP.,HUT
HUTCHMED,HMDCF
HUTCHMED,HCM
HUTCHMED (CHINA),HCM
HUTCHMED (CHINA),HMDCF
HUTCHMED (CHINA) LTD,HMDCF
HUTCHMED (CHINA) LTD,HCM
HUTCHMED CHINA,HCM
HUTCHMED CHINA,HMDCF
HUYA,HUYA
HUYA INC,HUYA
HUYA INC.,HUYA
HW ELECTRO CO LTD,HWEP
"HW ELECTRO CO., LTD.",HWEP
HWH,HWH
HWH INTERNATIONAL,HWH
HWH INTERNATIONAL INC,HWH
HWH INTERNATIONAL INC.,HWH
HYATT,H
HYATT HOTELS,H
HYATT HOTELS CORP,H
HYCROFT,HYMC
HYCROFT,HYMCL
HYCROFT MINING,HYMCL
HYCROFT MINING,HYMC
HYCROFT MINING HOLDING,HYMCL
HYCROFT MINING HOLDING,HYMC
HYCROFT MINING HOLDING CORP,HYMC
HYCROFT MINING HOLDING CORP,HYMCL
HYDREIGHT,HYDTF
HYDREIGHT TECHNOLOGIES,HYDTF
HYDREIGHT TECHNOLOGIES INC,HYDTF
HYDREIGHT TECHNOLOGIES INC.,HYDTF
HYDRO,HRNNF
HYDRO ONE,HRNNF
HYDRO ONE LTD,HRNNF
HYDROFARM,HYFM
HYDROFARM HOLDINGS,HYFM
HYDROFARM HOLDINGS GROUP INC,HYFM
"HYDROFARM HOLDINGS GROUP, INC.",HYFM
HYLIION,HYLN
HYLIION HOLDINGS,HYLN
HYLIION HOLDINGS CORP,HYLN
HYLIION HOLDINGS CORP.,HYLN
HYORC,ASPZ
HYORC CORP,ASPZ
HYPERFINE INC,HYPR
"HYPERFINE,",HYPR
"HYPERFINE, INC.",HYPR
HYPERMARCAS,HYPMY
HYPERMARCAS S.A.,HYPMY
HYPERMARCAS SA,HYPMY
HYPERSCALE,GPUS
HYPERSCALE DATA INC,GPUS
"HYPERSCALE DATA,",GPUS
"HYPERSCALE DATA, INC.",GPUS
HYPHA,FUNI
HYPHA LABS INC,FUNI
"HYPHA LABS,",FUNI
"HYPHA LABS, INC.",FUNI
"HYSTER-YALE,",HY
"HYSTER-YALE, INC.",HY
HYSTERYALE INC,HY
I-80,IAUX
I-80 GOLD,IAUX
I-80 GOLD CORP.,IAUX
I-MAB,IMAB
I-ON,IONI
I-ON DIGITAL,IONI
I-ON DIGITAL CORP.,IONI
I3 VERTICALS INC,IIIV
"I3 VERTICALS, INC.",IIIV
I80 GOLD CORP,IAUX
IAC,IAC
IAC INC,IAC
IAC INC.,IAC
IAMGOLD,IAG
IAMGOLD CORP,IAG
IANTHUS,ITHUF
IANTHUS CAPITAL,ITHUF
IANTHUS CAPITAL HOLDINGS INC,ITHUF
"IANTHUS CAPITAL HOLDINGS, INC.",ITHUF
IB ACQUISITION CORP,IBAC
IB ACQUISITION CORP,IBACR
IB ACQUISITION CORP.,IBAC
IB ACQUISITION CORP.,IBACR
IBERAMERICAN,IBRLF
IBERAMERICAN LITHIUM,IBRLF
IBERAMERICAN LITHIUM INC,IBRLF
IBEX,IBEX
IBEX LTD,IBEX
IBIO INC,IBIO
"IBIO,",IBIO
"IBIO, INC.",IBIO
IBOTTA INC,IBTA
"IBOTTA,",IBTA
"IBOTTA, INC.",IBTA
ICAD,ICAD
ICAD INC,ICAD
ICAHN,IEP
ICAHN ENTERPRISES,IEP
ICAHN ENTERPRISES L.P.,IEP
ICECURE,ICCM
ICECURE MEDICAL,ICCM
ICECURE MEDICAL LTD,ICCM
ICECURE MEDICAL LTD.,ICCM
ICF,ICFI
ICF INTERNATIONAL INC,ICFI
"ICF INTERNATIONAL,",ICFI
"ICF INTERNATIONAL, INC.",ICFI
ICHOR,ICHR
ICHOR HOLDINGS LTD,ICHR
"ICHOR HOLDINGS,",ICHR
"ICHOR HOLDINGS, LTD.",ICHR
ICICI,IBN
ICICI BANK,IBN
ICICI BANK LTD,IBN
ICL,ICL
ICL GROUP,ICL
ICL GROUP LTD,ICL
ICL GROUP LTD.,ICL
ICON,ICON
ICON,ICLR
ICON ENERGY,ICON
ICON ENERGY CORP,ICON
ICON PLC,ICLR
ICORECONNECT,ICCT
ICORECONNECT INC,ICCT
ICORECONNECT INC.,ICCT
ICTS,ICTSF
ICTS INTERNATIONAL,ICTSF
ICTS INTERNATIONAL N V,ICTSF
ICU,ICUI
ICU MEDICAL,ICUI
ICU MEDICAL INC/DE,ICUI
ICU MEDICAL INCDE,ICUI
ICZOOM,IZM
ICZOOM GROUP,IZM
ICZOOM GROUP INC,IZM
ICZOOM GROUP INC.,IZM
IDACORP,IDA
IDACORP INC,IDA
IDAHO,COPR
IDAHO,IDR
IDAHO COPPER,COPR
IDAHO COPPER CORP,COPR
IDAHO STRATEGIC,IDR
IDAHO STRATEGIC RESOURCES INC,IDR
"IDAHO STRATEGIC RESOURCES, INC.",IDR
IDEAL,IPWR
IDEAL POWER,IPWR
IDEAL POWER INC,IPWR
IDEAL POWER INC.,IPWR
IDEAYA,IDYA
IDEAYA BIOSCIENCES INC,IDYA
"IDEAYA BIOSCIENCES,",IDYA
"IDEAYA BIOSCIENCES, INC.",IDYA
IDEMITSU,IDKOF
IDEMITSU,IDKOY
IDEMITSU KOSAN,IDKOY
IDEMITSU KOSAN,IDKOF
IDEMITSU KOSAN CO,IDKOY
IDEMITSU KOSAN CO,IDKOF
"IDEMITSU KOSAN CO., LTD",IDKOY
"IDEMITSU KOSAN CO., LTD",IDKOF
IDENTIV INC,INVE
"IDENTIV,",INVE
"IDENTIV, INC.",INVE
IDEX,IEX
IDEX CORP,IEX
IDEX CORP /DE/,IEX
IDEX CORP DE,IEX
IDEXX,IDXX
IDEXX LABORATORIES,IDXX
IDEXX LABORATORIES INC /DE,IDXX
IDEXX LABORATORIES INC DE,IDXX
IDP,IDPEY
IDP,IDPUF
IDP EDUCATION,IDPEY
IDP EDUCATION,IDPUF
IDP EDUCATION LTD./ADR,IDPUF
IDP EDUCATION LTD./ADR,IDPEY
IDP EDUCATION LTDADR,IDPUF
IDP EDUCATION LTDADR,IDPEY
IDT,IDT
IDT CORP,IDT
IDW,IDWM
IDW MEDIA,IDWM
IDW MEDIA HOLDINGS INC,IDWM
"IDW MEDIA HOLDINGS, INC.",IDWM
IEH,IEHC
IEH CORP,IEHC
IES,IESC
IES HOLDINGS INC,IESC
"IES HOLDINGS,",IESC
"IES HOLDINGS, INC.",IESC
IF BANCORP INC,IROQ
"IF BANCORP, INC.",IROQ
IGC,IGC
IGC PHARMA INC,IGC
"IGC PHARMA,",IGC
"IGC PHARMA, INC.",IGC
IGM,IGMS
IGM BIOSCIENCES INC,IGMS
"IGM BIOSCIENCES,",IGMS
"IGM BIOSCIENCES, INC.",IGMS
IGTA,PRGY
IGTA MERGER,PRGY
IGTA MERGER SUB,PRGY
IGTA MERGER SUB LTD,PRGY
IHEARTMEDIA INC,IHETW
IHEARTMEDIA INC,IHRTB
IHEARTMEDIA INC,IHRT
"IHEARTMEDIA,",IHETW
"IHEARTMEDIA,",IHRT
"IHEARTMEDIA,",IHRTB
"IHEARTMEDIA, INC.",IHETW
"IHEARTMEDIA, INC.",IHRT
"IHEARTMEDIA, INC.",IHRTB
IHI,IHICF
IHI CORPORATION/ADR,IHICF
IHI CORPORATIONADR,IHICF
IHS,IHS
IHS HOLDING,IHS
IHS HOLDING LTD,IHS
IHUMAN,IH
IHUMAN INC,IH
IHUMAN INC.,IH
"IIOT-OXYS,",ITOX
"IIOT-OXYS, INC.",ITOX
IIOTOXYS INC,ITOX
IKENA,IKNA
IKENA ONCOLOGY INC,IKNA
"IKENA ONCOLOGY,",IKNA
"IKENA ONCOLOGY, INC.",IKNA
ILLINOIS,ITW
ILLINOIS TOOL,ITW
ILLINOIS TOOL WORKS,ITW
ILLINOIS TOOL WORKS INC,ITW
ILLUMIN,ILLMF
ILLUMIN HOLDINGS,ILLMF
ILLUMIN HOLDINGS INC,ILLMF
ILLUMIN HOLDINGS INC.,ILLMF
ILLUMINA INC,ILMN
"ILLUMINA,",ILMN
"ILLUMINA, INC.",ILMN
ILUSTRATO,ILUS
ILUSTRATO PICTURES,ILUS
ILUSTRATO PICTURES INTERNATIONAL INC,ILUS
ILUSTRATO PICTURES INTERNATIONAL INC.,ILUS
IM CANNABIS CORP,IMCC
IM CANNABIS CORP.,IMCC
IMAB,IMAB
IMAC,BACK
IMAC HOLDINGS INC,BACK
"IMAC HOLDINGS,",BACK
"IMAC HOLDINGS, INC.",BACK
IMAX,IMAX
IMAX CORP,IMAX
IMMATICS,IMTX
IMMATICS,IMTXW
IMMATICS N.V.,IMTX
IMMATICS N.V.,IMTXW
IMMATICS NV,IMTXW
IMMATICS NV,IMTX
IMMERSION,IMMR
IMMERSION CORP,IMMR
IMMIX,IMMX
IMMIX BIOPHARMA INC,IMMX
"IMMIX BIOPHARMA,",IMMX
"IMMIX BIOPHARMA, INC.",IMMX
IMMUCELL,ICCC
IMMUCELL CORP,ICCC
IMMUCELL CORP /DE/,ICCC
IMMUCELL CORP DE,ICCC
IMMUNEERING,IMRX
IMMUNEERING CORP,IMRX
IMMUNIC INC,IMUX
"IMMUNIC,",IMUX
"IMMUNIC, INC.",IMUX
IMMUNITYBIO INC,IBRX
"IMMUNITYBIO,",IBRX
"IMMUNITYBIO, INC.",IBRX
IMMUNOCORE,IMCR
IMMUNOCORE HOLDINGS,IMCR
IMMUNOCORE HOLDINGS PLC,IMCR
IMMUNOME,IMNM
IMMUNOME INC,IMNM
IMMUNOME INC.,IMNM
IMMUNOPRECISE,IPA
IMMUNOPRECISE ANTIBODIES,IPA
IMMUNOPRECISE ANTIBODIES LTD,IPA
IMMUNOPRECISE ANTIBODIES LTD.,IPA
IMMUNOVANT INC,IMVT
"IMMUNOVANT,",IMVT
"IMMUNOVANT, INC.",IMVT
IMMURON,IMRN
IMMURON LTD,IMRN
IMMUTEP,PRRUF
IMMUTEP,IMMP
IMMUTEP LTD,PRRUF
IMMUTEP LTD,IMMP
IMPAC,IMPM
IMPAC MORTGAGE,IMPM
IMPAC MORTGAGE HOLDINGS INC,IMPM
IMPACT,IPTNF
IMPACT,IBO
IMPACT ANALYTICS,IPTNF
IMPACT ANALYTICS INC,IPTNF
IMPACT ANALYTICS INC.,IPTNF
IMPACT BIOMEDICAL,IBO
IMPACT BIOMEDICAL INC,IBO
IMPACT BIOMEDICAL INC.,IBO
IMPERIAL,IMO
IMPERIAL,IMPP
IMPERIAL,IMPPP
IMPERIAL OIL,IMO
IMPERIAL OIL LTD,IMO
IMPERIAL PETROLEUM,IMPP
IMPERIAL PETROLEUM,IMPPP
IMPERIAL PETROLEUM INC./MARSHALL ISLANDS,IMPP
IMPERIAL PETROLEUM INC./MARSHALL ISLANDS,IMPPP
IMPERIAL PETROLEUM INCMARSHALL ISLANDS,IMPP
IMPERIAL PETROLEUM INCMARSHALL ISLANDS,IMPPP
IMPINJ,PI
IMPINJ INC,PI
IMUNON INC,IMNN
"IMUNON,",IMNN
"IMUNON, INC.",IMNN
IN8BIO INC,INAB
"IN8BIO,",INAB
"IN8BIO, INC.",INAB
INCANNEX,IXHL
INCANNEX HEALTHCARE,IXHL
INCANNEX HEALTHCARE INC,IXHL
INCANNEX HEALTHCARE INC.,IXHL
INCEPTION,IGTAR
INCEPTION,IGTA
INCEPTION,IGTAU
INCEPTION,IGTAW
INCEPTION GROWTH,IGTAU
INCEPTION GROWTH,IGTA
INCEPTION GROWTH,IGTAR
INCEPTION GROWTH,IGTAW
INCEPTION GROWTH ACQUISITION,IGTAR
INCEPTION GROWTH ACQUISITION,IGTAW
INCEPTION GROWTH ACQUISITION,IGTA
INCEPTION GROWTH ACQUISITION,IGTAU
INCEPTION GROWTH ACQUISITION LTD,IGTAU
INCEPTION GROWTH ACQUISITION LTD,IGTAR
INCEPTION GROWTH ACQUISITION LTD,IGTA
INCEPTION GROWTH ACQUISITION LTD,IGTAW
INCOME,IOR
INCOME OPPORTUNITY,IOR
INCOME OPPORTUNITY REALTY INVESTORS INC /TX/,IOR
INCOME OPPORTUNITY REALTY INVESTORS INC TX,IOR
INCYTE,INCY
INCYTE CORP,INCY
INDAPTUS,INDP
INDAPTUS THERAPEUTICS INC,INDP
"INDAPTUS THERAPEUTICS,",INDP
"INDAPTUS THERAPEUTICS, INC.",INDP
INDEPENDENCE,IEGCF
INDEPENDENCE,IRT
INDEPENDENCE GOLD,IEGCF
INDEPENDENCE GOLD CORP,IEGCF
INDEPENDENCE GOLD CORP.,IEGCF
INDEPENDENCE REALTY,IRT
INDEPENDENCE REALTY TRUST INC,IRT
"INDEPENDENCE REALTY TRUST, INC.",IRT
INDEPENDENT,INDB
INDEPENDENT,IBCP
INDEPENDENT BANK,IBCP
INDEPENDENT BANK,INDB
INDEPENDENT BANK CORP,INDB
INDEPENDENT BANK CORP /MI/,IBCP
INDEPENDENT BANK CORP MI,IBCP
INDIA,IFN
INDIA FUND INC,IFN
"INDIA FUND,",IFN
"INDIA FUND, INC.",IFN
INDIE,INDI
INDIE SEMICONDUCTOR INC,INDI
"INDIE SEMICONDUCTOR,",INDI
"INDIE SEMICONDUCTOR, INC.",INDI
INDIGO,INAC
INDIGO ACQUISITION,INAC
INDIGO ACQUISITION CORP,INAC
INDIGO ACQUISITION CORP.,INAC
INDIVIOR,INDV
INDIVIOR PLC,INDV
INDONESIA,INDO
INDONESIA ENERGY,INDO
INDONESIA ENERGY CORP,INDO
INDONESIA ENERGY CORP LTD,INDO
INDUSTRIA,IDEXF
INDUSTRIA DE DISENO TEXTIL INDITEX SA  ADR,IDEXF
INDUSTRIA DE DISENO TEXTIL INDITEX SA / ADR,IDEXF
INDUSTRIAL,ILPT
INDUSTRIAL LOGISTICS,ILPT
INDUSTRIAL LOGISTICS PROPERTIES TRUST,ILPT
INFICON,IFHLY
INFICON,IFCNF
INFICON HOLDING,IFCNF
INFICON HOLDING,IFHLY
INFICON HOLDING AG/ADR,IFHLY
INFICON HOLDING AG/ADR,IFCNF
INFICON HOLDING AGADR,IFCNF
INFICON HOLDING AGADR,IFHLY
INFINEON,IFNNF
INFINEON,IFNNY
INFINEON TECHNOLOGIES,IFNNY
INFINEON TECHNOLOGIES,IFNNF
INFINEON TECHNOLOGIES AG,IFNNF
INFINEON TECHNOLOGIES AG,IFNNY
INFINITY,INFT
INFINITY,INR
INFINITY BANCORP,INFT
INFINITY NATURAL,INR
INFINITY NATURAL RESOURCES INC,INR
"INFINITY NATURAL RESOURCES, INC.",INR
INFLARX,IFRX
INFLARX N.V.,IFRX
INFLARX NV,IFRX
INFLECTION,IPCXR
INFLECTION,IPCXU
INFLECTION,IPCX
INFLECTION POINT,IPCXR
INFLECTION POINT,IPCX
INFLECTION POINT,IPCXU
INFLECTION POINT ACQUISITION CORP III,IPCXU
INFLECTION POINT ACQUISITION CORP III,IPCX
INFLECTION POINT ACQUISITION CORP III,IPCXR
INFLECTION POINT ACQUISITION CORP. III,IPCXU
INFLECTION POINT ACQUISITION CORP. III,IPCXR
INFLECTION POINT ACQUISITION CORP. III,IPCX
INFOBIRD,IFBD
INFOBIRD CO,IFBD
"INFOBIRD CO.,",IFBD
"INFOBIRD CO., LTD",IFBD
INFORMATICA,INFA
INFORMATICA INC,INFA
INFORMATICA INC.,INFA
INFORMATION,III
INFORMATION SERVICES,III
INFORMATION SERVICES GROUP INC,III
INFORMATION SERVICES GROUP INC.,III
INFOSYS,INFY
INFOSYS LTD,INFY
INFUSYSTEM,INFU
INFUSYSTEM HOLDINGS,INFU
"INFUSYSTEM HOLDINGS,",INFU
"INFUSYSTEM HOLDINGS, INC",INFU
ING,ING
ING,INGVF
ING GROEP,ING
ING GROEP,INGVF
ING GROEP NV,ING
ING GROEP NV,INGVF
INGERSOLL,IR
INGERSOLL RAND,IR
INGERSOLL RAND INC,IR
INGERSOLL RAND INC.,IR
INGEVITY,NGVT
INGEVITY CORP,NGVT
INGLES,IMKTA
INGLES MARKETS,IMKTA
INGLES MARKETS INC,IMKTA
INGRAM,INGM
INGRAM MICRO,INGM
INGRAM MICRO HOLDING,INGM
INGRAM MICRO HOLDING CORP,INGM
INGREDION,INGR
INGREDION INC,INGR
INHIBIKASE,IKT
INHIBIKASE THERAPEUTICS INC,IKT
"INHIBIKASE THERAPEUTICS,",IKT
"INHIBIKASE THERAPEUTICS, INC.",IKT
INHIBITOR,INTI
INHIBITOR THERAPEUTICS INC,INTI
"INHIBITOR THERAPEUTICS,",INTI
"INHIBITOR THERAPEUTICS, INC.",INTI
INHIBRX,INBX
INHIBRX BIOSCIENCES INC,INBX
"INHIBRX BIOSCIENCES,",INBX
"INHIBRX BIOSCIENCES, INC.",INBX
INLAND,INRE
INLAND REAL,INRE
INLAND REAL ESTATE INCOME TRUST INC,INRE
"INLAND REAL ESTATE INCOME TRUST, INC.",INRE
INLIF,INLF
INLIF LTD,INLF
INMED,INM
INMED PHARMACEUTICALS,INM
INMED PHARMACEUTICALS INC,INM
INMED PHARMACEUTICALS INC.,INM
INMODE,INMD
INMODE LTD,INMD
INMODE LTD.,INMD
INMUNE,INMB
INMUNE BIO INC,INMB
"INMUNE BIO,",INMB
"INMUNE BIO, INC.",INMB
INNATE,IPHA
INNATE,IPHYF
INNATE PHARMA,IPHYF
INNATE PHARMA,IPHA
INNATE PHARMA SA,IPHA
INNATE PHARMA SA,IPHYF
INNEOVA,INEO
INNEOVA HOLDINGS,INEO
INNEOVA HOLDINGS LTD,INEO
INNERSCOPE,INND
INNERSCOPE HEARING,INND
INNERSCOPE HEARING TECHNOLOGIES INC,INND
"INNERSCOPE HEARING TECHNOLOGIES, INC.",INND
INNO,INHD
INNO HOLDINGS,INHD
INNO HOLDINGS INC,INHD
INNO HOLDINGS INC.,INHD
INNODATA,INOD
INNODATA INC,INOD
INNOSPEC,IOSP
INNOSPEC INC,IOSP
INNOSPEC INC.,IOSP
INNOVAGE,INNV
INNOVAGE HOLDING,INNV
INNOVAGE HOLDING CORP,INNV
INNOVAGE HOLDING CORP.,INNV
INNOVARO INC,INNI
"INNOVARO,",INNI
"INNOVARO, INC.",INNI
INNOVATE,VATE
INNOVATE CORP,VATE
INNOVATE CORP.,VATE
INNOVATION,IBG
INNOVATION BEVERAGE,IBG
INNOVATION BEVERAGE GROUP LTD,IBG
INNOVATIVE,LUCY
INNOVATIVE,LUCYW
INNOVATIVE,IVFH
INNOVATIVE,IPSI
INNOVATIVE,IIPR
INNOVATIVE,IMTH
INNOVATIVE,ISSC
INNOVATIVE,IVDN
INNOVATIVE DESIGNS,IVDN
INNOVATIVE DESIGNS INC,IVDN
INNOVATIVE EYEWEAR,LUCY
INNOVATIVE EYEWEAR,LUCYW
INNOVATIVE EYEWEAR INC,LUCY
INNOVATIVE EYEWEAR INC,LUCYW
INNOVATIVE FOOD,IVFH
INNOVATIVE FOOD HOLDINGS INC,IVFH
INNOVATIVE INDUSTRIAL,IIPR
INNOVATIVE INDUSTRIAL PROPERTIES INC,IIPR
INNOVATIVE MEDTECH INC,IMTH
"INNOVATIVE MEDTECH,",IMTH
"INNOVATIVE MEDTECH, INC.",IMTH
INNOVATIVE PAYMENT,IPSI
INNOVATIVE PAYMENT SOLUTIONS INC,IPSI
"INNOVATIVE PAYMENT SOLUTIONS, INC.",IPSI
INNOVATIVE SOLUTIONS,ISSC
INNOVATIVE SOLUTIONS  SUPPORT,ISSC
INNOVATIVE SOLUTIONS & SUPPORT INC,ISSC
INNOVEX,INVX
INNOVEX INTERNATIONAL INC,INVX
"INNOVEX INTERNATIONAL,",INVX
"INNOVEX INTERNATIONAL, INC.",INVX
INNOVIVA INC,INVA
"INNOVIVA,",INVA
"INNOVIVA, INC.",INVA
INNOVIZ,INVZW
INNOVIZ,INVZ
INNOVIZ TECHNOLOGIES,INVZW
INNOVIZ TECHNOLOGIES,INVZ
INNOVIZ TECHNOLOGIES LTD,INVZ
INNOVIZ TECHNOLOGIES LTD,INVZW
INNOVIZ TECHNOLOGIES LTD.,INVZ
INNOVIZ TECHNOLOGIES LTD.,INVZW
INNSUITES,IHT
INNSUITES HOSPITALITY,IHT
INNSUITES HOSPITALITY TRUST,IHT
INNVENTURE INC,INVLW
INNVENTURE INC,INV
"INNVENTURE,",INV
"INNVENTURE,",INVLW
"INNVENTURE, INC.",INVLW
"INNVENTURE, INC.",INV
INOGEN,INGN
INOGEN INC,INGN
INOTIV INC,NOTV
"INOTIV,",NOTV
"INOTIV, INC.",NOTV
INOVIO,INO
INOVIO PHARMACEUTICALS INC,INO
"INOVIO PHARMACEUTICALS,",INO
"INOVIO PHARMACEUTICALS, INC.",INO
INOZYME,INZY
INOZYME PHARMA INC,INZY
"INOZYME PHARMA,",INZY
"INOZYME PHARMA, INC.",INZY
INPOINT,ICRP
INPOINT COMMERCIAL,ICRP
INPOINT COMMERCIAL REAL ESTATE INCOME INC,ICRP
"INPOINT COMMERCIAL REAL ESTATE INCOME, INC.",ICRP
INSEEGO,INSG
INSEEGO CORP,INSG
INSEEGO CORP.,INSG
INSIGHT,NSIT
INSIGHT ENTERPRISES,NSIT
INSIGHT ENTERPRISES INC,NSIT
INSMED,INSM
INSMED INC,INSM
INSPERITY INC,NSP
"INSPERITY,",NSP
"INSPERITY, INC.",NSP
INSPIRA,IINNW
INSPIRA,IINN
INSPIRA TECHNOLOGIES,IINNW
INSPIRA TECHNOLOGIES,IINN
INSPIRA TECHNOLOGIES OXY B.H.N. LTD,IINNW
INSPIRA TECHNOLOGIES OXY B.H.N. LTD,IINN
INSPIRA TECHNOLOGIES OXY BHN,IINNW
INSPIRA TECHNOLOGIES OXY BHN,IINN
INSPIRATO,ISPOW
INSPIRATO,ISPO
INSPIRATO INC,ISPOW
INSPIRATO INC,ISPO
INSPIRE,INSP
INSPIRE,IVP
INSPIRE MEDICAL,INSP
INSPIRE MEDICAL SYSTEMS INC,INSP
"INSPIRE MEDICAL SYSTEMS, INC.",INSP
INSPIRE VETERINARY,IVP
INSPIRE VETERINARY PARTNERS INC,IVP
"INSPIRE VETERINARY PARTNERS, INC.",IVP
INSPIRED,INSE
INSPIRED ENTERTAINMENT INC,INSE
"INSPIRED ENTERTAINMENT,",INSE
"INSPIRED ENTERTAINMENT, INC.",INSE
INSPIREMD INC,NSPR
"INSPIREMD,",NSPR
"INSPIREMD, INC.",NSPR
INSTALLED,IBP
INSTALLED BUILDING,IBP
INSTALLED BUILDING PRODUCTS INC,IBP
"INSTALLED BUILDING PRODUCTS, INC.",IBP
INSTEEL,IIIN
INSTEEL INDUSTRIES,IIIN
INSTEEL INDUSTRIES INC,IIIN
INSTIL,TIL
INSTIL BIO INC,TIL
"INSTIL BIO,",TIL
"INSTIL BIO, INC.",TIL
INSULET,PODD
INSULET CORP,PODD
INSURAGUEST,ISGIF
INSURAGUEST TECHNOLOGIES,ISGIF
INSURAGUEST TECHNOLOGIES INC,ISGIF
INSURAGUEST TECHNOLOGIES INC.,ISGIF
INTAPP INC,INTA
"INTAPP,",INTA
"INTAPP, INC.",INTA
INTCHAINS,ICG
INTCHAINS GROUP,ICG
INTCHAINS GROUP LTD,ICG
INTEGER,ITGR
INTEGER HOLDINGS,ITGR
INTEGER HOLDINGS CORP,ITGR
INTEGRA,ITRG
INTEGRA,IART
INTEGRA LIFESCIENCES,IART
INTEGRA LIFESCIENCES HOLDINGS CORP,IART
INTEGRA RESOURCES,ITRG
INTEGRA RESOURCES CORP,ITRG
INTEGRA RESOURCES CORP.,ITRG
INTEGRAL,INTE
INTEGRAL,IAS
INTEGRAL,INTEU
INTEGRAL,INTEW
INTEGRAL ACQUISITION,INTE
INTEGRAL ACQUISITION,INTEW
INTEGRAL ACQUISITION,INTEU
INTEGRAL ACQUISITION CORP 1,INTEW
INTEGRAL ACQUISITION CORP 1,INTE
INTEGRAL ACQUISITION CORP 1,INTEU
INTEGRAL AD SCIENCE HOLDING CORP,IAS
INTEGRAL AD SCIENCE HOLDING CORP.,IAS
INTEGRATED,IMTE
INTEGRATED,IRRXW
INTEGRATED,WELUF
INTEGRATED,WELNF
INTEGRATED,IRRXU
INTEGRATED,WELWF
INTEGRATED,IGPK
INTEGRATED,INTV
INTEGRATED,IRRX
INTEGRATED,MWAI
INTEGRATED,INBP
INTEGRATED BIOPHARMA,INBP
INTEGRATED BIOPHARMA INC,INBP
INTEGRATED CANNABIS,IGPK
INTEGRATED CANNABIS SOLUTIONS INC,IGPK
"INTEGRATED CANNABIS SOLUTIONS, INC.",IGPK
INTEGRATED MEDIA,IMTE
INTEGRATED MEDIA TECHNOLOGY,IMTE
INTEGRATED MEDIA TECHNOLOGY LTD,IMTE
INTEGRATED RAIL,IRRXW
INTEGRATED RAIL,IRRXU
INTEGRATED RAIL,IRRX
INTEGRATED RAIL  RESOURCES ACQUISITION,IRRXU
INTEGRATED RAIL  RESOURCES ACQUISITION,IRRX
INTEGRATED RAIL  RESOURCES ACQUISITION,IRRXW
INTEGRATED RAIL & RESOURCES ACQUISITION CORP,IRRX
INTEGRATED RAIL & RESOURCES ACQUISITION CORP,IRRXU
INTEGRATED RAIL & RESOURCES ACQUISITION CORP,IRRXW
INTEGRATED VENTURES INC,INTV
INTEGRATED VENTURES INC,MWAI
"INTEGRATED VENTURES,",MWAI
"INTEGRATED VENTURES,",INTV
"INTEGRATED VENTURES, INC.",MWAI
"INTEGRATED VENTURES, INC.",INTV
INTEGRATED WELLNESS,WELNF
INTEGRATED WELLNESS,WELUF
INTEGRATED WELLNESS,WELWF
INTEGRATED WELLNESS ACQUISITION,WELWF
INTEGRATED WELLNESS ACQUISITION,WELUF
INTEGRATED WELLNESS ACQUISITION,WELNF
INTEGRATED WELLNESS ACQUISITION CORP,WELNF
INTEGRATED WELLNESS ACQUISITION CORP,WELWF
INTEGRATED WELLNESS ACQUISITION CORP,WELUF
INTEL,INTC
INTEL CORP,INTC
INTELLIA,NTLA
INTELLIA THERAPEUTICS INC,NTLA
"INTELLIA THERAPEUTICS,",NTLA
"INTELLIA THERAPEUTICS, INC.",NTLA
INTELLICHECK INC,IDN
"INTELLICHECK,",IDN
"INTELLICHECK, INC.",IDN
INTELLIGENT,ILAG
INTELLIGENT,INBS
INTELLIGENT,YCQH
INTELLIGENT,INTJ
INTELLIGENT,IPM
INTELLIGENT BIO,INBS
INTELLIGENT BIO SOLUTIONS INC,INBS
INTELLIGENT BIO SOLUTIONS INC.,INBS
INTELLIGENT GROUP,INTJ
INTELLIGENT GROUP LTD,INTJ
INTELLIGENT HOTEL,YCQH
INTELLIGENT HOTEL GROUP LTD,YCQH
INTELLIGENT HOTEL GROUP LTD.,YCQH
INTELLIGENT LIVING,ILAG
INTELLIGENT LIVING APPLICATION GROUP INC,ILAG
INTELLIGENT LIVING APPLICATION GROUP INC.,ILAG
INTELLIGENT PROTECTION,IPM
INTELLIGENT PROTECTION MANAGEMENT CORP,IPM
INTELLIGENT PROTECTION MANAGEMENT CORP.,IPM
INTELLINETICS INC,INLX
"INTELLINETICS,",INLX
"INTELLINETICS, INC.",INLX
INTENSITY,INTS
INTENSITY THERAPEUTICS INC,INTS
"INTENSITY THERAPEUTICS,",INTS
"INTENSITY THERAPEUTICS, INC.",INTS
INTER,INTR
INTER  CO INC,INTR
"INTER & CO, INC.",INTR
INTERACTIVE,IBKR
INTERACTIVE,TRNR
INTERACTIVE BROKERS,IBKR
INTERACTIVE BROKERS GROUP INC,IBKR
"INTERACTIVE BROKERS GROUP, INC.",IBKR
INTERACTIVE STRENGTH INC,TRNR
"INTERACTIVE STRENGTH,",TRNR
"INTERACTIVE STRENGTH, INC.",TRNR
INTERCONT,NCT
INTERCONT (CAYMAN),NCT
INTERCONT (CAYMAN) LTD,NCT
INTERCONT CAYMAN,NCT
INTERCONTINENTAL,IHG
INTERCONTINENTAL,ICE
INTERCONTINENTAL,ICHGF
INTERCONTINENTAL EXCHANGE INC,ICE
"INTERCONTINENTAL EXCHANGE,",ICE
"INTERCONTINENTAL EXCHANGE, INC.",ICE
INTERCONTINENTAL HOTELS,ICHGF
INTERCONTINENTAL HOTELS,IHG
INTERCONTINENTAL HOTELS GROUP PLC /NEW/,ICHGF
INTERCONTINENTAL HOTELS GROUP PLC /NEW/,IHG
INTERCONTINENTAL HOTELS GROUP PLC NEW,ICHGF
INTERCONTINENTAL HOTELS GROUP PLC NEW,IHG
INTERCORP,IFS
INTERCORP FINANCIAL,IFS
INTERCORP FINANCIAL SERVICES INC,IFS
INTERCORP FINANCIAL SERVICES INC.,IFS
INTERCURE,INCR
INTERCURE LTD,INCR
INTERCURE LTD.,INCR
INTERDIGITAL INC,IDCC
"INTERDIGITAL,",IDCC
"INTERDIGITAL, INC.",IDCC
INTERFACE,TILE
INTERFACE INC,TILE
INTERGROUP,INTG
INTERGROUP CORP,INTG
INTERLINK,LINK
INTERLINK ELECTRONICS,LINK
INTERLINK ELECTRONICS INC,LINK
INTERMAP,ITMSF
INTERMAP TECHNOLOGIES,ITMSF
INTERMAP TECHNOLOGIES CORP,ITMSF
INTERNATIONAL,THM
INTERNATIONAL,IBM
INTERNATIONAL,ILAL
INTERNATIONAL,IFF
INTERNATIONAL,IBATF
INTERNATIONAL,IMAQU
INTERNATIONAL,IGIC
INTERNATIONAL,INSW
INTERNATIONAL,INPAP
INTERNATIONAL,IDVV
INTERNATIONAL,INIS
INTERNATIONAL,IMAQR
INTERNATIONAL,IP
INTERNATIONAL,IMAQW
INTERNATIONAL,IMAQ
INTERNATIONAL,IBOC
INTERNATIONAL,IGT
INTERNATIONAL,ISCO
INTERNATIONAL,ILST
INTERNATIONAL,IMXI
INTERNATIONAL BANCSHARES,IBOC
INTERNATIONAL BANCSHARES CORP,IBOC
INTERNATIONAL BATTERY,IBATF
INTERNATIONAL BATTERY METALS LTD,IBATF
INTERNATIONAL BATTERY METALS LTD.,IBATF
INTERNATIONAL BUSINESS,IBM
INTERNATIONAL BUSINESS MACHINES,IBM
INTERNATIONAL BUSINESS MACHINES CORP,IBM
INTERNATIONAL ENDEAVORS,IDVV
INTERNATIONAL ENDEAVORS CORP,IDVV
INTERNATIONAL FLAVORS,IFF
INTERNATIONAL FLAVORS  FRAGRANCES,IFF
INTERNATIONAL FLAVORS & FRAGRANCES INC,IFF
INTERNATIONAL GAME,IGT
INTERNATIONAL GAME TECHNOLOGY,IGT
INTERNATIONAL GAME TECHNOLOGY PLC,IGT
INTERNATIONAL GENERAL,IGIC
INTERNATIONAL GENERAL INSURANCE HOLDINGS LTD,IGIC
INTERNATIONAL GENERAL INSURANCE HOLDINGS LTD.,IGIC
INTERNATIONAL ISOTOPES,INIS
INTERNATIONAL ISOTOPES INC,INIS
INTERNATIONAL LAND,ILAL
INTERNATIONAL LAND ALLIANCE INC,ILAL
INTERNATIONAL LAND ALLIANCE INC.,ILAL
INTERNATIONAL MEDIA,IMAQ
INTERNATIONAL MEDIA,IMAQW
INTERNATIONAL MEDIA,IMAQR
INTERNATIONAL MEDIA,IMAQU
INTERNATIONAL MEDIA ACQUISITION CORP,IMAQU
INTERNATIONAL MEDIA ACQUISITION CORP,IMAQ
INTERNATIONAL MEDIA ACQUISITION CORP,IMAQW
INTERNATIONAL MEDIA ACQUISITION CORP,IMAQR
INTERNATIONAL MEDIA ACQUISITION CORP.,IMAQR
INTERNATIONAL MEDIA ACQUISITION CORP.,IMAQ
INTERNATIONAL MEDIA ACQUISITION CORP.,IMAQU
INTERNATIONAL MEDIA ACQUISITION CORP.,IMAQW
INTERNATIONAL MONEY,IMXI
INTERNATIONAL MONEY EXPRESS INC,IMXI
"INTERNATIONAL MONEY EXPRESS, INC.",IMXI
INTERNATIONAL PAPER,IP
INTERNATIONAL PAPER,INPAP
INTERNATIONAL PAPER CO /NEW/,IP
INTERNATIONAL PAPER CO /NEW/,INPAP
INTERNATIONAL PAPER CO NEW,IP
INTERNATIONAL PAPER CO NEW,INPAP
INTERNATIONAL SEAWAYS INC,INSW
"INTERNATIONAL SEAWAYS,",INSW
"INTERNATIONAL SEAWAYS, INC.",INSW
INTERNATIONAL STAR,ILST
INTERNATIONAL STAR INC,ILST
INTERNATIONAL STEM,ISCO
INTERNATIONAL STEM CELL,ISCO
INTERNATIONAL STEM CELL CORP,ISCO
INTERNATIONAL TOWER,THM
INTERNATIONAL TOWER HILL MINES,THM
INTERNATIONAL TOWER HILL MINES LTD,THM
INTERPACE,IDXG
INTERPACE BIOSCIENCES INC,IDXG
"INTERPACE BIOSCIENCES,",IDXG
"INTERPACE BIOSCIENCES, INC.",IDXG
INTERPARFUMS,IPAR
INTERPARFUMS INC,IPAR
INTERPUBLIC,IPG
INTERPUBLIC GROUP,IPG
INTERPUBLIC GROUP OF COMPANIES INC,IPG
"INTERPUBLIC GROUP OF COMPANIES, INC.",IPG
INTERRA,IMIMF
INTERRA COPPER,IMIMF
INTERRA COPPER CORP,IMIMF
INTERRA COPPER CORP.,IMIMF
INTERROLL,IRRHF
INTERROLL,INRNY
INTERROLL HOLDING,INRNY
INTERROLL HOLDING,IRRHF
INTERROLL HOLDING AG/ADR,IRRHF
INTERROLL HOLDING AG/ADR,INRNY
INTERROLL HOLDING AGADR,IRRHF
INTERROLL HOLDING AGADR,INRNY
INTEST,INTT
INTEST CORP,INTT
INTREPID,IPI
INTREPID,IMTCF
INTREPID METALS,IMTCF
INTREPID METALS CORP,IMTCF
INTREPID METALS CORP.,IMTCF
INTREPID POTASH INC,IPI
"INTREPID POTASH,",IPI
"INTREPID POTASH, INC.",IPI
INTRUSION,INTZ
INTRUSION INC,INTZ
INTUIT,INTU
INTUIT INC,INTU
INTUIT INC.,INTU
INTUITIVE,ISRG
INTUITIVE,LUNR
INTUITIVE MACHINES INC,LUNR
"INTUITIVE MACHINES,",LUNR
"INTUITIVE MACHINES, INC.",LUNR
INTUITIVE SURGICAL,ISRG
INTUITIVE SURGICAL INC,ISRG
INUVO INC,INUV
"INUVO,",INUV
"INUVO, INC.",INUV
INVECH,IVHI
INVECH HOLDINGS INC,IVHI
"INVECH HOLDINGS,",IVHI
"INVECH HOLDINGS, INC.",IVHI
INVENTIVA,IVEVF
INVENTIVA,IVA
INVENTIVA S.A.,IVA
INVENTIVA S.A.,IVEVF
INVENTIVA SA,IVEVF
INVENTIVA SA,IVA
INVENTRUST,IVT
INVENTRUST PROPERTIES,IVT
INVENTRUST PROPERTIES CORP,IVT
INVENTRUST PROPERTIES CORP.,IVT
INVESCO,FXC
INVESCO,VKI
INVESCO,UUP
INVESCO,IIM
INVESCO,FXB
INVESCO,DBO
INVESCO,FXA
INVESCO,OIA
INVESCO,IQI
INVESCO,IVZ
INVESCO,VGM
INVESCO,IVR
INVESCO,FXY
INVESCO,VKQ
INVESCO,FXE
INVESCO,QETH
INVESCO,QQQ
INVESCO,DBA
INVESCO,VTN
INVESCO,DBB
INVESCO,DBP
INVESCO,DBC
INVESCO,VMO
INVESCO,VPV
INVESCO,VLT
INVESCO,FXF
INVESCO,VCV
INVESCO,VVR
INVESCO,VBF
INVESCO,BTCO
INVESCO,UDN
INVESCO,DBE
INVESCO ADVANTAGE,VKI
INVESCO ADVANTAGE MUNICIPAL INCOME TRUST II,VKI
INVESCO BOND,VBF
INVESCO BOND FUND,VBF
INVESCO CALIFORNIA,VCV
INVESCO CALIFORNIA VALUE MUNICIPAL INCOME TRUST,VCV
INVESCO CURRENCYSHARES,FXC
INVESCO CURRENCYSHARES,FXE
INVESCO CURRENCYSHARES,FXB
INVESCO CURRENCYSHARES,FXA
INVESCO CURRENCYSHARES,FXF
INVESCO CURRENCYSHARES,FXY
INVESCO CURRENCYSHARES AUSTRALIAN DOLLAR TRUST,FXA
INVESCO CURRENCYSHARES BRITISH POUND STERLING TRUST,FXB
INVESCO CURRENCYSHARES CANADIAN DOLLAR TRUST,FXC
INVESCO CURRENCYSHARES EURO TRUST,FXE
INVESCO CURRENCYSHARES JAPANESE YEN TRUST,FXY
INVESCO CURRENCYSHARES SWISS FRANC TRUST,FXF
INVESCO DB AGRICULTURE FUND,DBA
INVESCO DB BASE METALS FUND,DBB
INVESCO DB COMMODITY INDEX TRACKING FUND,DBC
INVESCO DB ENERGY FUND,DBE
INVESCO DB OIL FUND,DBO
INVESCO DB PRECIOUS METALS FUND,DBP
INVESCO DB US DOLLAR INDEX BEARISH FUND,UDN
INVESCO DB US DOLLAR INDEX BULLISH FUND,UUP
INVESCO GALAXY,QETH
INVESCO GALAXY,BTCO
INVESCO GALAXY BITCOIN ETF,BTCO
INVESCO GALAXY ETHEREUM ETF,QETH
INVESCO HIGH,VLT
INVESCO HIGH INCOME TRUST II,VLT
INVESCO LTD,IVZ
INVESCO LTD.,IVZ
INVESCO MORTGAGE,IVR
INVESCO MORTGAGE CAPITAL INC,IVR
INVESCO MORTGAGE CAPITAL INC.,IVR
INVESCO MUNICIPAL,OIA
INVESCO MUNICIPAL,VMO
INVESCO MUNICIPAL,VKQ
INVESCO MUNICIPAL INCOME OPPORTUNITIES TRUST,OIA
INVESCO MUNICIPAL OPPORTUNITY TRUST,VMO
INVESCO MUNICIPAL TRUST,VKQ
INVESCO PENNSYLVANIA,VPV
INVESCO PENNSYLVANIA VALUE MUNICIPAL INCOME TRUST,VPV
INVESCO QQQ,QQQ
INVESCO QQQ TRUST SERIES 1,QQQ
"INVESCO QQQ TRUST, SERIES 1",QQQ
INVESCO QUALITY,IQI
INVESCO QUALITY MUNICIPAL INCOME TRUST,IQI
INVESCO SENIOR,VVR
INVESCO SENIOR INCOME TRUST,VVR
INVESCO TRUST,VTN
INVESCO TRUST,VGM
INVESCO TRUST FOR INVESTMENT GRADE MUNICIPALS,VGM
INVESCO TRUST FOR INVESTMENT GRADE NEW YORK MUNICIPALS,VTN
INVESCO VALUE,IIM
INVESCO VALUE MUNICIPAL INCOME TRUST,IIM
INVESTAR,ISTR
INVESTAR HOLDING,ISTR
INVESTAR HOLDING CORP,ISTR
INVESTCORP,IVCAF
INVESTCORP,ICMB
INVESTCORP,IVCBF
INVESTCORP,IVAWF
INVESTCORP,IVAUF
INVESTCORP AI ACQUISITION CORP,IVAWF
INVESTCORP AI ACQUISITION CORP,IVCAF
INVESTCORP AI ACQUISITION CORP,IVAUF
INVESTCORP AI ACQUISITION CORP.,IVAUF
INVESTCORP AI ACQUISITION CORP.,IVCAF
INVESTCORP AI ACQUISITION CORP.,IVAWF
INVESTCORP CREDIT,ICMB
INVESTCORP CREDIT MANAGEMENT BDC INC,ICMB
"INVESTCORP CREDIT MANAGEMENT BDC, INC.",ICMB
INVESTCORP EUROPE,IVCBF
INVESTCORP EUROPE ACQUISITION CORP I,IVCBF
INVESTORS,ITIC
INVESTORS TITLE,ITIC
INVESTORS TITLE CO,ITIC
INVESTVIEW INC,INVUP
INVESTVIEW INC,INVU
"INVESTVIEW,",INVU
"INVESTVIEW,",INVUP
"INVESTVIEW, INC.",INVUP
"INVESTVIEW, INC.",INVU
INVITATION,INVH
INVITATION HOMES,INVH
INVITATION HOMES INC,INVH
INVITATION HOMES INC.,INVH
INVIVYD INC,IVVD
"INVIVYD,",IVVD
"INVIVYD, INC.",IVVD
INVO,IVF
INVO FERTILITY INC,IVF
"INVO FERTILITY,",IVF
"INVO FERTILITY, INC.",IVF
IO BIOTECH INC,IOBT
"IO BIOTECH, INC.",IOBT
IOCHPE-MAXION,IOCJY
IOCHPE-MAXION SA /FI,IOCJY
IOCHPEMAXION SA FI,IOCJY
ION DIGITAL CORP,IONI
IONEER,GSCCF
IONEER,IONR
IONEER LTD,IONR
IONEER LTD,GSCCF
IONIS,IONS
IONIS PHARMACEUTICALS,IONS
IONIS PHARMACEUTICALS INC,IONS
IONQ INC,IONQ
"IONQ,",IONQ
"IONQ, INC.",IONQ
IOTHREE,IOTR
IOTHREE LTD,IOTR
IOVANCE,IOVA
IOVANCE BIOTHERAPEUTICS INC,IOVA
"IOVANCE BIOTHERAPEUTICS,",IOVA
"IOVANCE BIOTHERAPEUTICS, INC.",IOVA
IPERIONX,IPX
IPERIONX LTD,IPX
IPG,IPGP
IPG PHOTONICS,IPGP
IPG PHOTONICS CORP,IPGP
IPOWER,IPW
IPOWER INC,IPW
IPOWER INC.,IPW
IPSOS/ADR,IPSOF
IPSOS/ADR,IPSAY
IPSOSADR,IPSAY
IPSOSADR,IPSOF
IQIYI INC,IQ
"IQIYI,",IQ
"IQIYI, INC.",IQ
IQSTEL,IQST
IQSTEL INC,IQST
IQVIA,IQV
IQVIA HOLDINGS,IQV
IQVIA HOLDINGS INC,IQV
IQVIA HOLDINGS INC.,IQV
"IR-MED,",IRME
"IR-MED, INC.",IRME
IRADIMED,IRMD
IRADIMED CORP,IRMD
IREN,IREN
IREN LTD,IREN
IRHYTHM,IRTC
IRHYTHM TECHNOLOGIES INC,IRTC
"IRHYTHM TECHNOLOGIES,",IRTC
"IRHYTHM TECHNOLOGIES, INC.",IRTC
IRIDEX,IRIX
IRIDEX CORP,IRIX
IRIDIUM,IRDM
IRIDIUM COMMUNICATIONS,IRDM
IRIDIUM COMMUNICATIONS INC,IRDM
IRIDIUM COMMUNICATIONS INC.,IRDM
IRMED INC,IRME
IROBOT,IRBT
IROBOT CORP,IRBT
IRON,IROHU
IRON,IROHR
IRON,IROHW
IRON,IRM
IRON,IROH
IRON HORSE,IROH
IRON HORSE,IROHW
IRON HORSE,IROHU
IRON HORSE,IROHR
IRON HORSE ACQUISITIONS CORP,IROHW
IRON HORSE ACQUISITIONS CORP,IROH
IRON HORSE ACQUISITIONS CORP,IROHR
IRON HORSE ACQUISITIONS CORP,IROHU
IRON HORSE ACQUISITIONS CORP.,IROHU
IRON HORSE ACQUISITIONS CORP.,IROHW
IRON HORSE ACQUISITIONS CORP.,IROH
IRON HORSE ACQUISITIONS CORP.,IROHR
IRON MOUNTAIN,IRM
IRON MOUNTAIN INC,IRM
IRONWOOD,IRWD
IRONWOOD PHARMACEUTICALS,IRWD
IRONWOOD PHARMACEUTICALS INC,IRWD
IRSA,IRS
IRSA INVESTMENTS,IRS
IRSA INVESTMENTS  REPRESENTATIONS,IRS
IRSA INVESTMENTS & REPRESENTATIONS INC,IRS
IRVING,IRVRF
IRVING RESOURCES,IRVRF
IRVING RESOURCES INC,IRVRF
IRVING RESOURCES INC.,IRVRF
ISABELLA,ISBA
ISABELLA BANK,ISBA
ISABELLA BANK CORP,ISBA
ISHARES,GSG
ISHARES,ETHA
ISHARES,SLV
ISHARES,ISMCF
ISHARES,IAU
ISHARES,IAUM
ISHARES,IBIT
ISHARES BITCOIN,IBIT
ISHARES BITCOIN TRUST ETF,IBIT
ISHARES ETHEREUM,ETHA
ISHARES ETHEREUM TRUST ETF,ETHA
ISHARES GOLD,IAUM
ISHARES GOLD,IAU
ISHARES GOLD TRUST,IAU
ISHARES GOLD TRUST MICRO,IAUM
ISHARES S&P,ISMCF
ISHARES S&P,GSG
ISHARES S&P GSCI COMMODITY-INDEXED TRUST,GSG
ISHARES S&P GSCI COMMODITY-INDEXED TRUST,ISMCF
ISHARES SILVER,SLV
ISHARES SILVER TRUST,SLV
ISHARES SP GSCI COMMODITYINDEXED TRUST,GSG
ISHARES SP GSCI COMMODITYINDEXED TRUST,ISMCF
ISLAND,ILPLF
ISLAND PHARMACEUTICALS,ILPLF
ISLAND PHARMACEUTICALS LTD,ILPLF
ISOENERGY,ISOU
ISOENERGY LTD,ISOU
ISOENERGY LTD.,ISOU
ISPECIMEN,ISPC
ISPECIMEN INC,ISPC
ISPECIMEN INC.,ISPC
ISPIRE,ISPR
ISPIRE TECHNOLOGY,ISPR
ISPIRE TECHNOLOGY INC,ISPR
ISPIRE TECHNOLOGY INC.,ISPR
ISRAEL,ISRLW
ISRAEL,ISRLU
ISRAEL,ISRL
ISRAEL ACQUISITIONS,ISRL
ISRAEL ACQUISITIONS,ISRLW
ISRAEL ACQUISITIONS,ISRLU
ISRAEL ACQUISITIONS CORP,ISRL
ISRAEL ACQUISITIONS CORP,ISRLU
ISRAEL ACQUISITIONS CORP,ISRLW
IT TECH PACKAGING INC,ITP
"IT TECH PACKAGING, INC.",ITP
ITAU,ITUB
ITAU UNIBANCO,ITUB
ITAU UNIBANCO HOLDING S.A.,ITUB
ITAU UNIBANCO HOLDING SA,ITUB
ITEOS,ITOS
ITEOS THERAPEUTICS INC,ITOS
"ITEOS THERAPEUTICS,",ITOS
"ITEOS THERAPEUTICS, INC.",ITOS
ITERUM,ITRM
ITERUM THERAPEUTICS,ITRM
ITERUM THERAPEUTICS PLC,ITRM
ITRON INC,ITRI
"ITRON,",ITRI
"ITRON, INC.",ITRI
ITT,ITT
ITT INC,ITT
ITT INC.,ITT
ITURAN,ITRN
ITURAN LOCATION,ITRN
ITURAN LOCATION  CONTROL LTD,ITRN
ITURAN LOCATION & CONTROL LTD.,ITRN
IVANHOE,IE
IVANHOE ELECTRIC,IE
IVANHOE ELECTRIC INC,IE
IVANHOE ELECTRIC INC.,IE
IVEDA,IVDAW
IVEDA,IVDA
IVEDA SOLUTIONS INC,IVDA
IVEDA SOLUTIONS INC,IVDAW
"IVEDA SOLUTIONS,",IVDA
"IVEDA SOLUTIONS,",IVDAW
"IVEDA SOLUTIONS, INC.",IVDAW
"IVEDA SOLUTIONS, INC.",IVDA
IWALLET,IWAL
IWALLET CORP,IWAL
IX ACQUISITION CORP,IXAQF
IX ACQUISITION CORP,IXQWF
IX ACQUISITION CORP.,IXAQF
IX ACQUISITION CORP.,IXQWF
IZEA,IZEA
IZEA WORLDWIDE INC,IZEA
"IZEA WORLDWIDE,",IZEA
"IZEA WORLDWIDE, INC.",IZEA
J M SMUCKER,SJM
J M SMUCKER CO,SJM
J&J,JJSF
J&J SNACK,JJSF
J&J SNACK FOODS CORP,JJSF
J-LONG,JL
J-LONG GROUP,JL
J-LONG GROUP LTD,JL
J-STAR,YMAT
J-STAR HOLDING,YMAT
"J-STAR HOLDING CO., LTD.",YMAT
"J.JILL,",JILL
"J.JILL, INC.",JILL
JAAG,JAGL
JAAG ENTERPRISES,JAGL
JAAG ENTERPRISES LTD,JAGL
JAAG ENTERPRISES LTD.,JAGL
JABIL,JBL
JABIL INC,JBL
JACK,JKHY
JACK,JACK
JACK HENRY,JKHY
JACK HENRY  ASSOCIATES,JKHY
JACK HENRY & ASSOCIATES INC,JKHY
JACK IN THE BOX,JACK
JACK IN THE BOX INC,JACK
JACKPOT,JPOTF
JACKPOT DIGITAL,JPOTF
JACKPOT DIGITAL INC,JPOTF
JACKPOT DIGITAL INC.,JPOTF
JACKSAM,JKSM
JACKSAM CORP,JKSM
JACKSON,JXN
JACKSON,JACS
JACKSON ACQUISITION,JACS
JACKSON ACQUISITION CO II,JACS
JACKSON FINANCIAL,JXN
JACKSON FINANCIAL INC,JXN
JACKSON FINANCIAL INC.,JXN
JACOBS,J
JACOBS SOLUTIONS,J
JACOBS SOLUTIONS INC,J
JACOBS SOLUTIONS INC.,J
JADE,JBIO
JADE BIOSCIENCES INC,JBIO
"JADE BIOSCIENCES,",JBIO
"JADE BIOSCIENCES, INC.",JBIO
JAGUAR,JAGX
JAGUAR HEALTH INC,JAGX
"JAGUAR HEALTH,",JAGX
"JAGUAR HEALTH, INC.",JAGX
JAKKS,JAKK
JAKKS PACIFIC,JAKK
JAKKS PACIFIC INC,JAKK
JAMES,JHX
JAMES,JRVR
JAMES,JHIUF
JAMES HARDIE,JHX
JAMES HARDIE,JHIUF
JAMES HARDIE INDUSTRIES PLC,JHX
JAMES HARDIE INDUSTRIES PLC,JHIUF
JAMES RIVER,JRVR
JAMES RIVER GROUP HOLDINGS LTD,JRVR
"JAMES RIVER GROUP HOLDINGS, LTD.",JRVR
JAMF,JAMF
JAMF HOLDING,JAMF
JAMF HOLDING CORP,JAMF
JAMF HOLDING CORP.,JAMF
JANEL,JANL
JANEL CORP,JANL
JANUS,JHG
JANUS,JBI
JANUS HENDERSON,JHG
JANUS HENDERSON GROUP PLC,JHG
JANUS INTERNATIONAL,JBI
JANUS INTERNATIONAL GROUP INC,JBI
"JANUS INTERNATIONAL GROUP, INC.",JBI
JANUX,JANX
JANUX THERAPEUTICS INC,JANX
"JANUX THERAPEUTICS,",JANX
"JANUX THERAPEUTICS, INC.",JANX
JAPAN,JGLDF
JAPAN,OSCUF
JAPAN,JOF
JAPAN EXCHANGE,OSCUF
JAPAN EXCHANGE GROUP INCADR,OSCUF
"JAPAN EXCHANGE GROUP, INC./ADR",OSCUF
JAPAN GOLD,JGLDF
JAPAN GOLD CORP,JGLDF
JAPAN GOLD CORP.,JGLDF
JAPAN SMALLER,JOF
JAPAN SMALLER CAPITALIZATION FUND,JOF
JAPAN SMALLER CAPITALIZATION FUND INC,JOF
JARDINE,JCYCF
JARDINE,JCYGY
JARDINE CYCLE,JCYCF
JARDINE CYCLE,JCYGY
JARDINE CYCLE  CARRIAGE LTD,JCYCF
JARDINE CYCLE  CARRIAGE LTD,JCYGY
JARDINE CYCLE & CARRIAGE LTD.,JCYCF
JARDINE CYCLE & CARRIAGE LTD.,JCYGY
JASPER,JSPR
JASPER,JSPRW
JASPER THERAPEUTICS INC,JSPRW
JASPER THERAPEUTICS INC,JSPR
"JASPER THERAPEUTICS,",JSPR
"JASPER THERAPEUTICS,",JSPRW
"JASPER THERAPEUTICS, INC.",JSPR
"JASPER THERAPEUTICS, INC.",JSPRW
JAWS,JWSMF
JAWS,JWSUF
JAWS,JWSWF
JAWS MUSTANG,JWSUF
JAWS MUSTANG,JWSWF
JAWS MUSTANG,JWSMF
JAWS MUSTANG ACQUISITION,JWSMF
JAWS MUSTANG ACQUISITION,JWSUF
JAWS MUSTANG ACQUISITION,JWSWF
JAWS MUSTANG ACQUISITION CORP,JWSWF
JAWS MUSTANG ACQUISITION CORP,JWSMF
JAWS MUSTANG ACQUISITION CORP,JWSUF
JAYUD,JYD
JAYUD GLOBAL,JYD
JAYUD GLOBAL LOGISTICS,JYD
JAYUD GLOBAL LOGISTICS LTD,JYD
JAZZ,JAZZ
JAZZ PHARMACEUTICALS,JAZZ
JAZZ PHARMACEUTICALS PLC,JAZZ
JB HI-FI LIMITED/ADR,JBHIF
JB HIFI LIMITEDADR,JBHIF
JBDI,JBDI
JBDI HOLDINGS,JBDI
JBDI HOLDINGS LTD,JBDI
JBG,JBGS
JBG SMITH,JBGS
JBG SMITH PROPERTIES,JBGS
JBS,JBS
JBS N.V.,JBS
JBS NV,JBS
JBT,JBTM
JBT MAREL,JBTM
JBT MAREL CORP,JBTM
"JD.COM,",JD
"JD.COM,",JDCMF
"JD.COM, INC.",JD
"JD.COM, INC.",JDCMF
JDCOM INC,JD
JDCOM INC,JDCMF
JE CLEANTECH,JCSE
JE CLEANTECH HOLDINGS LTD,JCSE
JEFFERIES,JEF
JEFFERIES FINANCIAL,JEF
JEFFERIES FINANCIAL GROUP INC,JEF
JEFFERIES FINANCIAL GROUP INC.,JEF
JEFFERSON,JCAP
JEFFERSON CAPITAL INC  DE,JCAP
"JEFFERSON CAPITAL,",JCAP
"JEFFERSON CAPITAL, INC. / DE",JCAP
JEFFS BRANDS,JFBR
JEFFS BRANDS,JFBRW
JEFFS',JFBRW
JEFFS',JFBR
JEFFS' BRANDS,JFBRW
JEFFS' BRANDS,JFBR
JEFFS' BRANDS LTD,JFBRW
JEFFS' BRANDS LTD,JFBR
JELD-WEN,JELD
"JELD-WEN HOLDING,",JELD
"JELD-WEN HOLDING, INC.",JELD
JELDWEN HOLDING INC,JELD
JENA,JENA
JENA ACQUISITION,JENA
JENA ACQUISITION CORP II,JENA
JERASH,JRSH
JERASH HOLDINGS,JRSH
"JERASH HOLDINGS (US), INC.",JRSH
JERASH HOLDINGS US INC,JRSH
JET.AI,JTAI
JET.AI INC.,JTAI
JETAI INC,JTAI
JETBLUE,JBLU
JETBLUE AIRWAYS,JBLU
JETBLUE AIRWAYS CORP,JBLU
JEWETT,JCTC
JEWETT CAMERON,JCTC
JEWETT CAMERON TRADING CO,JCTC
JEWETT CAMERON TRADING CO LTD,JCTC
JFB,JFB
JFB CONSTRUCTION,JFB
JFB CONSTRUCTION HOLDINGS,JFB
JFROG,FROG
JFROG LTD,FROG
JG SUMMIT HOLDINGS INCADR,JGSHF
"JG SUMMIT HOLDINGS, INC./ADR",JGSHF
JIADE,JDZG
JIADE LTD,JDZG
JIANPU,AIJTY
JIANPU TECHNOLOGY,AIJTY
JIANPU TECHNOLOGY INC,AIJTY
JIANPU TECHNOLOGY INC.,AIJTY
JIANZHI,JZ
JIANZHI EDUCATION,JZ
JIANZHI EDUCATION TECHNOLOGY GROUP CO,JZ
JIANZHI EDUCATION TECHNOLOGY GROUP CO LTD,JZ
JIAYIN,JFIN
JIAYIN GROUP,JFIN
JIAYIN GROUP INC,JFIN
JIAYIN GROUP INC.,JFIN
JIN,ZJYL
JIN MEDICAL,ZJYL
JIN MEDICAL INTERNATIONAL LTD,ZJYL
JIN MEDICAL INTERNATIONAL LTD.,ZJYL
JINGBO,SVMB
JINGBO TECHNOLOGY INC,SVMB
"JINGBO TECHNOLOGY,",SVMB
"JINGBO TECHNOLOGY, INC.",SVMB
JINGRUI,JRWP
JINGRUI WANG,JRWP
JINGRUI WANG PU HOLDINGS GROUP LTD,JRWP
JINGRUI WANG PU HOLDINGS GROUP LTD.,JRWP
JINKOSOLAR,JKS
JINKOSOLAR HOLDING,JKS
JINKOSOLAR HOLDING CO LTD,JKS
"JINKOSOLAR HOLDING CO., LTD.",JKS
JINXIN,NAMI
JINXIN TECHNOLOGY,NAMI
JINXIN TECHNOLOGY HOLDING,NAMI
JINXIN TECHNOLOGY HOLDING CO,NAMI
JIUZI,JZXN
JIUZI HOLDINGS INC,JZXN
"JIUZI HOLDINGS,",JZXN
"JIUZI HOLDINGS, INC.",JZXN
JJ SNACK FOODS,JJSF
JJILL INC,JILL
JLONG,JL
JOBY,JOBY
JOBY AVIATION INC,JOBY
"JOBY AVIATION,",JOBY
"JOBY AVIATION, INC.",JOBY
JOCOM,JOCM
JOCOM HOLDINGS,JOCM
JOCOM HOLDINGS CORP,JOCM
JOCOM HOLDINGS CORP.,JOCM
JOHN,WLYB
JOHN,HTD
JOHN,HPF
JOHN,WLY
JOHN,HPS
JOHN,PDT
JOHN,BTO
JOHN,JMSB
JOHN,HPI
JOHN,JHS
JOHN,HEQ
JOHN,JHI
JOHN HANCOCK,HTD
JOHN HANCOCK,JHS
JOHN HANCOCK,HEQ
JOHN HANCOCK,HPS
JOHN HANCOCK,PDT
JOHN HANCOCK,JHI
JOHN HANCOCK,HPI
JOHN HANCOCK,HPF
JOHN HANCOCK,BTO
JOHN HANCOCK DIVERSIFIED INCOME FUND,HEQ
JOHN HANCOCK FINANCIAL OPPORTUNITIES FUND,BTO
JOHN HANCOCK INCOME SECURITIES TRUST,JHS
JOHN HANCOCK INVESTORS TRUST,JHI
JOHN HANCOCK PREFERRED INCOME FUND,HPI
JOHN HANCOCK PREFERRED INCOME FUND II,HPF
JOHN HANCOCK PREFERRED INCOME FUND III,HPS
JOHN HANCOCK PREMIUM DIVIDEND FUND,PDT
JOHN HANCOCK TAX-ADVANTAGED DIVIDEND INCOME FUND,HTD
JOHN HANCOCK TAXADVANTAGED DIVIDEND INCOME FUND,HTD
JOHN MARSHALL,JMSB
JOHN MARSHALL BANCORP INC,JMSB
"JOHN MARSHALL BANCORP, INC.",JMSB
JOHN WILEY,WLY
JOHN WILEY,WLYB
JOHN WILEY  SONS INC,WLY
JOHN WILEY  SONS INC,WLYB
"JOHN WILEY & SONS, INC.",WLY
"JOHN WILEY & SONS, INC.",WLYB
JOHNSON,JNJ
JOHNSON,JOUT
JOHNSON,JCI
JOHNSON  JOHNSON,JNJ
JOHNSON & JOHNSON,JNJ
JOHNSON CONTROLS,JCI
JOHNSON CONTROLS INTERNATIONAL PLC,JCI
JOHNSON OUTDOORS,JOUT
JOHNSON OUTDOORS INC,JOUT
JOINT,JYNT
JOINT,KSPI
JOINT CORP,JYNT
JOINT STOCK,KSPI
JOINT STOCK CO KASPI.KZ,KSPI
JOINT STOCK CO KASPIKZ,KSPI
JONES,JSDA
JONES,JLL
JONES LANG,JLL
JONES LANG LASALLE,JLL
JONES LANG LASALLE INC,JLL
JONES SODA,JSDA
JONES SODA CO,JSDA
JOURNEY,DERM
JOURNEY MEDICAL,DERM
JOURNEY MEDICAL CORP,DERM
JOWELL,JWEL
JOWELL GLOBAL,JWEL
JOWELL GLOBAL LTD,JWEL
JOWELL GLOBAL LTD.,JWEL
JOYY,JOYY
JOYY INC,JOYY
JOYY INC.,JOYY
JPMORGAN,JPM
JPMORGAN,VYLD
JPMORGAN,AMJB
JPMORGAN CHASE,AMJB
JPMORGAN CHASE,VYLD
JPMORGAN CHASE,JPM
JPMORGAN CHASE & CO,VYLD
JPMORGAN CHASE & CO,AMJB
JPMORGAN CHASE & CO,JPM
JRSIS,JRSS
JRSIS HEALTH,JRSS
JRSIS HEALTH CARE,JRSS
JRSIS HEALTH CARE CORP,JRSS
JSTAR HOLDING CO LTD,YMAT
JUBILANT,JFIL
JUBILANT FLAME,JFIL
JUBILANT FLAME INTERNATIONAL,JFIL
"JUBILANT FLAME INTERNATIONAL, LTD",JFIL
JULIUS,JBARF
JULIUS BAER,JBARF
JULIUS BAER GROUP LTD,JBARF
JULIUS BAER GROUP LTD.,JBARF
JULONG,JLHL
JULONG HOLDING,JLHL
JULONG HOLDING LTD,JLHL
JUMIA,JMIA
JUMIA TECHNOLOGIES,JMIA
JUMIA TECHNOLOGIES AG,JMIA
JUNEE,SUPX
JUNEE LTD,SUPX
JUNIATA,JUVF
JUNIATA VALLEY,JUVF
JUNIATA VALLEY FINANCIAL CORP,JUVF
JUNIPER,JNPR
JUNIPER NETWORKS,JNPR
JUNIPER NETWORKS INC,JNPR
JUPITER,JUNS
JUPITER NEUROSCIENCES INC,JUNS
"JUPITER NEUROSCIENCES,",JUNS
"JUPITER NEUROSCIENCES, INC.",JUNS
JUSHI,JUSHF
JUSHI HOLDINGS,JUSHF
JUSHI HOLDINGS INC,JUSHF
JUSHI HOLDINGS INC.,JUSHF
JUST,TKAYF
JUST,JTKWY
JUST EAT,JTKWY
JUST EAT,TKAYF
JUST EAT TAKEAWAY.COM N.V.,JTKWY
JUST EAT TAKEAWAY.COM N.V.,TKAYF
JUST EAT TAKEAWAYCOM NV,JTKWY
JUST EAT TAKEAWAYCOM NV,TKAYF
JVSPAC,JVSAR
JVSPAC,JVSAU
JVSPAC,JVSA
JVSPAC ACQUISITION,JVSA
JVSPAC ACQUISITION,JVSAR
JVSPAC ACQUISITION,JVSAU
JVSPAC ACQUISITION CORP,JVSA
JVSPAC ACQUISITION CORP,JVSAU
JVSPAC ACQUISITION CORP,JVSAR
JVSPAC ACQUISITION CORP.,JVSAU
JVSPAC ACQUISITION CORP.,JVSAR
JVSPAC ACQUISITION CORP.,JVSA
JX LUXVENTURE GROUP INC,JXG
JX LUXVENTURE GROUP INC.,JXG
JYONG,MENS
JYONG BIOTECH,MENS
JYONG BIOTECH LTD,MENS
JYONG BIOTECH LTD.,MENS
K WAVE MEDIA LTD,KWM
K WAVE MEDIA LTD,KWMWW
K WAVE MEDIA LTD.,KWMWW
K WAVE MEDIA LTD.,KWM
K&F,KFIIU
K&F,KFII
K&F,KFIIR
K&F GROWTH,KFIIR
K&F GROWTH,KFIIU
K&F GROWTH,KFII
K&F GROWTH ACQUISITION CORP. II,KFII
K&F GROWTH ACQUISITION CORP. II,KFIIU
K&F GROWTH ACQUISITION CORP. II,KFIIR
K-TECH,KMRK
K-TECH SOLUTIONS,KMRK
K-TECH SOLUTIONS CO LTD,KMRK
KAANAPALI,KANP
KAANAPALI LAND,KANP
KAANAPALI LAND LLC,KANP
KADANT,KAI
KADANT INC,KAI
KAIROS,KAPA
KAIROS PHARMA LTD,KAPA
"KAIROS PHARMA,",KAPA
"KAIROS PHARMA, LTD.",KAPA
KAIROUS,KACLF
KAIROUS ACQUISITION,KACLF
KAIROUS ACQUISITION CORP,KACLF
KAIROUS ACQUISITION CORP. LTD,KACLF
KAISER,KALU
KAISER ALUMINUM,KALU
KAISER ALUMINUM CORP,KALU
KAIVAL,KAVL
KAIVAL BRANDS,KAVL
KAIVAL BRANDS INNOVATIONS GROUP INC,KAVL
"KAIVAL BRANDS INNOVATIONS GROUP, INC.",KAVL
KAIXIN,KXIN
KAIXIN HOLDINGS,KXIN
KALA,KALA
KALA BIO INC,KALA
"KALA BIO,",KALA
"KALA BIO, INC.",KALA
KALARIS,KLRS
KALARIS THERAPEUTICS INC,KLRS
"KALARIS THERAPEUTICS,",KLRS
"KALARIS THERAPEUTICS, INC.",KLRS
KALTURA,KLTR
KALTURA INC,KLTR
KALVISTA,KALV
KALVISTA PHARMACEUTICALS INC,KALV
"KALVISTA PHARMACEUTICALS,",KALV
"KALVISTA PHARMACEUTICALS, INC.",KALV
KAMADA,KMDA
KAMADA LTD,KMDA
KANDAL,FMFC
KANDAL M VENTURE,FMFC
KANDAL M VENTURE LTD,FMFC
KANDI,KNDI
KANDI TECHNOLOGIES,KNDI
KANDI TECHNOLOGIES GROUP INC,KNDI
"KANDI TECHNOLOGIES GROUP, INC.",KNDI
KANZHUN,BZ
KANZHUN LTD,BZ
KARAT,KRT
KARAT PACKAGING,KRT
KARAT PACKAGING INC,KRT
KARAT PACKAGING INC.,KRT
KARBON-X,KARX
KARBON-X CORP.,KARX
KARBONX CORP,KARX
KARMAN,KRMN
KARMAN HOLDINGS,KRMN
KARMAN HOLDINGS INC,KRMN
KARMAN HOLDINGS INC.,KRMN
KAROON,KRNGF
KAROON,KRNGY
KAROON GAS,KRNGY
KAROON GAS,KRNGF
KAROON GAS AUSTRALIA LTD /ADR/,KRNGF
KAROON GAS AUSTRALIA LTD /ADR/,KRNGY
KAROON GAS AUSTRALIA LTD ADR,KRNGY
KAROON GAS AUSTRALIA LTD ADR,KRNGF
KAROOOOO,KARO
KAROOOOO LTD,KARO
KAROOOOO LTD.,KARO
KARTOON,TOON
KARTOON STUDIOS INC,TOON
"KARTOON STUDIOS,",TOON
"KARTOON STUDIOS, INC.",TOON
KARYOPHARM,KPTI
KARYOPHARM THERAPEUTICS,KPTI
KARYOPHARM THERAPEUTICS INC,KPTI
KARYOPHARM THERAPEUTICS INC.,KPTI
KASHIN INC,KUSA
"KASHIN,",KUSA
"KASHIN, INC.",KUSA
KATAPULT,KPLT
KATAPULT,KPLTW
KATAPULT HOLDINGS INC,KPLT
KATAPULT HOLDINGS INC,KPLTW
"KATAPULT HOLDINGS,",KPLT
"KATAPULT HOLDINGS,",KPLTW
"KATAPULT HOLDINGS, INC.",KPLT
"KATAPULT HOLDINGS, INC.",KPLTW
KAWASAKI,KAKKF
KAWASAKI,KAIKY
KAWASAKI KISEN,KAKKF
KAWASAKI KISEN,KAIKY
KAWASAKI KISEN KAISHA,KAIKY
KAWASAKI KISEN KAISHA,KAKKF
KAWASAKI KISEN KAISHA LTD,KAKKF
KAWASAKI KISEN KAISHA LTD,KAIKY
KAYA,KAYS
KAYA HOLDINGS INC,KAYS
"KAYA HOLDINGS,",KAYS
"KAYA HOLDINGS, INC.",KAYS
KAYNE,KYN
KAYNE,KBDC
KAYNE ANDERSON,KBDC
KAYNE ANDERSON,KYN
KAYNE ANDERSON BDC INC,KBDC
"KAYNE ANDERSON BDC, INC.",KBDC
KAYNE ANDERSON ENERGY INFRASTRUCTURE FUND INC,KYN
"KAYNE ANDERSON ENERGY INFRASTRUCTURE FUND, INC.",KYN
KAZIA,KZIA
KAZIA THERAPEUTICS,KZIA
KAZIA THERAPEUTICS LTD,KZIA
KB FINANCIAL GROUP INC,KB
KB FINANCIAL GROUP INC.,KB
KB HOME,KBH
KBR INC,KBR
"KBR,",KBR
"KBR, INC.",KBR
KBS,KBSR
KBS REAL,KBSR
KBS REAL ESTATE INVESTMENT TRUST III INC,KBSR
"KBS REAL ESTATE INVESTMENT TRUST III, INC.",KBSR
KDDI,KDDIF
KDDI CORP,KDDIF
KE HOLDINGS INC,BEKE
KE HOLDINGS INC.,BEKE
KEARNY,KRNY
KEARNY FINANCIAL,KRNY
KEARNY FINANCIAL CORP,KRNY
KEARNY FINANCIAL CORP.,KRNY
KEEMO,KMFG
KEEMO FASHION,KMFG
KEEMO FASHION GROUP LTD,KMFG
KEEN,KVACW
KEEN,KVACU
KEEN,KVAC
KEEN VISION,KVACW
KEEN VISION,KVAC
KEEN VISION,KVACU
KEEN VISION ACQUISITION CORP,KVACU
KEEN VISION ACQUISITION CORP,KVACW
KEEN VISION ACQUISITION CORP,KVAC
KEEN VISION ACQUISITION CORP.,KVACU
KEEN VISION ACQUISITION CORP.,KVAC
KEEN VISION ACQUISITION CORP.,KVACW
KELLANOVA,K
KELLY,KELYB
KELLY,KELYA
KELLY SERVICES,KELYA
KELLY SERVICES,KELYB
KELLY SERVICES INC,KELYA
KELLY SERVICES INC,KELYB
KELSO,KIQSF
KELSO TECHNOLOGIES,KIQSF
KELSO TECHNOLOGIES INC,KIQSF
KELYNIAM,KLYG
KELYNIAM GLOBAL INC,KLYG
"KELYNIAM GLOBAL,",KLYG
"KELYNIAM GLOBAL, INC.",KLYG
KEMPER,KMPR
KEMPER,KMPB
KEMPER CORP,KMPR
KEMPER CORP,KMPB
KENILWORTH,KENS
KENILWORTH SYSTEMS,KENS
KENILWORTH SYSTEMS CORP,KENS
KENNAMETAL,KMT
KENNAMETAL INC,KMT
KENNEDY-WILSON,KW
"KENNEDY-WILSON HOLDINGS,",KW
"KENNEDY-WILSON HOLDINGS, INC.",KW
KENNEDYWILSON HOLDINGS INC,KW
KENON,KEN
KENON HOLDINGS,KEN
KENON HOLDINGS LTD,KEN
KENON HOLDINGS LTD.,KEN
KENTUCKY,KFFB
KENTUCKY FIRST,KFFB
KENTUCKY FIRST FEDERAL BANCORP,KFFB
KENVUE,KVUE
KENVUE INC,KVUE
KENVUE INC.,KVUE
KERING,PPRUF
KEROS,KROS
KEROS THERAPEUTICS INC,KROS
"KEROS THERAPEUTICS,",KROS
"KEROS THERAPEUTICS, INC.",KROS
KESTRA,KMTS
KESTRA MEDICAL,KMTS
KESTRA MEDICAL TECHNOLOGIES LTD,KMTS
"KESTRA MEDICAL TECHNOLOGIES, LTD.",KMTS
KESTREL,KG
KESTREL GROUP,KG
KESTREL GROUP LTD,KG
KEURIG,KDP
KEURIG DR PEPPER INC,KDP
KEURIG DR PEPPER INC.,KDP
KEWAUNEE,KEQU
KEWAUNEE SCIENTIFIC,KEQU
KEWAUNEE SCIENTIFIC CORP /DE/,KEQU
KEWAUNEE SCIENTIFIC CORP DE,KEQU
KEY,KTCC
KEY TRONIC,KTCC
KEY TRONIC CORP,KTCC
KEYCORP,KEY
KEYCORP /NEW/,KEY
KEYCORP NEW,KEY
KEYSIGHT,KEYS
KEYSIGHT TECHNOLOGIES INC,KEYS
"KEYSIGHT TECHNOLOGIES,",KEYS
"KEYSIGHT TECHNOLOGIES, INC.",KEYS
KEZAR,KZR
KEZAR LIFE,KZR
KEZAR LIFE SCIENCES INC,KZR
"KEZAR LIFE SCIENCES, INC.",KZR
KF GROWTH ACQUISITION CORP II,KFIIR
KF GROWTH ACQUISITION CORP II,KFIIU
KF GROWTH ACQUISITION CORP II,KFII
KFORCE,KFRC
KFORCE INC,KFRC
KHEOBA,KHOB
KHEOBA CORP,KHOB
KHEOBA CORP.,KHOB
KIDOZ,KDOZF
KIDOZ INC,KDOZF
KIDOZ INC.,KDOZF
KIDPIK,PIKM
KIDPIK CORP,PIKM
KIDPIK CORP.,PIKM
KIKKOMAN,KIKOF
KIKKOMAN CORP,KIKOF
KILROY,KRC
KILROY REALTY,KRC
KILROY REALTY CORP,KRC
KIMBALL,KE
KIMBALL ELECTRONICS INC,KE
"KIMBALL ELECTRONICS,",KE
"KIMBALL ELECTRONICS, INC.",KE
KIMBELL,KRP
KIMBELL ROYALTY,KRP
KIMBELL ROYALTY PARTNERS,KRP
"KIMBELL ROYALTY PARTNERS, LP",KRP
KIMBERLY,KMB
KIMBERLY CLARK,KMB
KIMBERLY CLARK CORP,KMB
KIMCO,KIM
KIMCO REALTY,KIM
KIMCO REALTY CORP,KIM
KINDCARD INC,KCRD
"KINDCARD,",KCRD
"KINDCARD, INC.",KCRD
KINDER,EP-PC
KINDER,KMI
KINDER MORGAN INC,KMI
KINDER MORGAN INC,EP-PC
"KINDER MORGAN,",EP-PC
"KINDER MORGAN,",KMI
"KINDER MORGAN, INC.",KMI
"KINDER MORGAN, INC.",EP-PC
KINDERCARE,KLC
KINDERCARE LEARNING,KLC
KINDERCARE LEARNING COMPANIES INC,KLC
"KINDERCARE LEARNING COMPANIES, INC.",KLC
KINDLY,NAKA
KINDLY,NAKAW
KINDLY MD INC,NAKAW
KINDLY MD INC,NAKA
"KINDLY MD,",NAKA
"KINDLY MD,",NAKAW
"KINDLY MD, INC.",NAKAW
"KINDLY MD, INC.",NAKA
KINETA INCDE,KANT
"KINETA,",KANT
"KINETA, INC./DE",KANT
KINETIC,KSEZ
KINETIC SEAS,KSEZ
KINETIC SEAS INC,KSEZ
KINETIC SEAS INC.,KSEZ
KINETIK,KNTK
KINETIK HOLDINGS,KNTK
KINETIK HOLDINGS INC,KNTK
KINETIK HOLDINGS INC.,KNTK
KINGSMEN,KNGRF
KINGSMEN RESOURCES,KNGRF
KINGSMEN RESOURCES LTD,KNGRF
KINGSMEN RESOURCES LTD.,KNGRF
KINGSOFT,KCLHF
KINGSOFT,KC
KINGSOFT CLOUD,KC
KINGSOFT CLOUD,KCLHF
KINGSOFT CLOUD HOLDINGS LTD,KCLHF
KINGSOFT CLOUD HOLDINGS LTD,KC
KINGSTONE,KINS
KINGSTONE COMPANIES INC,KINS
"KINGSTONE COMPANIES,",KINS
"KINGSTONE COMPANIES, INC.",KINS
KINGSWAY,KFS
KINGSWAY FINANCIAL,KFS
KINGSWAY FINANCIAL SERVICES INC,KFS
KINIKSA,KNSA
KINIKSA PHARMACEUTICALS,KNSA
KINIKSA PHARMACEUTICALS INTERNATIONAL,KNSA
"KINIKSA PHARMACEUTICALS INTERNATIONAL, PLC",KNSA
KINROSS,KGC
KINROSS,KGCRF
KINROSS GOLD,KGCRF
KINROSS GOLD,KGC
KINROSS GOLD CORP,KGCRF
KINROSS GOLD CORP,KGC
KINSALE,KNSL
KINSALE CAPITAL,KNSL
KINSALE CAPITAL GROUP INC,KNSL
"KINSALE CAPITAL GROUP, INC.",KNSL
KIORA,KPRX
KIORA,KPHMW
KIORA PHARMACEUTICALS,KPHMW
KIORA PHARMACEUTICALS,KPRX
KIORA PHARMACEUTICALS INC,KPHMW
KIORA PHARMACEUTICALS INC,KPRX
KIRBY,KEX
KIRBY CORP,KEX
"KIRKLAND'S,",KIRK
"KIRKLAND'S, INC",KIRK
KIRKLANDS,KIRK
KIROMIC,KRBPQ
KIROMIC BIOPHARMA INC,KRBPQ
"KIROMIC BIOPHARMA,",KRBPQ
"KIROMIC BIOPHARMA, INC.",KRBPQ
KISH,KISB
KISH BANCORP,KISB
KISH BANCORP INC,KISB
KISSES,KITL
KISSES FROM,KITL
KISSES FROM ITALY INC,KITL
KISSES FROM ITALY INC.,KITL
KITE,KRG
KITE REALTY,KRG
KITE REALTY GROUP TRUST,KRG
KKR,KREF
KKR,KKRS
KKR,KKRT
KKR,KKR
KKR,KIO
KKR  CO INC,KKRS
KKR  CO INC,KKRT
KKR  CO INC,KKR
KKR & CO. INC.,KKRS
KKR & CO. INC.,KKR
KKR & CO. INC.,KKRT
KKR INCOME,KIO
KKR INCOME OPPORTUNITIES FUND,KIO
KKR REAL,KREF
KKR REAL ESTATE FINANCE TRUST INC,KREF
KKR REAL ESTATE FINANCE TRUST INC.,KREF
KLA,KLAC
KLA CORP,KLAC
KLAVIYO INC,KVYO
"KLAVIYO,",KVYO
"KLAVIYO, INC.",KVYO
KLONDIKE,KDKGF
KLONDIKE GOLD,KDKGF
KLONDIKE GOLD CORP /FI,KDKGF
KLONDIKE GOLD CORP FI,KDKGF
KLOTHO,KLTO
KLOTHO,KLTOW
KLOTHO NEUROSCIENCES INC,KLTO
KLOTHO NEUROSCIENCES INC,KLTOW
"KLOTHO NEUROSCIENCES,",KLTOW
"KLOTHO NEUROSCIENCES,",KLTO
"KLOTHO NEUROSCIENCES, INC.",KLTO
"KLOTHO NEUROSCIENCES, INC.",KLTOW
KLX,KLXE
KLX ENERGY,KLXE
KLX ENERGY SERVICES HOLDINGS INC,KLXE
"KLX ENERGY SERVICES HOLDINGS, INC.",KLXE
KNIFE,KNF
KNIFE RIVER,KNF
KNIFE RIVER CORP,KNF
KNIGHT-SWIFT,KNX
KNIGHT-SWIFT TRANSPORTATION,KNX
KNIGHT-SWIFT TRANSPORTATION HOLDINGS INC.,KNX
KNIGHTSCOPE INC,KSCP
"KNIGHTSCOPE,",KSCP
"KNIGHTSCOPE, INC.",KSCP
KNIGHTSWIFT TRANSPORTATION HOLDINGS INC,KNX
KNOT,KNOP
KNOT OFFSHORE,KNOP
KNOT OFFSHORE PARTNERS,KNOP
KNOT OFFSHORE PARTNERS LP,KNOP
KNOW,KNW
KNOW LABS INC,KNW
"KNOW LABS,",KNW
"KNOW LABS, INC.",KNW
KNOWLES,KN
KNOWLES CORP,KN
KOBE,KOBNF
KOBE,KOBCY
KOBE BUSSAN,KOBNF
KOBE BUSSAN,KOBCY
KOBE BUSSAN CO LTDADR,KOBNF
KOBE BUSSAN CO LTDADR,KOBCY
"KOBE BUSSAN CO., LTD./ADR",KOBCY
"KOBE BUSSAN CO., LTD./ADR",KOBNF
KOCHAV,KCHV
KOCHAV,KCHVU
KOCHAV DEFENSE,KCHVU
KOCHAV DEFENSE,KCHV
KOCHAV DEFENSE ACQUISITION CORP,KCHVU
KOCHAV DEFENSE ACQUISITION CORP,KCHV
KOCHAV DEFENSE ACQUISITION CORP.,KCHV
KOCHAV DEFENSE ACQUISITION CORP.,KCHVU
KODIAK,KOD
KODIAK,KGS
KODIAK GAS,KGS
KODIAK GAS SERVICES INC,KGS
"KODIAK GAS SERVICES, INC.",KGS
KODIAK SCIENCES,KOD
KODIAK SCIENCES INC,KOD
KODIAK SCIENCES INC.,KOD
KOHLS,KSS
KOHLS CORP,KSS
KOIL,KLNG
KOIL ENERGY,KLNG
KOIL ENERGY SOLUTIONS INC,KLNG
"KOIL ENERGY SOLUTIONS, INC.",KLNG
KOKUSAI,KOKSF
KOKUSAI,KKSIY
KOKUSAI ELECTRIC,KOKSF
KOKUSAI ELECTRIC,KKSIY
KOKUSAI ELECTRIC CORPORATION/ADR,KKSIY
KOKUSAI ELECTRIC CORPORATION/ADR,KOKSF
KOKUSAI ELECTRIC CORPORATIONADR,KOKSF
KOKUSAI ELECTRIC CORPORATIONADR,KKSIY
KOLIBRI,KGEI
KOLIBRI GLOBAL,KGEI
KOLIBRI GLOBAL ENERGY INC,KGEI
KOLIBRI GLOBAL ENERGY INC.,KGEI
KONA,KGKG
KONA GOLD,KGKG
KONA GOLD BEVERAGE INC,KGKG
"KONA GOLD BEVERAGE, INC.",KGKG
KONATEL INC,KTEL
"KONATEL,",KTEL
"KONATEL, INC.",KTEL
KONINKLIJKE,PHG
KONINKLIJKE,RYLPF
KONINKLIJKE PHILIPS,PHG
KONINKLIJKE PHILIPS,RYLPF
KONINKLIJKE PHILIPS NV,RYLPF
KONINKLIJKE PHILIPS NV,PHG
KONTOOR,KTB
KONTOOR BRANDS INC,KTB
"KONTOOR BRANDS,",KTB
"KONTOOR BRANDS, INC.",KTB
KOOTENAY,KOOYF
KOOTENAY SILVER,KOOYF
KOOTENAY SILVER INC,KOOYF
KOOTENAY SILVER INC.,KOOYF
KOPIN,KOPN
KOPIN CORP,KOPN
KOPPERS,KOP
KOPPERS HOLDINGS,KOP
KOPPERS HOLDINGS INC,KOP
KOPPERS HOLDINGS INC.,KOP
KORE,KORGW
KORE,KORE
KORE GROUP,KORGW
KORE GROUP,KORE
KORE GROUP HOLDINGS INC,KORGW
KORE GROUP HOLDINGS INC,KORE
"KORE GROUP HOLDINGS, INC.",KORGW
"KORE GROUP HOLDINGS, INC.",KORE
KOREA,KF
KOREA,KEP
KOREA ELECTRIC,KEP
KOREA ELECTRIC POWER,KEP
KOREA ELECTRIC POWER CORP,KEP
KOREA FUND,KF
KOREA FUND INC,KF
KORN,KFY
KORN FERRY,KFY
KORNIT,KRNT
KORNIT DIGITAL,KRNT
KORNIT DIGITAL LTD,KRNT
KORNIT DIGITAL LTD.,KRNT
KORRO,KRRO
KORRO BIO INC,KRRO
"KORRO BIO,",KRRO
"KORRO BIO, INC.",KRRO
KORU,KRMD
KORU MEDICAL,KRMD
KORU MEDICAL SYSTEMS INC,KRMD
"KORU MEDICAL SYSTEMS, INC.",KRMD
KORYX,KRYXF
KORYX COPPER,KRYXF
KORYX COPPER INC,KRYXF
KORYX COPPER INC.,KRYXF
KOSMOS,KOS
KOSMOS ENERGY,KOS
KOSMOS ENERGY LTD,KOS
KOSMOS ENERGY LTD.,KOS
KOSS,KOSS
KOSS CORP,KOSS
KRAFT,KHC
KRAFT HEINZ,KHC
KRAFT HEINZ CO,KHC
KRAIG,KBLB
KRAIG BIOCRAFT,KBLB
KRAIG BIOCRAFT LABORATORIES INC,KBLB
"KRAIG BIOCRAFT LABORATORIES, INC.",KBLB
KRAKEN,UUSAF
KRAKEN ENERGY,UUSAF
KRAKEN ENERGY CORP,UUSAF
KRAKEN ENERGY CORP.,UUSAF
KRATOS,KTOS
KRATOS DEFENSE,KTOS
KRATOS DEFENSE  SECURITY SOLUTIONS INC,KTOS
"KRATOS DEFENSE & SECURITY SOLUTIONS, INC.",KTOS
KRISPY,DNUT
KRISPY KREME INC,DNUT
"KRISPY KREME,",DNUT
"KRISPY KREME, INC.",DNUT
KROGER,KR
KROGER CO,KR
KRONOS,KNOS
KRONOS,KRO
KRONOS,KRON
KRONOS ADVANCED,KNOS
KRONOS ADVANCED TECHNOLOGIES INC,KNOS
KRONOS BIO INC,KRON
"KRONOS BIO,",KRON
"KRONOS BIO, INC.",KRON
KRONOS WORLDWIDE,KRO
KRONOS WORLDWIDE INC,KRO
KRTL,KRTL
KRTL HOLDING,KRTL
KRTL HOLDING GROUP INC,KRTL
KRYSTAL,KRYS
KRYSTAL BIOTECH INC,KRYS
"KRYSTAL BIOTECH,",KRYS
"KRYSTAL BIOTECH, INC.",KRYS
KT,KT
KT CORP,KT
KTECH SOLUTIONS CO,KMRK
KUBER,KUBR
KUBER RESOURCES,KUBR
KUBER RESOURCES CORP,KUBR
KUKE,KUKE
KUKE MUSIC,KUKE
KUKE MUSIC HOLDING,KUKE
KUKE MUSIC HOLDING LTD,KUKE
KULICKE,KLIC
KULICKE  SOFFA,KLIC
KULICKE & SOFFA INDUSTRIES INC,KLIC
KULR,KULR
KULR TECHNOLOGY,KULR
KULR TECHNOLOGY GROUP INC,KULR
"KULR TECHNOLOGY GROUP, INC.",KULR
KUMYANG,KMYGY
KUMYANG CO LTDADR,KMYGY
"KUMYANG CO.,",KMYGY
"KUMYANG CO., LTD./ADR",KMYGY
KUN,KPEA
KUN PENG,KPEA
KUN PENG INTERNATIONAL LTD,KPEA
KUN PENG INTERNATIONAL LTD.,KPEA
KURA,KRUS
KURA,KURA
KURA ONCOLOGY INC,KURA
"KURA ONCOLOGY,",KURA
"KURA ONCOLOGY, INC.",KURA
KURA SUSHI,KRUS
KURA SUSHI USA INC,KRUS
"KURA SUSHI USA, INC.",KRUS
KUTCHO,KCCFF
KUTCHO COPPER,KCCFF
KUTCHO COPPER CORP,KCCFF
KUTCHO COPPER CORP.,KCCFF
KVAC,MDER
KVAC (CAYMAN),MDER
KVAC (CAYMAN) LTD,MDER
KVAC CAYMAN,MDER
KVH,KVHI
KVH INDUSTRIES,KVHI
KVH INDUSTRIES INC DE,KVHI
KVH INDUSTRIES INC \DE\,KVHI
KWESST,KWE
KWESST,KWESW
KWESST MICRO,KWESW
KWESST MICRO,KWE
KWESST MICRO SYSTEMS INC,KWE
KWESST MICRO SYSTEMS INC,KWESW
KWESST MICRO SYSTEMS INC.,KWE
KWESST MICRO SYSTEMS INC.,KWESW
KWIKCLICK INC,KWIK
"KWIKCLICK,",KWIK
"KWIKCLICK, INC.",KWIK
KYIVSTAR,KYIV
KYIVSTAR GROUP,KYIV
KYIVSTAR GROUP LTD,KYIV
KYIVSTAR GROUP LTD.,KYIV
KYMERA,KYMR
KYMERA THERAPEUTICS INC,KYMR
"KYMERA THERAPEUTICS,",KYMR
"KYMERA THERAPEUTICS, INC.",KYMR
KYNDRYL,KD
KYNDRYL HOLDINGS INC,KD
"KYNDRYL HOLDINGS,",KD
"KYNDRYL HOLDINGS, INC.",KD
KYOTO,KYTFY
KYOTO,KYFGF
KYOTO FINANCIAL,KYTFY
KYOTO FINANCIAL,KYFGF
KYOTO FINANCIAL GROUP INC/ADR,KYFGF
KYOTO FINANCIAL GROUP INC/ADR,KYTFY
KYOTO FINANCIAL GROUP INCADR,KYTFY
KYOTO FINANCIAL GROUP INCADR,KYFGF
KYVERNA,KYTX
KYVERNA THERAPEUTICS INC,KYTX
"KYVERNA THERAPEUTICS,",KYTX
"KYVERNA THERAPEUTICS, INC.",KYTX
L AIR LIQUIDE SA /FI,AIQUF
L AIR LIQUIDE SA FI,AIQUF
L3HARRIS,LHX
L3HARRIS TECHNOLOGIES INC DE,LHX
"L3HARRIS TECHNOLOGIES,",LHX
"L3HARRIS TECHNOLOGIES, INC. /DE/",LHX
LA ROSA HOLDINGS CORP,LRHC
LA ROSA HOLDINGS CORP.,LRHC
LA-Z-BOY,LZB
LA-Z-BOY INC,LZB
LABCORP,LH
LABCORP HOLDINGS,LH
LABCORP HOLDINGS INC,LH
LABCORP HOLDINGS INC.,LH
LABORATORIOS,LRVIY
LABORATORIOS,LABFF
LABORATORIOS FARMACEUTICOS,LRVIY
LABORATORIOS FARMACEUTICOS,LABFF
LABORATORIOS FARMACEUTICOS ROVI SAADR,LABFF
LABORATORIOS FARMACEUTICOS ROVI SAADR,LRVIY
"LABORATORIOS FARMACEUTICOS ROVI, S.A./ADR",LRVIY
"LABORATORIOS FARMACEUTICOS ROVI, S.A./ADR",LABFF
LADDER,LADR
LADDER CAPITAL,LADR
LADDER CAPITAL CORP,LADR
LADRX,LADX
LADRX CORP,LADX
LAHONTAN,LGCXF
LAHONTAN GOLD,LGCXF
LAHONTAN GOLD CORP,LGCXF
LAHONTAN GOLD CORP.,LGCXF
LAIRD,LSF
LAIRD SUPERFOOD INC,LSF
"LAIRD SUPERFOOD,",LSF
"LAIRD SUPERFOOD, INC.",LSF
LAKE,LSBK
LAKE,LKSP
LAKE SHORE,LSBK
LAKE SHORE BANCORP INC,LSBK
"LAKE SHORE BANCORP, INC.",LSBK
LAKE SUPERIOR,LKSP
LAKE SUPERIOR ACQUISITION,LKSP
LAKE SUPERIOR ACQUISITION CORP,LKSP
LAKELAND,LKFN
LAKELAND,LAKE
LAKELAND FINANCIAL,LKFN
LAKELAND FINANCIAL CORP,LKFN
LAKELAND INDUSTRIES,LAKE
LAKELAND INDUSTRIES INC,LAKE
LAKESHORE,LSBPW
LAKESHORE,LCCCU
LAKESHORE,LCCCR
LAKESHORE,LSB
LAKESHORE,LCCC
LAKESHORE ACQUISITION,LCCCU
LAKESHORE ACQUISITION,LCCCR
LAKESHORE ACQUISITION,LCCC
LAKESHORE ACQUISITION III CORP,LCCCU
LAKESHORE ACQUISITION III CORP,LCCCR
LAKESHORE ACQUISITION III CORP,LCCC
LAKESHORE ACQUISITION III CORP.,LCCC
LAKESHORE ACQUISITION III CORP.,LCCCU
LAKESHORE ACQUISITION III CORP.,LCCCR
LAKESHORE BIOPHARMA,LSB
LAKESHORE BIOPHARMA,LSBPW
LAKESHORE BIOPHARMA CO LTD,LSB
LAKESHORE BIOPHARMA CO LTD,LSBPW
"LAKESHORE BIOPHARMA CO., LTD.",LSB
"LAKESHORE BIOPHARMA CO., LTD.",LSBPW
LAKESIDE,LSH
LAKESIDE HOLDING,LSH
LAKESIDE HOLDING LTD,LSH
LAM,LRCX
LAM RESEARCH,LRCX
LAM RESEARCH CORP,LRCX
LAMAR,LAMR
LAMAR ADVERTISING,LAMR
LAMAR ADVERTISING CO/NEW,LAMR
LAMAR ADVERTISING CONEW,LAMR
LAMB,LW
LAMB WESTON,LW
LAMB WESTON HOLDINGS INC,LW
"LAMB WESTON HOLDINGS, INC.",LW
LAMY,LMMY
LANCASTER,LANC
LANCASTER COLONY,LANC
LANCASTER COLONY CORP,LANC
LANDBAY,LNBY
LANDBAY INC,LNBY
LANDBRIDGE,LB
LANDBRIDGE CO,LB
LANDBRIDGE CO LLC,LB
LANDMARK,LARK
LANDMARK BANCORP,LARK
LANDMARK BANCORP INC,LARK
LANDS END INC,LE
LANDS',LE
"LANDS' END,",LE
"LANDS' END, INC.",LE
LANDSEA,LSEAW
LANDSEA,LSEA
LANDSEA HOMES,LSEAW
LANDSEA HOMES,LSEA
LANDSEA HOMES CORP,LSEA
LANDSEA HOMES CORP,LSEAW
LANDSTAR,LSTR
LANDSTAR SYSTEM,LSTR
LANDSTAR SYSTEM INC,LSTR
LANTERN,LTRN
LANTERN PHARMA,LTRN
LANTERN PHARMA INC,LTRN
LANTERN PHARMA INC.,LTRN
LANTHEUS,LNTH
LANTHEUS HOLDINGS INC,LNTH
"LANTHEUS HOLDINGS,",LNTH
"LANTHEUS HOLDINGS, INC.",LNTH
LANTRONIX,LTRX
LANTRONIX INC,LTRX
LANVIN,LANV
LANVIN GROUP,LANV
LANVIN GROUP HOLDINGS LTD,LANV
LANXESS,LNXSF
LANXESS,LNXSY
LANXESS AG,LNXSF
LANXESS AG,LNXSY
LANZATECH,LNZA
LANZATECH,LNZAW
LANZATECH GLOBAL INC,LNZAW
LANZATECH GLOBAL INC,LNZA
"LANZATECH GLOBAL,",LNZA
"LANZATECH GLOBAL,",LNZAW
"LANZATECH GLOBAL, INC.",LNZAW
"LANZATECH GLOBAL, INC.",LNZA
LAOPU,LPGCY
LAOPU GOLD,LPGCY
LAOPU GOLD CO LTDADR,LPGCY
LAOPU GOLD CO. LTD./ADR,LPGCY
LAPCO,LPCHY
LAPCO HOLDINGS,LPCHY
LAPCO HOLDINGS LIMITED/ADR,LPCHY
LAPCO HOLDINGS LIMITEDADR,LPCHY
LAREDO,LRDC
LAREDO OIL INC,LRDC
"LAREDO OIL,",LRDC
"LAREDO OIL, INC.",LRDC
LARGO,LGO
LARGO INC,LGO
LARGO INC.,LGO
LARIMAR,LRMR
LARIMAR THERAPEUTICS INC,LRMR
"LARIMAR THERAPEUTICS,",LRMR
"LARIMAR THERAPEUTICS, INC.",LRMR
LAS,LVS
LAS VEGAS,LVS
LAS VEGAS SANDS,LVS
LAS VEGAS SANDS CORP,LVS
LASER,LASE
LASER PHOTONICS,LASE
LASER PHOTONICS CORP,LASE
LATAM,LTM
LATAM AIRLINES,LTM
LATAM AIRLINES GROUP S.A.,LTM
LATAM AIRLINES GROUP SA,LTM
LATHAM,SWIM
LATHAM GROUP INC,SWIM
"LATHAM GROUP,",SWIM
"LATHAM GROUP, INC.",SWIM
LATTICE,LSCC
LATTICE SEMICONDUCTOR,LSCC
LATTICE SEMICONDUCTOR CORP,LSCC
LAUNCH,LPBB
LAUNCH,LPAAU
LAUNCH,LPAA
LAUNCH,LPAAW
LAUNCH,LPBBW
LAUNCH,LPBBU
LAUNCH ONE,LPAAU
LAUNCH ONE,LPAA
LAUNCH ONE,LPAAW
LAUNCH ONE ACQUISITION CORP,LPAAU
LAUNCH ONE ACQUISITION CORP,LPAA
LAUNCH ONE ACQUISITION CORP,LPAAW
LAUNCH ONE ACQUISITION CORP.,LPAAU
LAUNCH ONE ACQUISITION CORP.,LPAA
LAUNCH ONE ACQUISITION CORP.,LPAAW
LAUNCH TWO,LPBBU
LAUNCH TWO,LPBBW
LAUNCH TWO,LPBB
LAUNCH TWO ACQUISITION CORP,LPBBW
LAUNCH TWO ACQUISITION CORP,LPBBU
LAUNCH TWO ACQUISITION CORP,LPBB
LAUNCH TWO ACQUISITION CORP.,LPBBU
LAUNCH TWO ACQUISITION CORP.,LPBBW
LAUNCH TWO ACQUISITION CORP.,LPBB
LAUREATE,LAUR
LAUREATE EDUCATION INC,LAUR
"LAUREATE EDUCATION,",LAUR
"LAUREATE EDUCATION, INC.",LAUR
LAVA,LVTX
LAVA THERAPEUTICS,LVTX
LAVA THERAPEUTICS NV,LVTX
LAVORO,LVROW
LAVORO,LVRO
LAVORO LTD,LVROW
LAVORO LTD,LVRO
LAZARD,LGI
LAZARD GLOBAL,LGI
LAZARD GLOBAL TOTAL RETURN  INCOME FUND,LGI
LAZARD GLOBAL TOTAL RETURN & INCOME FUND INC,LGI
LAZARD INC,LAZ
"LAZARD,",LAZ
"LAZARD, INC.",LAZ
LAZBOY,LZB
LAZYDAYS,GORV
LAZYDAYS HOLDINGS INC,GORV
"LAZYDAYS HOLDINGS,",GORV
"LAZYDAYS HOLDINGS, INC.",GORV
LCI,LCII
LCI INDUSTRIES,LCII
LCNB,LCNB
LCNB CORP,LCNB
LEAD,LRE
LEAD REAL,LRE
LEAD REAL ESTATE CO,LRE
"LEAD REAL ESTATE CO., LTD",LRE
LEADER,LCHD
LEADER CAPITAL,LCHD
LEADER CAPITAL HOLDINGS CORP,LCHD
LEADER CAPITAL HOLDINGS CORP.,LCHD
LEADING,LDIN
LEADING PARTNERS,LDIN
LEADING PARTNERS LTD,LDIN
LEAFBUYER,LBUY
LEAFBUYER TECHNOLOGIES INC,LBUY
"LEAFBUYER TECHNOLOGIES,",LBUY
"LEAFBUYER TECHNOLOGIES, INC.",LBUY
LEAFLY,LFLYW
LEAFLY,LFLY
LEAFLY HOLDINGS INC DE,LFLYW
LEAFLY HOLDINGS INC DE,LFLY
"LEAFLY HOLDINGS,",LFLY
"LEAFLY HOLDINGS,",LFLYW
"LEAFLY HOLDINGS, INC. /DE",LFLY
"LEAFLY HOLDINGS, INC. /DE",LFLYW
LEAP,LPTX
LEAP THERAPEUTICS INC,LPTX
"LEAP THERAPEUTICS,",LPTX
"LEAP THERAPEUTICS, INC.",LPTX
LEAR,LEA
LEAR CORP,LEA
LEATT,LEAT
LEATT CORP,LEAT
LEDDARTECH,LDTC
LEDDARTECH,LDTCW
LEDDARTECH,LDTDF
LEDDARTECH,LDTCF
LEDDARTECH HOLDINGS,LDTDF
LEDDARTECH HOLDINGS,LDTC
LEDDARTECH HOLDINGS,LDTCW
LEDDARTECH HOLDINGS,LDTCF
LEDDARTECH HOLDINGS INC,LDTDF
LEDDARTECH HOLDINGS INC,LDTC
LEDDARTECH HOLDINGS INC,LDTCW
LEDDARTECH HOLDINGS INC,LDTCF
LEDDARTECH HOLDINGS INC.,LDTC
LEDDARTECH HOLDINGS INC.,LDTDF
LEDDARTECH HOLDINGS INC.,LDTCW
LEDDARTECH HOLDINGS INC.,LDTCF
LEE,LEE
LEE ENTERPRISES,LEE
"LEE ENTERPRISES,",LEE
"LEE ENTERPRISES, INC",LEE
LEET,LTESF
LEET TECHNOLOGY,LTESF
LEET TECHNOLOGY INC,LTESF
LEET TECHNOLOGY INC.,LTESF
LEGACY,LEGH
LEGACY,LGCY
LEGACY EDUCATION,LGCY
LEGACY EDUCATION INC,LGCY
LEGACY EDUCATION INC.,LGCY
LEGACY HOUSING,LEGH
LEGACY HOUSING CORP,LEGH
"LEGALZOOM.COM,",LZ
"LEGALZOOM.COM, INC.",LZ
LEGALZOOMCOM INC,LZ
LEGATO,LEGT
LEGATO MERGER,LEGT
LEGATO MERGER CORP III,LEGT
LEGATO MERGER CORP. III,LEGT
LEGEND,LPSIF
LEGEND,LGSP
LEGEND,LEGN
LEGEND BIOTECH,LEGN
LEGEND BIOTECH CORP,LEGN
LEGEND POWER,LPSIF
LEGEND POWER SYSTEMS INC,LPSIF
LEGEND POWER SYSTEMS INC.,LPSIF
LEGEND SPICES INC,LGSP
"LEGEND SPICES,",LGSP
"LEGEND SPICES, INC.",LGSP
LEGGETT,LEG
LEGGETT  PLATT,LEG
LEGGETT & PLATT INC,LEG
LEGIBLE,LEBGF
LEGIBLE INC,LEBGF
LEGIBLE INC.,LEBGF
LEHMAN,JBK
LEHMAN ABS,JBK
LEHMAN ABS CORP GOLDMAN SACHS CAP 1 SEC BACKED SER 2004-6,JBK
LEHMAN ABS CORP GOLDMAN SACHS CAP 1 SEC BACKED SER 20046,JBK
LEIDOS,LDOS
LEIDOS HOLDINGS INC,LDOS
"LEIDOS HOLDINGS,",LDOS
"LEIDOS HOLDINGS, INC.",LDOS
LEIFRAS,LFS
LEIFRAS CO LTD,LFS
"LEIFRAS CO.,",LFS
"LEIFRAS CO., LTD.",LFS
LEISHEN,LSE
LEISHEN ENERGY,LSE
LEISHEN ENERGY HOLDING CO LTD,LSE
"LEISHEN ENERGY HOLDING CO., LTD.",LSE
LELANTOS,LNTO
LELANTOS HOLDINGS,LNTO
LELANTOS HOLDINGS INC,LNTO
LELANTOS HOLDINGS INC.,LNTO
LEMAITRE,LMAT
LEMAITRE VASCULAR,LMAT
LEMAITRE VASCULAR INC,LMAT
LEMONADE INC,LMND
"LEMONADE,",LMND
"LEMONADE, INC.",LMND
LENDINGCLUB,LC
LENDINGCLUB CORP,LC
LENDINGTREE INC,TREE
"LENDINGTREE,",TREE
"LENDINGTREE, INC.",TREE
LENDWAY INC,LDWY
"LENDWAY,",LDWY
"LENDWAY, INC.",LDWY
LENNAR,LEN
LENNAR,LEN-B
LENNAR CORP,LEN
LENNAR CORP,LEN-B
LENNAR CORP /NEW/,LEN
LENNAR CORP /NEW/,LEN-B
LENNAR CORP NEW,LEN
LENNAR CORP NEW,LEN-B
LENNOX,LII
LENNOX INTERNATIONAL,LII
LENNOX INTERNATIONAL INC,LII
LENSAR INC,LNSR
"LENSAR,",LNSR
"LENSAR, INC.",LNSR
LENZ,LENZ
LENZ THERAPEUTICS INC,LENZ
"LENZ THERAPEUTICS,",LENZ
"LENZ THERAPEUTICS, INC.",LENZ
LEONARDO,DRS
LEONARDO DRS INC,DRS
"LEONARDO DRS,",DRS
"LEONARDO DRS, INC.",DRS
LEOPARD,LEEN
LEOPARD ENERGY INC,LEEN
"LEOPARD ENERGY,",LEEN
"LEOPARD ENERGY, INC.",LEEN
LESAKA,LSAK
LESAKA TECHNOLOGIES,LSAK
LESAKA TECHNOLOGIES INC,LSAK
"LESLIE'S,",LESL
"LESLIE'S, INC.",LESL
LESLIES INC,LESL
LEVEL,CSRIF
LEVEL 14 VENTURES LTD,CSRIF
LEVEL 14 VENTURES LTD.,CSRIF
LEVI,LEVI
LEVI STRAUSS,LEVI
LEVI STRAUSS & CO,LEVI
LEXARIA,LEXX
LEXARIA,LEXXW
LEXARIA BIOSCIENCE,LEXX
LEXARIA BIOSCIENCE,LEXXW
LEXARIA BIOSCIENCE CORP,LEXXW
LEXARIA BIOSCIENCE CORP,LEXX
LEXARIA BIOSCIENCE CORP.,LEXX
LEXARIA BIOSCIENCE CORP.,LEXXW
LEXEO,LXEO
LEXEO THERAPEUTICS INC,LXEO
"LEXEO THERAPEUTICS,",LXEO
"LEXEO THERAPEUTICS, INC.",LXEO
LEXICON,LXRX
LEXICON PHARMACEUTICALS INC,LXRX
"LEXICON PHARMACEUTICALS,",LXRX
"LEXICON PHARMACEUTICALS, INC.",LXRX
LEXINFINTECH,LX
LEXINFINTECH HOLDINGS,LX
LEXINFINTECH HOLDINGS LTD,LX
LEXINFINTECH HOLDINGS LTD.,LX
LFTD,LIFD
LFTD PARTNERS,LIFD
LFTD PARTNERS INC,LIFD
LFTD PARTNERS INC.,LIFD
LG DISPLAY CO LTD,LPL
"LG DISPLAY CO., LTD.",LPL
LGI,LGIH
LGI HOMES INC,LGIH
"LGI HOMES,",LGIH
"LGI HOMES, INC.",LGIH
LGL,LGL
LGL GROUP,LGL
LGL GROUP INC,LGL
LI AUTO INC,LI
LI AUTO INC,LAAOF
LI AUTO INC.,LI
LI AUTO INC.,LAAOF
LI BANG INTERNATIONAL CORP INC,LBGJ
LI BANG INTERNATIONAL CORP INC.,LBGJ
LI-CYCLE,LICYF
LI-CYCLE,LICYQ
LI-CYCLE HOLDINGS,LICYF
LI-CYCLE HOLDINGS,LICYQ
LI-CYCLE HOLDINGS CORP.,LICYQ
LI-CYCLE HOLDINGS CORP.,LICYF
LIANBIO,LIANY
LIANHE,LHSW
LIANHE SOWELL,LHSW
LIANHE SOWELL INTERNATIONAL GROUP LTD,LHSW
LIBERO,LBCMF
LIBERO COPPER,LBCMF
LIBERO COPPER  GOLD,LBCMF
LIBERO COPPER & GOLD CORP,LBCMF
LIBERTY,USA
LIBERTY,LBRDK
LIBERTY,LGDTF
LIBERTY,ASG
LIBERTY,LBTYB
LIBERTY,LILAB
LIBERTY,LDDFF
LIBERTY,LBSR
LIBERTY,LBRDB
LIBERTY,LBRDP
LIBERTY,LBRDA
LIBERTY,LBRT
LIBERTY,LLYVB
LIBERTY,FWONB
LIBERTY,LLYVA
LIBERTY,LBTYA
LIBERTY,FWONA
LIBERTY,LBTYK
LIBERTY,LILA
LIBERTY,FWONK
LIBERTY,LILAK
LIBERTY,LLYVK
LIBERTY ALL,USA
LIBERTY ALL,ASG
LIBERTY ALL STAR EQUITY FUND,USA
LIBERTY ALL STAR GROWTH FUND INC,ASG
LIBERTY ALL STAR GROWTH FUND INC.,ASG
LIBERTY BROADBAND,LBRDP
LIBERTY BROADBAND,LBRDK
LIBERTY BROADBAND,LBRDB
LIBERTY BROADBAND,LBRDA
LIBERTY BROADBAND CORP,LBRDP
LIBERTY BROADBAND CORP,LBRDK
LIBERTY BROADBAND CORP,LBRDB
LIBERTY BROADBAND CORP,LBRDA
LIBERTY DEFENSE,LDDFF
LIBERTY DEFENSE HOLDINGS LTD,LDDFF
"LIBERTY DEFENSE HOLDINGS, LTD.",LDDFF
LIBERTY ENERGY,LBRT
LIBERTY ENERGY INC,LBRT
LIBERTY ENERGY INC.,LBRT
LIBERTY GLOBAL,LBTYA
LIBERTY GLOBAL,LBTYB
LIBERTY GLOBAL,LBTYK
LIBERTY GLOBAL LTD,LBTYB
LIBERTY GLOBAL LTD,LBTYA
LIBERTY GLOBAL LTD,LBTYK
LIBERTY GLOBAL LTD.,LBTYB
LIBERTY GLOBAL LTD.,LBTYA
LIBERTY GLOBAL LTD.,LBTYK
LIBERTY GOLD,LGDTF
LIBERTY GOLD CORP CAN,LGDTF
LIBERTY GOLD CORP. /CAN,LGDTF
LIBERTY LATIN,LILA
LIBERTY LATIN,LILAK
LIBERTY LATIN,LILAB
LIBERTY LATIN AMERICA LTD,LILAK
LIBERTY LATIN AMERICA LTD,LILAB
LIBERTY LATIN AMERICA LTD,LILA
LIBERTY LATIN AMERICA LTD.,LILA
LIBERTY LATIN AMERICA LTD.,LILAK
LIBERTY LATIN AMERICA LTD.,LILAB
LIBERTY MEDIA,LLYVB
LIBERTY MEDIA,LLYVA
LIBERTY MEDIA,FWONA
LIBERTY MEDIA,LLYVK
LIBERTY MEDIA,FWONB
LIBERTY MEDIA,FWONK
LIBERTY MEDIA CORP,LLYVK
LIBERTY MEDIA CORP,FWONA
LIBERTY MEDIA CORP,LLYVB
LIBERTY MEDIA CORP,FWONK
LIBERTY MEDIA CORP,LLYVA
LIBERTY MEDIA CORP,FWONB
LIBERTY STAR,LBSR
LIBERTY STAR URANIUM  METALS CORP,LBSR
LIBERTY STAR URANIUM & METALS CORP.,LBSR
LICHEN,LICN
LICHEN INTERNATIONAL,LICN
LICHEN INTERNATIONAL LTD,LICN
LICYCLE HOLDINGS CORP,LICYF
LICYCLE HOLDINGS CORP,LICYQ
LIFE,LTH
LIFE TIME,LTH
LIFE TIME GROUP HOLDINGS INC,LTH
"LIFE TIME GROUP HOLDINGS, INC.",LTH
LIFE360 INC,LIF
LIFE360 INC,LIFX
"LIFE360,",LIFX
"LIFE360,",LIF
"LIFE360, INC.",LIFX
"LIFE360, INC.",LIF
LIFECORE,LFCR
LIFECORE BIOMEDICAL INC DE,LFCR
"LIFECORE BIOMEDICAL,",LFCR
"LIFECORE BIOMEDICAL, INC. \DE\",LFCR
LIFELOC,LCTC
LIFELOC TECHNOLOGIES,LCTC
"LIFELOC TECHNOLOGIES,",LCTC
"LIFELOC TECHNOLOGIES, INC",LCTC
LIFEMD INC,LFMDP
LIFEMD INC,LFMD
"LIFEMD,",LFMD
"LIFEMD,",LFMDP
"LIFEMD, INC.",LFMD
"LIFEMD, INC.",LFMDP
LIFEQUEST,LQWC
LIFEQUEST WORLD,LQWC
LIFEQUEST WORLD CORP,LQWC
LIFEQUEST WORLD CORP.,LQWC
LIFESPEAK,LSPKF
LIFESPEAK INC,LSPKF
LIFESPEAK INC.,LSPKF
LIFESTANCE,LFST
LIFESTANCE HEALTH,LFST
LIFESTANCE HEALTH GROUP INC,LFST
"LIFESTANCE HEALTH GROUP, INC.",LFST
LIFETIME,LCUT
LIFETIME BRANDS,LCUT
"LIFETIME BRANDS,",LCUT
"LIFETIME BRANDS, INC",LCUT
LIFEVANTAGE,LFVN
LIFEVANTAGE CORP,LFVN
LIFEWARD,LFWD
LIFEWARD LTD,LFWD
LIFEWARD LTD.,LFWD
LIFEWAY,LWAY
LIFEWAY FOODS INC,LWAY
"LIFEWAY FOODS,",LWAY
"LIFEWAY FOODS, INC.",LWAY
LIFEZONE,LZM
LIFEZONE METALS,LZM
LIFEZONE METALS LTD,LZM
LIGAND,LGNYZ
LIGAND,LGNXZ
LIGAND,LGNZZ
LIGAND,LGND
LIGAND,LGNDZ
LIGAND PHARMACEUTICALS,LGNDZ
LIGAND PHARMACEUTICALS,LGNZZ
LIGAND PHARMACEUTICALS,LGND
LIGAND PHARMACEUTICALS,LGNYZ
LIGAND PHARMACEUTICALS,LGNXZ
LIGAND PHARMACEUTICALS INC,LGNZZ
LIGAND PHARMACEUTICALS INC,LGNXZ
LIGAND PHARMACEUTICALS INC,LGNYZ
LIGAND PHARMACEUTICALS INC,LGNDZ
LIGAND PHARMACEUTICALS INC,LGND
LIGHT,LAWIL
LIGHT,LNW
LIGHT,OHCFF
LIGHT  WONDER INC,LAWIL
LIGHT  WONDER INC,LNW
"LIGHT & WONDER, INC.",LNW
"LIGHT & WONDER, INC.",LAWIL
LIGHT AI INC,OHCFF
LIGHT AI INC.,OHCFF
LIGHTBRIDGE,LTBR
LIGHTBRIDGE CORP,LTBR
LIGHTINTHEBOX,LITB
LIGHTINTHEBOX HOLDING,LITB
LIGHTINTHEBOX HOLDING CO LTD,LITB
"LIGHTINTHEBOX HOLDING CO., LTD.",LITB
LIGHTPATH,LPTH
LIGHTPATH TECHNOLOGIES,LPTH
LIGHTPATH TECHNOLOGIES INC,LPTH
LIGHTSPEED,LSPD
LIGHTSPEED COMMERCE,LSPD
LIGHTSPEED COMMERCE INC,LSPD
LIGHTSPEED COMMERCE INC.,LSPD
LIGHTSTONE,LTSV
LIGHTSTONE VALUE,LTSV
LIGHTSTONE VALUE PLUS REIT IV INC,LTSV
"LIGHTSTONE VALUE PLUS REIT IV, INC.",LTSV
LIGHTWAVE,LWLG
LIGHTWAVE,LWAC
LIGHTWAVE ACQUISITION,LWAC
LIGHTWAVE ACQUISITION CORP,LWAC
LIGHTWAVE ACQUISITION CORP.,LWAC
LIGHTWAVE LOGIC INC,LWLG
"LIGHTWAVE LOGIC,",LWLG
"LIGHTWAVE LOGIC, INC.",LWLG
LILIUM,LILMF
LILIUM,LILWF
LILIUM N.V.,LILMF
LILIUM N.V.,LILWF
LILIUM NV,LILMF
LILIUM NV,LILWF
LIMBACH,LMB
LIMBACH HOLDINGS INC,LMB
"LIMBACH HOLDINGS,",LMB
"LIMBACH HOLDINGS, INC.",LMB
LIMINATUS,LIMN
LIMINATUS,LIMNW
LIMINATUS PHARMA INC,LIMN
LIMINATUS PHARMA INC,LIMNW
"LIMINATUS PHARMA,",LIMNW
"LIMINATUS PHARMA,",LIMN
"LIMINATUS PHARMA, INC.",LIMNW
"LIMINATUS PHARMA, INC.",LIMN
LIMITLESS,LIMX
LIMITLESS X HOLDINGS INC,LIMX
LIMITLESS X HOLDINGS INC.,LIMX
LIMONEIRA,LMNR
LIMONEIRA CO,LMNR
LINCOLN,LNC
LINCOLN,LINC
LINCOLN,LECO
LINCOLN EDUCATIONAL,LINC
LINCOLN EDUCATIONAL SERVICES CORP,LINC
LINCOLN ELECTRIC,LECO
LINCOLN ELECTRIC HOLDINGS INC,LECO
LINCOLN NATIONAL,LNC
LINCOLN NATIONAL CORP,LNC
LINDBLAD,LIND
LINDBLAD EXPEDITIONS,LIND
LINDBLAD EXPEDITIONS HOLDINGS INC,LIND
"LINDBLAD EXPEDITIONS HOLDINGS, INC.",LIND
LINDE,LIN
LINDE PLC,LIN
LINDSAY,LNN
LINDSAY CORP,LNN
LINEAGE,LCTX
LINEAGE CELL,LCTX
LINEAGE CELL THERAPEUTICS INC,LCTX
"LINEAGE CELL THERAPEUTICS, INC.",LCTX
LINEAGE INC,LINE
"LINEAGE,",LINE
"LINEAGE, INC.",LINE
LINEAR,LINMF
LINEAR MINERALS,LINMF
LINEAR MINERALS CORP,LINMF
LINGERIE,BOTY
LINGERIE FIGHTING,BOTY
LINGERIE FIGHTING CHAMPIONSHIPS INC,BOTY
"LINGERIE FIGHTING CHAMPIONSHIPS, INC.",BOTY
LINKAGE,LGCB
LINKAGE GLOBAL,LGCB
LINKAGE GLOBAL INC,LGCB
LINKBANCORP INC,LNKB
"LINKBANCORP,",LNKB
"LINKBANCORP, INC.",LNKB
LINKERS,LNKS
LINKERS INDUSTRIES,LNKS
LINKERS INDUSTRIES LTD,LNKS
LINKHOME,LHAI
LINKHOME HOLDINGS,LHAI
LINKHOME HOLDINGS INC,LHAI
LINKHOME HOLDINGS INC.,LHAI
LION,LRRIF
LION,LGHLW
LION,LGHL
LION,LOMWF
LION,LCGMF
LION,LEGWQ
LION,LEVWQ
LION,LOMLF
LION,LEVGQ
LION COPPER,LCGMF
LION COPPER  GOLD CORP,LCGMF
LION COPPER & GOLD CORP.,LCGMF
LION ELECTRIC,LEVWQ
LION ELECTRIC,LEVGQ
LION ELECTRIC,LEGWQ
LION ELECTRIC CO,LEVGQ
LION ELECTRIC CO,LEGWQ
LION ELECTRIC CO,LEVWQ
LION GROUP,LGHLW
LION GROUP,LGHL
LION GROUP HOLDING,LGHLW
LION GROUP HOLDING,LGHL
LION GROUP HOLDING LTD,LGHLW
LION GROUP HOLDING LTD,LGHL
LION ONE,LOMWF
LION ONE,LOMLF
LION ONE METALS LTD,LOMWF
LION ONE METALS LTD,LOMLF
LION ONE METALS LTD.,LOMLF
LION ONE METALS LTD.,LOMWF
LION ROCK,LRRIF
LION ROCK RESOURCES INC,LRRIF
LION ROCK RESOURCES INC.,LRRIF
LIONHEART,CUBWW
LIONHEART,CUBWU
LIONHEART,CUB
LIONHEART HOLDINGS,CUBWU
LIONHEART HOLDINGS,CUBWW
LIONHEART HOLDINGS,CUB
LIONSGATE,LION
LIONSGATE STUDIOS,LION
LIONSGATE STUDIOS CORP,LION
LIONSGATE STUDIOS CORP.,LION
LIPELLA,LIPO
LIPELLA PHARMACEUTICALS,LIPO
LIPELLA PHARMACEUTICALS INC,LIPO
LIPELLA PHARMACEUTICALS INC.,LIPO
LIPOCINE,LPCN
LIPOCINE INC,LPCN
LIPOCINE INC.,LPCN
LIQTECH,LIQT
LIQTECH INTERNATIONAL,LIQT
LIQTECH INTERNATIONAL INC,LIQT
LIQUIDIA,LQDA
LIQUIDIA CORP,LQDA
LIQUIDITY,LQDT
LIQUIDITY SERVICES,LQDT
LIQUIDITY SERVICES INC,LQDT
LIQUIDMETAL,LQMT
LIQUIDMETAL TECHNOLOGIES,LQMT
LIQUIDMETAL TECHNOLOGIES INC,LQMT
LIQUIDVALUE,LVDW
LIQUIDVALUE DEVELOPMENT,LVDW
LIQUIDVALUE DEVELOPMENT INC,LVDW
LIQUIDVALUE DEVELOPMENT INC.,LVDW
LISATA,LSTA
LISATA THERAPEUTICS INC,LSTA
"LISATA THERAPEUTICS,",LSTA
"LISATA THERAPEUTICS, INC.",LSTA
LITHIA,LAD
LITHIA MOTORS,LAD
LITHIA MOTORS INC,LAD
LITHIUM,LISMF
LITHIUM,LAC
LITHIUM,LTUM
LITHIUM,LAR
LITHIUM AMERICAS,LAC
LITHIUM AMERICAS CORP,LAC
LITHIUM AMERICAS CORP.,LAC
LITHIUM ARGENTINA,LAR
LITHIUM ARGENTINA AG,LAR
LITHIUM CORP,LTUM
LITHIUM SOUTH,LISMF
LITHIUM SOUTH DEVELOPMENT,LISMF
LITHIUM SOUTH DEVELOPMENT CORP,LISMF
LITHOS,LITSD
LITHOS GROUP,LITSD
LITHOS GROUP LTD,LITSD
LITHOS GROUP LTD.,LITSD
LITTELFUSE,LFUS
LITTELFUSE INC,LFUS
LITTELFUSE INC /DE,LFUS
LITTELFUSE INC DE,LFUS
LIVANOVA,LIVN
LIVANOVA PLC,LIVN
LIVE,LIVE
LIVE,LYV
LIVE,LOKV
LIVE,LOB
LIVE,LOKVW
LIVE,LOKVU
LIVE NATION,LYV
LIVE NATION ENTERTAINMENT INC,LYV
"LIVE NATION ENTERTAINMENT, INC.",LYV
LIVE OAK,LOKVW
LIVE OAK,LOKVU
LIVE OAK,LOKV
LIVE OAK,LOB
LIVE OAK ACQUISITION CORP V,LOKVW
LIVE OAK ACQUISITION CORP V,LOKV
LIVE OAK ACQUISITION CORP V,LOKVU
LIVE OAK ACQUISITION CORP. V,LOKVU
LIVE OAK ACQUISITION CORP. V,LOKVW
LIVE OAK ACQUISITION CORP. V,LOKV
LIVE OAK BANCSHARES INC,LOB
"LIVE OAK BANCSHARES, INC.",LOB
LIVE VENTURES,LIVE
LIVE VENTURES INC,LIVE
LIVECARE INC,LVCE
"LIVECARE,",LVCE
"LIVECARE, INC.",LVCE
LIVENTO,NUGN
LIVENTO GROUP INC,NUGN
"LIVENTO GROUP,",NUGN
"LIVENTO GROUP, INC.",NUGN
LIVEONE INC,LVO
"LIVEONE,",LVO
"LIVEONE, INC.",LVO
LIVEPERSON,LPSN
LIVEPERSON INC,LPSN
LIVERAMP,RAMP
LIVERAMP HOLDINGS INC,RAMP
"LIVERAMP HOLDINGS,",RAMP
"LIVERAMP HOLDINGS, INC.",RAMP
LIVEWIRE,LVWR
LIVEWIRE GROUP INC,LVWR
"LIVEWIRE GROUP,",LVWR
"LIVEWIRE GROUP, INC.",LVWR
LIVING,LHI
LIVING HOMEOPATHY,LHI
LIVING HOMEOPATHY INTERNATIONAL LTD,LHI
LIVING HOMEOPATHY INTERNATIONAL LTD.,LHI
LIXIANG,LXEH
LIXIANG EDUCATION,LXEH
LIXIANG EDUCATION HOLDING CO LTD,LXEH
LIXIANG EDUCATION HOLDING CO. LTD.,LXEH
LIXTE,LIXT
LIXTE,LIXTW
LIXTE BIOTECHNOLOGY,LIXT
LIXTE BIOTECHNOLOGY,LIXTW
LIXTE BIOTECHNOLOGY HOLDINGS INC,LIXT
LIXTE BIOTECHNOLOGY HOLDINGS INC,LIXTW
"LIXTE BIOTECHNOLOGY HOLDINGS, INC.",LIXT
"LIXTE BIOTECHNOLOGY HOLDINGS, INC.",LIXTW
LKQ,LKQ
LKQ CORP,LKQ
LLOYDS,LYG
LLOYDS,LLOBF
LLOYDS,LLDTF
LLOYDS BANKING,LLOBF
LLOYDS BANKING,LLDTF
LLOYDS BANKING,LYG
LLOYDS BANKING GROUP PLC,LYG
LLOYDS BANKING GROUP PLC,LLOBF
LLOYDS BANKING GROUP PLC,LLDTF
LM FUNDING AMERICA INC,LMFA
"LM FUNDING AMERICA, INC.",LMFA
LMP,SCD
LMP CAPITAL,SCD
LMP CAPITAL  INCOME FUND INC,SCD
LMP CAPITAL & INCOME FUND INC.,SCD
LOANDEPOT INC,LDI
"LOANDEPOT,",LDI
"LOANDEPOT, INC.",LDI
LOAR,LOAR
LOAR HOLDINGS,LOAR
LOAR HOLDINGS INC,LOAR
LOAR HOLDINGS INC.,LOAR
LOBO,LOBO
LOBO EV,LOBO
LOBO EV TECHNOLOGIES LTD,LOBO
LOCAFY,LCFYW
LOCAFY,LCFY
LOCAFY LTD,LCFYW
LOCAFY LTD,LCFY
LOCAL,LOCL
LOCAL,LOCLW
LOCAL BOUNTI,LOCL
LOCAL BOUNTI,LOCLW
LOCAL BOUNTI CORPORATION/DE,LOCLW
LOCAL BOUNTI CORPORATION/DE,LOCL
LOCAL BOUNTI CORPORATIONDE,LOCL
LOCAL BOUNTI CORPORATIONDE,LOCLW
LOCKHEED,LMT
LOCKHEED MARTIN,LMT
LOCKHEED MARTIN CORP,LMT
LOEWS,L
LOEWS CORP,L
LOGAN,LRFC
LOGAN RIDGE,LRFC
LOGAN RIDGE FINANCE CORP,LRFC
LOGAN RIDGE FINANCE CORP.,LRFC
LOGICMARK INC,LGMK
"LOGICMARK,",LGMK
"LOGICMARK, INC.",LGMK
LOGISTIC,LPA
LOGISTIC PROPERTIES,LPA
LOGISTIC PROPERTIES OF THE AMERICAS,LPA
LOGITECH,LOGI
LOGITECH INTERNATIONAL,LOGI
LOGITECH INTERNATIONAL S.A.,LOGI
LOGITECH INTERNATIONAL SA,LOGI
LOGPROSTYLE,LGPS
LOGPROSTYLE INC,LGPS
LOGPROSTYLE INC.,LGPS
LOMA,LOMA
LOMA NEGRA,LOMA
LOMA NEGRA COMPANIA INDUSTRIAL ARGENTINA SOCIEDAD ANONIMA,LOMA
LOMIKO,LMRMF
LOMIKO METALS,LMRMF
LOMIKO METALS INC,LMRMF
LOMIKO METALS INC.,LMRMF
LONCOR,LONCF
LONCOR GOLD,LONCF
LONCOR GOLD INC,LONCF
LONCOR GOLD INC.,LONCF
LONDAX,LDXC
LONDAX CORP,LDXC
LONDAX CORP.,LDXC
LONGDUODUO,LDDD
LONGDUODUO CO,LDDD
LONGDUODUO CO LTD,LDDD
LONGEVERON,LGVN
LONGEVERON INC,LGVN
LONGEVERON INC.,LGVN
LONGEVITY,XAGEW
LONGEVITY,XAGE
LONGEVITY HEALTH,XAGEW
LONGEVITY HEALTH,XAGE
LONGEVITY HEALTH HOLDINGS INC,XAGE
LONGEVITY HEALTH HOLDINGS INC,XAGEW
"LONGEVITY HEALTH HOLDINGS, INC.",XAGE
"LONGEVITY HEALTH HOLDINGS, INC.",XAGEW
LOOP,LOOP
LOOP,LPTV
LOOP INDUSTRIES INC,LOOP
"LOOP INDUSTRIES,",LOOP
"LOOP INDUSTRIES, INC.",LOOP
LOOP MEDIA INC,LPTV
"LOOP MEDIA,",LPTV
"LOOP MEDIA, INC.",LPTV
LORD,LARAX
LORD ABBETT,LARAX
LORD ABBETT CREDIT OPPORTUNITIES FUND,LARAX
LOTTERY.COM,LTRYW
LOTTERY.COM,LTRY
LOTTERY.COM INC.,LTRY
LOTTERY.COM INC.,LTRYW
LOTTERYCOM INC,LTRYW
LOTTERYCOM INC,LTRY
LOTTOMATICA,LTMGF
LOTTOMATICA,LOTMY
LOTTOMATICA GROUP,LTMGF
LOTTOMATICA GROUP,LOTMY
LOTTOMATICA GROUP S.P.A./ADR,LTMGF
LOTTOMATICA GROUP S.P.A./ADR,LOTMY
LOTTOMATICA GROUP SPAADR,LTMGF
LOTTOMATICA GROUP SPAADR,LOTMY
LOTUS,LOTWW
LOTUS,LOT
LOTUS TECHNOLOGY,LOTWW
LOTUS TECHNOLOGY,LOT
LOTUS TECHNOLOGY INC,LOT
LOTUS TECHNOLOGY INC,LOTWW
LOTUS TECHNOLOGY INC.,LOT
LOTUS TECHNOLOGY INC.,LOTWW
LOUIS,LSHGF
LOUIS,LSHGY
LOUIS HACHETTE,LSHGY
LOUIS HACHETTE,LSHGF
LOUIS HACHETTE GROUP/ADR,LSHGF
LOUIS HACHETTE GROUP/ADR,LSHGY
LOUIS HACHETTE GROUPADR,LSHGF
LOUIS HACHETTE GROUPADR,LSHGY
LOUISIANA-PACIFIC,LPX
LOUISIANA-PACIFIC CORP,LPX
LOUISIANAPACIFIC,LPX
LOVESAC,LOVE
LOVESAC CO,LOVE
LOWELL,LOWLF
LOWELL FARMS,LOWLF
LOWELL FARMS INC,LOWLF
LOWELL FARMS INC.,LOWLF
LOWES,LOW
LOWES COMPANIES,LOW
LOWES COMPANIES INC,LOW
LPL,LPLA
LPL FINANCIAL,LPLA
LPL FINANCIAL HOLDINGS INC,LPLA
LPL FINANCIAL HOLDINGS INC.,LPLA
LQR,YHC
LQR HOUSE,YHC
LQR HOUSE INC,YHC
LQR HOUSE INC.,YHC
LSB,LXU
LSB INDUSTRIES INC,LXU
"LSB INDUSTRIES,",LXU
"LSB INDUSTRIES, INC.",LXU
LSEB,LSEB
LSEB CREATIVE,LSEB
LSEB CREATIVE CORP,LSEB
LSEB CREATIVE CORP.,LSEB
LSI,LYTS
LSI INDUSTRIES,LYTS
LSI INDUSTRIES INC,LYTS
LTC,LTC
LTC PROPERTIES,LTC
LTC PROPERTIES INC,LTC
LUCAS,LGCL
LUCAS GC,LGCL
LUCAS GC LTD,LGCL
LUCENT INC,LUCN
"LUCENT,",LUCN
"LUCENT, INC.",LUCN
LUCID,LCID
LUCID,LUCD
LUCID DIAGNOSTICS,LUCD
LUCID DIAGNOSTICS INC,LUCD
LUCID DIAGNOSTICS INC.,LUCD
LUCID GROUP INC,LCID
"LUCID GROUP,",LCID
"LUCID GROUP, INC.",LCID
LUCKIN,LKNCY
LUCKIN COFFEE,LKNCY
LUCKIN COFFEE INC,LKNCY
LUCKIN COFFEE INC.,LKNCY
LUCKY,LUCK
LUCKY STRIKE,LUCK
LUCKY STRIKE ENTERTAINMENT,LUCK
LUCKY STRIKE ENTERTAINMENT CORP,LUCK
LUDA,LUD
LUDA TECHNOLOGY,LUD
LUDA TECHNOLOGY GROUP LTD,LUD
LUDUSON,LDSN
LUDUSON G INC,LDSN
LUDUSON G INC.,LDSN
LUDWIG,LUDG
LUDWIG ENTERPRISES INC,LUDG
"LUDWIG ENTERPRISES,",LUDG
"LUDWIG ENTERPRISES, INC.",LUDG
LUFAX,LU
LUFAX HOLDING,LU
LUFAX HOLDING LTD,LU
LULU'S,LVLU
LULU'S FASHION,LVLU
"LULU'S FASHION LOUNGE HOLDINGS, INC.",LVLU
LULULEMON,LULU
LULULEMON ATHLETICA,LULU
LULULEMON ATHLETICA INC,LULU
LULULEMON ATHLETICA INC.,LULU
LULUS FASHION LOUNGE HOLDINGS INC,LVLU
LUMEN,LUMN
LUMEN TECHNOLOGIES INC,LUMN
"LUMEN TECHNOLOGIES,",LUMN
"LUMEN TECHNOLOGIES, INC.",LUMN
LUMENT,LFT
LUMENT FINANCE,LFT
LUMENT FINANCE TRUST INC,LFT
"LUMENT FINANCE TRUST, INC.",LFT
LUMENTUM,LITE
LUMENTUM HOLDINGS,LITE
LUMENTUM HOLDINGS INC,LITE
LUMENTUM HOLDINGS INC.,LITE
LUMINAR,LAZR
LUMINAR TECHNOLOGIES INCDE,LAZR
"LUMINAR TECHNOLOGIES,",LAZR
"LUMINAR TECHNOLOGIES, INC./DE",LAZR
LUOKUNG,LKCOF
LUOKUNG TECHNOLOGY,LKCOF
LUOKUNG TECHNOLOGY CORP,LKCOF
LUOKUNG TECHNOLOGY CORP.,LKCOF
LUVU,LUVU
LUVU BRANDS INC,LUVU
"LUVU BRANDS,",LUVU
"LUVU BRANDS, INC.",LUVU
LUXEXPERIENCE,LUXE
LUXEXPERIENCE B.V.,LUXE
LUXEXPERIENCE BV,LUXE
LUXFER,LXFR
LUXFER HOLDINGS,LXFR
LUXFER HOLDINGS PLC,LXFR
LUXURBAN,LUXH
LUXURBAN,LUXHP
LUXURBAN HOTELS,LUXHP
LUXURBAN HOTELS,LUXH
LUXURBAN HOTELS INC,LUXH
LUXURBAN HOTELS INC,LUXHP
LUXURBAN HOTELS INC.,LUXH
LUXURBAN HOTELS INC.,LUXHP
LVPAI,LVPA
LVPAI GROUP,LVPA
LVPAI GROUP LTD,LVPA
LXP,LXP
LXP INDUSTRIAL,LXP
LXP INDUSTRIAL TRUST,LXP
LYELL,LYEL
LYELL IMMUNOPHARMA INC,LYEL
"LYELL IMMUNOPHARMA,",LYEL
"LYELL IMMUNOPHARMA, INC.",LYEL
LYFT INC,LYFT
"LYFT,",LYFT
"LYFT, INC.",LYFT
LYONDELLBASELL,LYB
LYONDELLBASELL INDUSTRIES,LYB
LYONDELLBASELL INDUSTRIES N.V.,LYB
LYONDELLBASELL INDUSTRIES NV,LYB
LYRA,LYRA
LYRA THERAPEUTICS INC,LYRA
"LYRA THERAPEUTICS,",LYRA
"LYRA THERAPEUTICS, INC.",LYRA
LYTUS,LYTHF
LYTUS TECHNOLOGIES,LYTHF
LYTUS TECHNOLOGIES HOLDINGS PTV LTD,LYTHF
LYTUS TECHNOLOGIES HOLDINGS PTV. LTD.,LYTHF
LZ TECHNOLOGY,LZMH
LZ TECHNOLOGY HOLDINGS LTD,LZMH
M&G,MGPUF
M&G,MGPFY
M&G PLC/ADR,MGPUF
M&G PLC/ADR,MGPFY
M&T,MTB
M&T BANK,MTB
M&T BANK CORP,MTB
M-TRON,MPTI
"M-TRON INDUSTRIES,",MPTI
"M-TRON INDUSTRIES, INC.",MPTI
M/I,MHO
"M/I HOMES,",MHO
"M/I HOMES, INC.",MHO
M2I,MTWO
M2I GLOBAL INC,MTWO
"M2I GLOBAL,",MTWO
"M2I GLOBAL, INC.",MTWO
M3-BRIGADE,MBAVW
M3-BRIGADE,MBAVU
M3-BRIGADE,MBAV
M3-BRIGADE ACQUISITION,MBAVW
M3-BRIGADE ACQUISITION,MBAV
M3-BRIGADE ACQUISITION,MBAVU
M3-BRIGADE ACQUISITION V CORP.,MBAV
M3-BRIGADE ACQUISITION V CORP.,MBAVW
M3-BRIGADE ACQUISITION V CORP.,MBAVU
M3BRIGADE ACQUISITION V CORP,MBAVU
M3BRIGADE ACQUISITION V CORP,MBAVW
M3BRIGADE ACQUISITION V CORP,MBAV
MAASE,MAAS
MAASE INC,MAAS
MAASE INC.,MAAS
MABUCHI,MBUMF
MABUCHI MOTOR,MBUMF
MABUCHI MOTOR CO LTDADR,MBUMF
"MABUCHI MOTOR CO., LTD./ADR",MBUMF
MAC,MTAL
MAC COPPER,MTAL
MAC COPPER LTD,MTAL
MACERICH,MAC
MACERICH CO,MAC
MACH,MNR
MACH NATURAL,MNR
MACH NATURAL RESOURCES,MNR
MACH NATURAL RESOURCES LP,MNR
MACHTEN INC,MACT
"MACHTEN,",MACT
"MACHTEN, INC.",MACT
MACKENZIE,MKZR
MACKENZIE REALTY,MKZR
MACKENZIE REALTY CAPITAL INC,MKZR
"MACKENZIE REALTY CAPITAL, INC.",MKZR
MACOM,MTSI
MACOM TECHNOLOGY,MTSI
MACOM TECHNOLOGY SOLUTIONS HOLDINGS INC,MTSI
"MACOM TECHNOLOGY SOLUTIONS HOLDINGS, INC.",MTSI
MACREPORT,MRPT
MACREPORT NET,MRPT
MACREPORT NET INC,MRPT
MACRO,BMA
MACRO BANK,BMA
MACRO BANK INC,BMA
MACRO BANK INC.,BMA
MACROGENICS,MGNX
MACROGENICS INC,MGNX
"MACY'S,",M
"MACY'S, INC.",M
MACYS INC,M
MADISON,MSGE
MADISON,MSGS
MADISON SQUARE,MSGE
MADISON SQUARE,MSGS
MADISON SQUARE GARDEN ENTERTAINMENT CORP,MSGE
MADISON SQUARE GARDEN ENTERTAINMENT CORP.,MSGE
MADISON SQUARE GARDEN SPORTS CORP,MSGS
MADISON SQUARE GARDEN SPORTS CORP.,MSGS
MADRIGAL,MDGL
MADRIGAL PHARMACEUTICALS INC,MDGL
"MADRIGAL PHARMACEUTICALS,",MDGL
"MADRIGAL PHARMACEUTICALS, INC.",MDGL
MAG,MAG
MAG,MGNC
MAG,MMCP
MAG MAGNA,MGNC
MAG MAGNA CORP,MGNC
MAG MILE,MMCP
MAG MILE CAPITAL INC,MMCP
"MAG MILE CAPITAL, INC.",MMCP
MAG SILVER,MAG
MAG SILVER CORP,MAG
MAGELLAN,MAGE
MAGELLAN COPPER,MAGE
MAGELLAN COPPER  GOLD,MAGE
MAGELLAN COPPER & GOLD CORP,MAGE
MAGIC,MEGL
MAGIC,MGIC
MAGIC EMPIRE,MEGL
MAGIC EMPIRE GLOBAL,MEGL
MAGIC EMPIRE GLOBAL LTD,MEGL
MAGIC SOFTWARE,MGIC
MAGIC SOFTWARE ENTERPRISES,MGIC
MAGIC SOFTWARE ENTERPRISES LTD,MGIC
MAGNA,MGMNF
MAGNA,MGA
MAGNA INTERNATIONAL,MGA
MAGNA INTERNATIONAL INC,MGA
MAGNA MINING,MGMNF
MAGNA MINING INC,MGMNF
MAGNA MINING INC.,MGMNF
MAGNACHIP,MX
MAGNACHIP SEMICONDUCTOR,MX
MAGNACHIP SEMICONDUCTOR CORP,MX
MAGNERA,MAGN
MAGNERA CORP,MAGN
MAGNITE INC,MGNI
"MAGNITE,",MGNI
"MAGNITE, INC.",MGNI
MAGNITUDE,MAGH
MAGNITUDE INTERNATIONAL,MAGH
MAGNITUDE INTERNATIONAL LTD,MAGH
MAGNOLIA,MGNO
MAGNOLIA,MGY
MAGNOLIA BANCORP INC,MGNO
"MAGNOLIA BANCORP,",MGNO
"MAGNOLIA BANCORP, INC.",MGNO
MAGNOLIA OIL,MGY
MAGNOLIA OIL  GAS,MGY
MAGNOLIA OIL & GAS CORP,MGY
MAGYAR,MGYR
MAGYAR BANCORP INC,MGYR
"MAGYAR BANCORP,",MGYR
"MAGYAR BANCORP, INC.",MGYR
MAIA,MAIA
MAIA BIOTECHNOLOGY INC,MAIA
"MAIA BIOTECHNOLOGY,",MAIA
"MAIA BIOTECHNOLOGY, INC.",MAIA
MAIDEN,MHNC
MAIDEN,MHLA
MAIDEN HOLDINGS LTD,MHNC
MAIDEN HOLDINGS LTD,MHLA
"MAIDEN HOLDINGS,",MHLA
"MAIDEN HOLDINGS,",MHNC
"MAIDEN HOLDINGS, LTD.",MHNC
"MAIDEN HOLDINGS, LTD.",MHLA
MAIN,MAIN
MAIN STREET,MAIN
MAIN STREET CAPITAL,MAIN
MAIN STREET CAPITAL CORP,MAIN
MAINSTREET,MNSB
MAINSTREET,MNSBP
MAINSTREET BANCSHARES INC,MNSB
MAINSTREET BANCSHARES INC,MNSBP
"MAINSTREET BANCSHARES,",MNSBP
"MAINSTREET BANCSHARES,",MNSB
"MAINSTREET BANCSHARES, INC.",MNSB
"MAINSTREET BANCSHARES, INC.",MNSBP
MAINZ,MYNZ
MAINZ BIOMED,MYNZ
MAINZ BIOMED N.V.,MYNZ
MAINZ BIOMED NV,MYNZ
MAISON,MASN
MAISON,MSS
MAISON LUXE INC,MASN
"MAISON LUXE,",MASN
"MAISON LUXE, INC.",MASN
MAISON SOLUTIONS,MSS
MAISON SOLUTIONS INC,MSS
MAISON SOLUTIONS INC.,MSS
MAITONG,MGSD
MAITONG SUNSHINE,MGSD
MAITONG SUNSHINE CULTURAL DEVELOPMENT CO,MGSD
"MAITONG SUNSHINE CULTURAL DEVELOPMENT CO., LTD",MGSD
MAJESTIC,MJID
MAJESTIC IDEAL,MJID
MAJESTIC IDEAL HOLDINGS LTD,MJID
MAKEMYTRIP,MMYT
MAKEMYTRIP LTD,MMYT
MALIBU,MBUU
MALIBU BOATS INC,MBUU
"MALIBU BOATS,",MBUU
"MALIBU BOATS, INC.",MBUU
MAMA'S,MAMA
"MAMA'S CREATIONS,",MAMA
"MAMA'S CREATIONS, INC.",MAMA
MAMAS CREATIONS INC,MAMA
MAMMOTH,TUSK
MAMMOTH ENERGY,TUSK
MAMMOTH ENERGY SERVICES INC,TUSK
"MAMMOTH ENERGY SERVICES, INC.",TUSK
MANCHESTER,MANU
MANCHESTER UNITED,MANU
MANCHESTER UNITED PLC,MANU
MANDATUM,MDDTY
MANDATUM,MANDF
MANDATUM OYJ/ADR,MANDF
MANDATUM OYJ/ADR,MDDTY
MANDATUM OYJADR,MANDF
MANDATUM OYJADR,MDDTY
MANGOCEUTICALS INC,MGRX
"MANGOCEUTICALS,",MGRX
"MANGOCEUTICALS, INC.",MGRX
MANHATTAN,MANH
MANHATTAN,LOAN
MANHATTAN ASSOCIATES,MANH
MANHATTAN ASSOCIATES INC,MANH
MANHATTAN BRIDGE,LOAN
MANHATTAN BRIDGE CAPITAL,LOAN
"MANHATTAN BRIDGE CAPITAL, INC",LOAN
MANITOWOC,MTW
MANITOWOC CO INC,MTW
MANNATECH,MTEX
MANNATECH INC,MTEX
MANNKIND,MNKD
MANNKIND CORP,MNKD
MANPOWERGROUP,MAN
MANPOWERGROUP INC,MAN
MANPOWERGROUP INC.,MAN
MANULIFE,MNQFF
MANULIFE,MFC
MANULIFE,MNLCF
MANULIFE,MNUFF
MANULIFE FINANCIAL,MFC
MANULIFE FINANCIAL,MNLCF
MANULIFE FINANCIAL,MNQFF
MANULIFE FINANCIAL,MNUFF
MANULIFE FINANCIAL CORP,MNUFF
MANULIFE FINANCIAL CORP,MFC
MANULIFE FINANCIAL CORP,MNQFF
MANULIFE FINANCIAL CORP,MNLCF
MAPLEBEAR,CART
MAPLEBEAR INC,CART
MAPLEBEAR INC.,CART
MAQUIA,MAQCW
MAQUIA,MAQC
MAQUIA CAPITAL,MAQCW
MAQUIA CAPITAL,MAQC
MAQUIA CAPITAL ACQUISITION,MAQCW
MAQUIA CAPITAL ACQUISITION,MAQC
MAQUIA CAPITAL ACQUISITION CORP,MAQC
MAQUIA CAPITAL ACQUISITION CORP,MAQCW
MARA,MARA
MARA HOLDINGS INC,MARA
"MARA HOLDINGS,",MARA
"MARA HOLDINGS, INC.",MARA
MARATHON,MBBC
MARATHON,MPC
MARATHON BANCORP INC MD,MBBC
"MARATHON BANCORP,",MBBC
"MARATHON BANCORP, INC. /MD/",MBBC
MARATHON PETROLEUM,MPC
MARATHON PETROLEUM CORP,MPC
MARAVAI,MRVI
MARAVAI LIFESCIENCES,MRVI
MARAVAI LIFESCIENCES HOLDINGS INC,MRVI
"MARAVAI LIFESCIENCES HOLDINGS, INC.",MRVI
MARBLEGATE,MGTEW
MARBLEGATE,MGTE
MARBLEGATE CAPITAL,MGTEW
MARBLEGATE CAPITAL,MGTE
MARBLEGATE CAPITAL CORP,MGTE
MARBLEGATE CAPITAL CORP,MGTEW
MARCHEX,MCHX
MARCHEX INC,MCHX
MARCUS,MCS
MARCUS,MMI
MARCUS  MILLICHAP INC,MMI
"MARCUS & MILLICHAP, INC.",MMI
MARCUS CORP,MCS
MAREX,MRX
MAREX GROUP,MRX
MAREX GROUP PLC,MRX
MARFRIG,MRRTY
MARFRIG GLOBAL,MRRTY
MARFRIG GLOBAL FOODS S.A.,MRRTY
MARFRIG GLOBAL FOODS SA,MRRTY
MARIMED,MRMD
MARIMED INC,MRMD
MARIMED INC.,MRMD
MARIN,MRIN
MARIN SOFTWARE,MRIN
MARIN SOFTWARE INC,MRIN
MARINE,MPX
MARINE,MARPS
MARINE PETROLEUM,MARPS
MARINE PETROLEUM TRUST,MARPS
MARINE PRODUCTS,MPX
MARINE PRODUCTS CORP,MPX
MARINEMAX,HZO
MARINEMAX INC,HZO
MARIS,MTEKW
MARIS,MTEK
MARIS TECH,MTEKW
MARIS TECH,MTEK
MARIS TECH LTD,MTEKW
MARIS TECH LTD,MTEK
MARIS TECH LTD.,MTEK
MARIS TECH LTD.,MTEKW
MARKEL,MKL
MARKEL GROUP,MKL
MARKEL GROUP INC,MKL
MARKEL GROUP INC.,MKL
MARKER,MRKR
MARKER THERAPEUTICS INC,MRKR
"MARKER THERAPEUTICS,",MRKR
"MARKER THERAPEUTICS, INC.",MRKR
MARKETAXESS,MKTX
MARKETAXESS HOLDINGS,MKTX
MARKETAXESS HOLDINGS INC,MKTX
MARKETWISE INC,MKTW
"MARKETWISE,",MKTW
"MARKETWISE, INC.",MKTW
MARKY,MRKY
MARKY CORP,MRKY
MARKY CORP.,MRKY
MARPAI INC,MRAI
"MARPAI,",MRAI
"MARPAI, INC.",MRAI
MARQETA INC,MQ
"MARQETA,",MQ
"MARQETA, INC.",MQ
MARQUIE,TMGID
MARQUIE,TMGI
MARQUIE GROUP INC,TMGID
MARQUIE GROUP INC,TMGI
"MARQUIE GROUP,",TMGI
"MARQUIE GROUP,",TMGID
"MARQUIE GROUP, INC.",TMGI
"MARQUIE GROUP, INC.",TMGID
MARRIOTT,VAC
MARRIOTT,MAR
MARRIOTT INTERNATIONAL,MAR
MARRIOTT INTERNATIONAL INC /MD/,MAR
MARRIOTT INTERNATIONAL INC MD,MAR
MARRIOTT VACATIONS,VAC
MARRIOTT VACATIONS WORLDWIDE,VAC
MARRIOTT VACATIONS WORLDWIDE CORP,VAC
MARSH,MMC
MARSH  MCLENNAN COMPANIES INC,MMC
"MARSH & MCLENNAN COMPANIES, INC.",MMC
MARTEN,MRTN
MARTEN TRANSPORT,MRTN
MARTEN TRANSPORT LTD,MRTN
MARTI,MRT
MARTI TECHNOLOGIES INC,MRT
"MARTI TECHNOLOGIES,",MRT
"MARTI TECHNOLOGIES, INC.",MRT
MARTIN,MLM
MARTIN,MMLP
MARTIN MARIETTA,MLM
MARTIN MARIETTA MATERIALS,MLM
MARTIN MARIETTA MATERIALS INC,MLM
MARTIN MIDSTREAM,MMLP
MARTIN MIDSTREAM PARTNERS,MMLP
MARTIN MIDSTREAM PARTNERS L.P.,MMLP
MARVELL,MRVL
MARVELL TECHNOLOGY INC,MRVL
"MARVELL TECHNOLOGY,",MRVL
"MARVELL TECHNOLOGY, INC.",MRVL
MARVION,MVNC
MARVION INC,MVNC
MARVION INC.,MVNC
MARWYNN,MWYN
MARWYNN HOLDINGS INC,MWYN
"MARWYNN HOLDINGS,",MWYN
"MARWYNN HOLDINGS, INC.",MWYN
MARYGOLD,MGLD
MARYGOLD COMPANIES INC,MGLD
"MARYGOLD COMPANIES,",MGLD
"MARYGOLD COMPANIES, INC.",MGLD
MASCO,MAS
MASCO CORP,MAS
MASCO CORP /DE/,MAS
MASCO CORP DE,MAS
MASIMO,MASI
MASIMO CORP,MASI
MASONGLORY,MSGY
MASONGLORY LTD,MSGY
MASS,MMMW
MASS MEGAWATTS,MMMW
MASS MEGAWATTS WIND POWER,MMMW
MASS MEGAWATTS WIND POWER INC,MMMW
MASSIMO,MAMO
MASSIMO GROUP,MAMO
MASTEC,MTZ
MASTEC INC,MTZ
MASTECH,MHH
MASTECH DIGITAL INC,MHH
"MASTECH DIGITAL,",MHH
"MASTECH DIGITAL, INC.",MHH
MASTERBEEF,MB
MASTERBEEF GROUP,MB
MASTERBRAND INC,MBC
"MASTERBRAND,",MBC
"MASTERBRAND, INC.",MBC
MASTERCARD,MA
MASTERCARD INC,MA
MASTERCRAFT,MCFT
MASTERCRAFT BOAT,MCFT
MASTERCRAFT BOAT HOLDINGS INC,MCFT
"MASTERCRAFT BOAT HOLDINGS, INC.",MCFT
MASTERMIND INC,MMND
"MASTERMIND,",MMND
"MASTERMIND, INC.",MMND
MATADOR,MTDR
MATADOR RESOURCES,MTDR
MATADOR RESOURCES CO,MTDR
MATCH,MTCH
MATCH GROUP INC,MTCH
"MATCH GROUP,",MTCH
"MATCH GROUP, INC.",MTCH
MATERIALISE,MTLS
MATERIALISE NV,MTLS
MATERION,MTRN
MATERION CORP,MTRN
MATINAS,MTNB
MATINAS BIOPHARMA,MTNB
MATINAS BIOPHARMA HOLDINGS INC,MTNB
"MATINAS BIOPHARMA HOLDINGS, INC.",MTNB
MATIV,MATV
MATIV HOLDINGS INC,MATV
"MATIV HOLDINGS,",MATV
"MATIV HOLDINGS, INC.",MATV
MATRIX,MTRX
MATRIX SERVICE,MTRX
MATRIX SERVICE CO,MTRX
MATSON INC,MATX
"MATSON,",MATX
"MATSON, INC.",MATX
MATSUKIYOCOCOKARA,MSTKY
MATSUKIYOCOCOKARA  COADR,MSTKY
MATSUKIYOCOCOKARA & CO./ADR,MSTKY
MATTEL,MAT
MATTEL INC,MAT
MATTEL INC /DE/,MAT
MATTEL INC DE,MAT
MATTHEWS,MATW
MATTHEWS INTERNATIONAL,MATW
MATTHEWS INTERNATIONAL CORP,MATW
MAUI,MLP
MAUI LAND,MLP
MAUI LAND  PINEAPPLE,MLP
MAUI LAND & PINEAPPLE CO INC,MLP
MAWSON,MIGI
MAWSON INFRASTRUCTURE,MIGI
MAWSON INFRASTRUCTURE GROUP INC,MIGI
MAWSON INFRASTRUCTURE GROUP INC.,MIGI
MAXCYTE INC,MXCT
"MAXCYTE,",MXCT
"MAXCYTE, INC.",MXCT
MAXEON,MAXN
MAXEON SOLAR,MAXN
MAXEON SOLAR TECHNOLOGIES LTD,MAXN
"MAXEON SOLAR TECHNOLOGIES, LTD.",MAXN
MAXIMUS INC,MMS
"MAXIMUS,",MMS
"MAXIMUS, INC.",MMS
MAXLINEAR,MXL
"MAXLINEAR,",MXL
"MAXLINEAR, INC",MXL
MAXSMAKING,MAMK
MAXSMAKING INC,MAMK
MAXSMAKING INC.,MAMK
MAYFAIR,MFGCF
MAYFAIR GOLD,MFGCF
MAYFAIR GOLD CORP,MFGCF
MAYFAIR GOLD CORP.,MFGCF
MAYS,MAYS
MAYS J W,MAYS
MAYS J W INC,MAYS
MAYVILLE,MEC
MAYVILLE ENGINEERING,MEC
MAYVILLE ENGINEERING COMPANY INC,MEC
"MAYVILLE ENGINEERING COMPANY, INC.",MEC
MAYWOOD,MAYAU
MAYWOOD,MAYAR
MAYWOOD,MAYA
MAYWOOD ACQUISITION,MAYAR
MAYWOOD ACQUISITION,MAYA
MAYWOOD ACQUISITION,MAYAU
MAYWOOD ACQUISITION CORP,MAYA
MAYWOOD ACQUISITION CORP,MAYAR
MAYWOOD ACQUISITION CORP,MAYAU
MAYWOOD ACQUISITION CORP.,MAYAR
MAYWOOD ACQUISITION CORP.,MAYAU
MAYWOOD ACQUISITION CORP.,MAYA
MAZE,MAZE
MAZE THERAPEUTICS INC,MAZE
"MAZE THERAPEUTICS,",MAZE
"MAZE THERAPEUTICS, INC.",MAZE
MBIA,MBI
MBIA INC,MBI
MBX,MBX
MBX BIOSCIENCES INC,MBX
"MBX BIOSCIENCES,",MBX
"MBX BIOSCIENCES, INC.",MBX
MCCORMICK,MKC
MCCORMICK,MKC-V
MCCORMICK & CO INC,MKC
MCCORMICK & CO INC,MKC-V
MCDONALDS,MCD
MCDONALDS CORP,MCD
MCEWEN,MUX
MCEWEN MINING,MUX
MCEWEN MINING INC,MUX
MCEWEN MINING INC.,MUX
MCGRATH,MGRC
MCGRATH RENTCORP,MGRC
MCKESSON,MCK
MCKESSON CORP,MCK
MDB,MDBH
MDB CAPITAL,MDBH
MDB CAPITAL HOLDINGS,MDBH
"MDB CAPITAL HOLDINGS, LLC",MDBH
MDJM,UOKA
MDJM LTD,UOKA
MDU,MDU
MDU RESOURCES,MDU
MDU RESOURCES GROUP INC,MDU
MDWERKS INC,MDWK
"MDWERKS,",MDWK
"MDWERKS, INC.",MDWK
MDXHEALTH,MDXH
MDXHEALTH SA,MDXH
ME THERAPEUTICS HOLDINGS INC,METXF
ME THERAPEUTICS HOLDINGS INC.,METXF
MEDALIST,MDRR
MEDALIST DIVERSIFIED,MDRR
MEDALIST DIVERSIFIED REIT INC,MDRR
"MEDALIST DIVERSIFIED REIT, INC.",MDRR
MEDALLION,MBNKO
MEDALLION,MBNKP
MEDALLION,MFIN
MEDALLION FINANCIAL,MFIN
MEDALLION FINANCIAL,MBNKO
MEDALLION FINANCIAL,MBNKP
MEDALLION FINANCIAL CORP,MBNKP
MEDALLION FINANCIAL CORP,MFIN
MEDALLION FINANCIAL CORP,MBNKO
MEDIAALPHA INC,MAX
"MEDIAALPHA,",MAX
"MEDIAALPHA, INC.",MAX
MEDIACO,MDIA
MEDIACO HOLDING,MDIA
MEDIACO HOLDING INC,MDIA
MEDIACO HOLDING INC.,MDIA
MEDICAL,MPW
MEDICAL,MDCE
MEDICAL CARE,MDCE
MEDICAL CARE TECHNOLOGIES INC,MDCE
MEDICAL CARE TECHNOLOGIES INC.,MDCE
MEDICAL PROPERTIES,MPW
MEDICAL PROPERTIES TRUST,MPW
MEDICAL PROPERTIES TRUST INC,MPW
MEDICALE,MCLE
MEDICALE CORP,MCLE
MEDICALE CORP.,MCLE
MEDICENNA,MDNAF
MEDICENNA THERAPEUTICS,MDNAF
MEDICENNA THERAPEUTICS CORP,MDNAF
MEDICENNA THERAPEUTICS CORP.,MDNAF
MEDICINOVA,MNOV
MEDICINOVA INC,MNOV
MEDICURE,MCUJF
MEDICURE INC,MCUJF
MEDICUS,MDCX
MEDICUS,MDCXW
MEDICUS PHARMA,MDCX
MEDICUS PHARMA,MDCXW
MEDICUS PHARMA LTD,MDCXW
MEDICUS PHARMA LTD,MDCX
MEDICUS PHARMA LTD.,MDCXW
MEDICUS PHARMA LTD.,MDCX
MEDIFAST,MED
MEDIFAST INC,MED
MEDINOTEC,MDNC
MEDINOTEC INC,MDNC
MEDINOTEC INC.,MDNC
MEDIROM,MRM
MEDIROM HEALTHCARE,MRM
MEDIROM HEALTHCARE TECHNOLOGIES INC,MRM
MEDIROM HEALTHCARE TECHNOLOGIES INC.,MRM
MEDIWOUND,MDWD
MEDIWOUND LTD,MDWD
MEDIWOUND LTD.,MDWD
MEDPACE,MEDP
MEDPACE HOLDINGS INC,MEDP
"MEDPACE HOLDINGS,",MEDP
"MEDPACE HOLDINGS, INC.",MEDP
MEDTRONIC,MDT
MEDTRONIC PLC,MDT
MEGA,MPU
MEGA MATRIX,MPU
MEGA MATRIX INC,MPU
MEGOLA,MGON
MEGOLA INC,MGON
MEI,MEIP
MEI PHARMA INC,MEIP
"MEI PHARMA,",MEIP
"MEI PHARMA, INC.",MEIP
MEIHUA,MHUA
MEIHUA INTERNATIONAL,MHUA
MEIHUA INTERNATIONAL MEDICAL TECHNOLOGIES CO LTD,MHUA
"MEIHUA INTERNATIONAL MEDICAL TECHNOLOGIES CO., LTD.",MHUA
MEIRAGTX,MGTX
MEIRAGTX HOLDINGS,MGTX
MEIRAGTX HOLDINGS PLC,MGTX
MEITU,MEIUF
MEITU INC./ADR,MEIUF
MEITU INCADR,MEIUF
MEIWU,WNW
MEIWU TECHNOLOGY,WNW
MEIWU TECHNOLOGY CO,WNW
MEIWU TECHNOLOGY CO LTD,WNW
MELAR,MACI
MELAR,MACIW
MELAR,MACIU
MELAR ACQUISITION,MACI
MELAR ACQUISITION,MACIW
MELAR ACQUISITION,MACIU
MELAR ACQUISITION CORP ICAYMAN,MACI
MELAR ACQUISITION CORP ICAYMAN,MACIU
MELAR ACQUISITION CORP ICAYMAN,MACIW
MELAR ACQUISITION CORP. I/CAYMAN,MACIU
MELAR ACQUISITION CORP. I/CAYMAN,MACIW
MELAR ACQUISITION CORP. I/CAYMAN,MACI
MELCO,MLCO
MELCO RESORTS,MLCO
MELCO RESORTS  ENTERTAINMENT,MLCO
MELCO RESORTS & ENTERTAINMENT LTD,MLCO
MELROSE,MLSPF
MELROSE,MROSY
MELROSE INDUSTRIES,MROSY
MELROSE INDUSTRIES,MLSPF
MELROSE INDUSTRIES PLC/ADR,MLSPF
MELROSE INDUSTRIES PLC/ADR,MROSY
MELROSE INDUSTRIES PLCADR,MROSY
MELROSE INDUSTRIES PLCADR,MLSPF
MENTOR,MNTR
MENTOR CAPITAL INC,MNTR
"MENTOR CAPITAL,",MNTR
"MENTOR CAPITAL, INC.",MNTR
MERCADOLIBRE,MELI
MERCADOLIBRE INC,MELI
MERCANTILE,MBWM
MERCANTILE BANK,MBWM
MERCANTILE BANK CORP,MBWM
MERCARI INCADR,MRCIF
"MERCARI,",MRCIF
"MERCARI, INC./ADR",MRCIF
MERCER,MERC
MERCER,MSBB
MERCER BANCORP INC,MSBB
"MERCER BANCORP,",MSBB
"MERCER BANCORP, INC.",MSBB
MERCER INTERNATIONAL,MERC
MERCER INTERNATIONAL INC,MERC
MERCER INTERNATIONAL INC.,MERC
MERCHANTS,MBINL
MERCHANTS,MBINN
MERCHANTS,MBIN
MERCHANTS,MBINM
MERCHANTS BANCORP,MBINN
MERCHANTS BANCORP,MBINM
MERCHANTS BANCORP,MBIN
MERCHANTS BANCORP,MBINL
MERCK,MRK
MERCK  CO INC,MRK
"MERCK & CO., INC.",MRK
MERCURITY,MFH
MERCURITY FINTECH,MFH
MERCURITY FINTECH HOLDING INC,MFH
MERCURITY FINTECH HOLDING INC.,MFH
MERCURY,MCY
MERCURY,MRCY
MERCURY,MNZLY
MERCURY,MGHTF
MERCURY GENERAL,MCY
MERCURY GENERAL CORP,MCY
MERCURY NZ LTD./ADR,MGHTF
MERCURY NZ LTD./ADR,MNZLY
MERCURY NZ LTDADR,MNZLY
MERCURY NZ LTDADR,MGHTF
MERCURY SYSTEMS,MRCY
MERCURY SYSTEMS INC,MRCY
MEREO,MREO
MEREO BIOPHARMA,MREO
MEREO BIOPHARMA GROUP PLC,MREO
MERIDIAN,MRRDF
MERIDIAN,MDDNF
MERIDIAN,MRBK
MERIDIAN,MREGY
MERIDIAN CORP,MRBK
MERIDIAN ENERGY,MREGY
MERIDIAN ENERGY,MDDNF
MERIDIAN ENERGY LTD/ADR,MDDNF
MERIDIAN ENERGY LTD/ADR,MREGY
MERIDIAN ENERGY LTDADR,MDDNF
MERIDIAN ENERGY LTDADR,MREGY
MERIDIAN MINING,MRRDF
MERIDIAN MINING UK SOCIETAS,MRRDF
MERIDIANLINK INC,MLNK
"MERIDIANLINK,",MLNK
"MERIDIANLINK, INC.",MLNK
MERIT,MMSI
MERIT MEDICAL,MMSI
MERIT MEDICAL SYSTEMS INC,MMSI
MERITAGE,MTH
MERITAGE HOMES,MTH
MERITAGE HOMES CORP,MTH
MERRILL,IPB
MERRILL LYNCH,IPB
MERRILL LYNCH DEPOSITOR INC INDEXPLUS TRUST SERIES 2003-1,IPB
MERRILL LYNCH DEPOSITOR INC INDEXPLUS TRUST SERIES 20031,IPB
MERSANA,MRSN
MERSANA THERAPEUTICS INC,MRSN
"MERSANA THERAPEUTICS,",MRSN
"MERSANA THERAPEUTICS, INC.",MRSN
MERUS,MRUS
MERUS N.V.,MRUS
MERUS NV,MRUS
MESA,MLAB
MESA,MTR
MESA,MESA
MESA AIR,MESA
MESA AIR GROUP INC,MESA
MESA LABORATORIES,MLAB
MESA LABORATORIES INC /CO/,MLAB
MESA LABORATORIES INC CO,MLAB
MESA ROYALTY,MTR
MESA ROYALTY TRUST/TX,MTR
MESA ROYALTY TRUSTTX,MTR
MESABI,MSB
MESABI TRUST,MSB
MESOBLAST,MESO
MESOBLAST,MEOBF
MESOBLAST LTD,MESO
MESOBLAST LTD,MEOBF
META,META
META PLATFORMS INC,META
"META PLATFORMS,",META
"META PLATFORMS, INC.",META
METAGENOMI INC,MGX
"METAGENOMI,",MGX
"METAGENOMI, INC.",MGX
METAL,MSSUF
METAL,MSSRF
METAL,MSSAF
METAL,MSSWF
METAL SKY,MSSWF
METAL SKY,MSSRF
METAL SKY,MSSAF
METAL SKY,MSSUF
METAL SKY STAR ACQUISITION,MSSRF
METAL SKY STAR ACQUISITION,MSSAF
METAL SKY STAR ACQUISITION,MSSWF
METAL SKY STAR ACQUISITION,MSSUF
METAL SKY STAR ACQUISITION CORP,MSSWF
METAL SKY STAR ACQUISITION CORP,MSSAF
METAL SKY STAR ACQUISITION CORP,MSSUF
METAL SKY STAR ACQUISITION CORP,MSSRF
METALERT INC,MLRT
"METALERT,",MLRT
"METALERT, INC.",MLRT
METALINK,MTLK
METALINK LTD,MTLK
METALLA,MTA
METALLA ROYALTY,MTA
METALLA ROYALTY  STREAMING LTD,MTA
METALLA ROYALTY & STREAMING LTD.,MTA
METALLUS,MTUS
METALLUS INC,MTUS
METALLUS INC.,MTUS
METALPHA,MATH
METALPHA TECHNOLOGY,MATH
METALPHA TECHNOLOGY HOLDING,MATH
METALPHA TECHNOLOGY HOLDING LTD,MATH
METATRON,MRNJ
METATRON APPS INC,MRNJ
"METATRON APPS,",MRNJ
"METATRON APPS, INC.",MRNJ
METAVESCO INC,MVCO
"METAVESCO,",MVCO
"METAVESCO, INC.",MVCO
METAVIA,MTVA
METAVIA INC,MTVA
METAVIA INC.,MTVA
METHANEX,MEOH
METHANEX CORP,MEOH
METHODE,MEI
METHODE ELECTRONICS,MEI
METHODE ELECTRONICS INC,MEI
METLIFE,MET
METLIFE INC,MET
METROCITY,MCBS
METROCITY BANKSHARES INC,MCBS
"METROCITY BANKSHARES,",MCBS
"METROCITY BANKSHARES, INC.",MCBS
METROPOLITAN,MCB
METROPOLITAN BANK,MCB
METROPOLITAN BANK HOLDING CORP,MCB
METROPOLITAN BANK HOLDING CORP.,MCB
METSERA INC,MTSR
"METSERA,",MTSR
"METSERA, INC.",MTSR
METTLER,MTD
METTLER TOLEDO,MTD
METTLER TOLEDO INTERNATIONAL INC,MTD
METTLER TOLEDO INTERNATIONAL INC/,MTD
MEXCO,MXC
MEXCO ENERGY,MXC
MEXCO ENERGY CORP,MXC
MEXICAN,FMX
MEXICAN ECONOMIC,FMX
MEXICAN ECONOMIC DEVELOPMENT,FMX
MEXICAN ECONOMIC DEVELOPMENT INC,FMX
MEXICO,MXE
MEXICO,MXF
MEXICO EQUITY,MXE
MEXICO EQUITY  INCOME FUND,MXE
MEXICO EQUITY & INCOME FUND INC,MXE
MEXICO FUND,MXF
MEXICO FUND INC,MXF
MF,MFI
MF INTERNATIONAL LTD,MFI
MFA,MFAN
MFA,MFAO
MFA,MFA
MFA FINANCIAL INC,MFAO
MFA FINANCIAL INC,MFA
MFA FINANCIAL INC,MFAN
"MFA FINANCIAL,",MFA
"MFA FINANCIAL,",MFAO
"MFA FINANCIAL,",MFAN
"MFA FINANCIAL, INC.",MFA
"MFA FINANCIAL, INC.",MFAO
"MFA FINANCIAL, INC.",MFAN
MFS,MMT
MFS,CXE
MFS,MGF
MFS,MCR
MFS,MFM
MFS,MIN
MFS,CIF
MFS,CXH
MFS,CMU
MFS CHARTER,MCR
MFS CHARTER INCOME TRUST,MCR
MFS GOVERNMENT,MGF
MFS GOVERNMENT MARKETS INCOME TRUST,MGF
MFS HIGH,CMU
MFS HIGH,CXE
MFS HIGH INCOME MUNICIPAL TRUST,CXE
MFS HIGH YIELD MUNICIPAL TRUST,CMU
MFS INTERMEDIATE,CIF
MFS INTERMEDIATE,MIN
MFS INTERMEDIATE HIGH INCOME FUND,CIF
MFS INTERMEDIATE INCOME TRUST,MIN
MFS INVESTMENT,CXH
MFS INVESTMENT GRADE MUNICIPAL TRUST,CXH
MFS MULTIMARKET,MMT
MFS MULTIMARKET INCOME TRUST,MMT
MFS MUNICIPAL,MFM
MFS MUNICIPAL INCOME TRUST,MFM
MG PLCADR,MGPUF
MG PLCADR,MGPFY
MGE,MGEE
MGE ENERGY,MGEE
MGE ENERGY INC,MGEE
MGIC,MTG
MGIC INVESTMENT,MTG
MGIC INVESTMENT CORP,MTG
MGM,MGM
MGM RESORTS,MGM
MGM RESORTS INTERNATIONAL,MGM
MGP,MGPI
MGP INGREDIENTS,MGPI
MGP INGREDIENTS INC,MGPI
MI HOMES INC,MHO
MIAMI,MIBE
MIAMI BREEZE,MIBE
MIAMI BREEZE CAR CARE,MIBE
MIAMI BREEZE CAR CARE INC,MIBE
MICROALGO,MLGO
MICROALGO,VENAF
MICROALGO INC,MLGO
MICROALGO INC,VENAF
MICROALGO INC.,MLGO
MICROALGO INC.,VENAF
MICROALLIANCE,MALG
MICROALLIANCE GROUP,MALG
MICROALLIANCE GROUP INC,MALG
MICROALLIANCE GROUP INC.,MALG
MICROBOT,MBOT
MICROBOT MEDICAL,MBOT
MICROBOT MEDICAL INC,MBOT
MICROBOT MEDICAL INC.,MBOT
MICROCHIP,MCHP
MICROCHIP,MCHPP
MICROCHIP TECHNOLOGY,MCHPP
MICROCHIP TECHNOLOGY,MCHP
MICROCHIP TECHNOLOGY INC,MCHP
MICROCHIP TECHNOLOGY INC,MCHPP
MICROCLOUD,HOLOW
MICROCLOUD,HOLO
MICROCLOUD HOLOGRAM,HOLOW
MICROCLOUD HOLOGRAM,HOLO
MICROCLOUD HOLOGRAM INC,HOLOW
MICROCLOUD HOLOGRAM INC,HOLO
MICROCLOUD HOLOGRAM INC.,HOLO
MICROCLOUD HOLOGRAM INC.,HOLOW
MICROMEM,MMTIF
MICROMEM TECHNOLOGIES,MMTIF
MICROMEM TECHNOLOGIES INC,MMTIF
MICROMOBILITY.COM,MCOM
MICROMOBILITY.COM,MCOMW
MICROMOBILITY.COM INC.,MCOMW
MICROMOBILITY.COM INC.,MCOM
MICROMOBILITYCOM INC,MCOM
MICROMOBILITYCOM INC,MCOMW
MICRON,MU
MICRON TECHNOLOGY,MU
MICRON TECHNOLOGY INC,MU
MICROPOLIS,MCRP
MICROPOLIS HOLDING,MCRP
MICROPOLIS HOLDING CO,MCRP
MICROSOFT,MSFT
MICROSOFT CORP,MSFT
MICROSTRATEGY,MSTR
MICROSTRATEGY,STRD
MICROSTRATEGY,STRK
MICROSTRATEGY,STRF
MICROSTRATEGY INC,STRD
MICROSTRATEGY INC,STRK
MICROSTRATEGY INC,STRF
MICROSTRATEGY INC,MSTR
MICROVAST,MVSTW
MICROVAST,MVST
MICROVAST HOLDINGS INC,MVSTW
MICROVAST HOLDINGS INC,MVST
"MICROVAST HOLDINGS,",MVSTW
"MICROVAST HOLDINGS,",MVST
"MICROVAST HOLDINGS, INC.",MVST
"MICROVAST HOLDINGS, INC.",MVSTW
MICROVISION INC,MVIS
"MICROVISION,",MVIS
"MICROVISION, INC.",MVIS
MID,MAA
MID,MPB
MID AMERICA,MAA
MID AMERICA APARTMENT COMMUNITIES INC,MAA
MID AMERICA APARTMENT COMMUNITIES INC.,MAA
MID PENN,MPB
MID PENN BANCORP,MPB
MID PENN BANCORP INC,MPB
MID-SOUTHERN,MSVB
"MID-SOUTHERN BANCORP,",MSVB
"MID-SOUTHERN BANCORP, INC.",MSVB
MIDCAP,MFICL
MIDCAP,MFIC
MIDCAP FINANCIAL,MFICL
MIDCAP FINANCIAL,MFIC
MIDCAP FINANCIAL INVESTMENT,MFICL
MIDCAP FINANCIAL INVESTMENT,MFIC
MIDCAP FINANCIAL INVESTMENT CORP,MFIC
MIDCAP FINANCIAL INVESTMENT CORP,MFICL
MIDDLEBY,MIDD
MIDDLEBY CORP,MIDD
MIDDLEFIELD,MBCN
MIDDLEFIELD BANC,MBCN
MIDDLEFIELD BANC CORP,MBCN
MIDDLESEX,MSEXP
MIDDLESEX,MSEX
MIDDLESEX WATER,MSEXP
MIDDLESEX WATER,MSEX
MIDDLESEX WATER CO,MSEX
MIDDLESEX WATER CO,MSEXP
MIDEA,MGCOF
MIDEA,MGCLY
MIDEA GROUP,MGCLY
MIDEA GROUP,MGCOF
MIDEA GROUP CO LTDADR,MGCOF
MIDEA GROUP CO LTDADR,MGCLY
"MIDEA GROUP CO., LTD./ADR",MGCOF
"MIDEA GROUP CO., LTD./ADR",MGCLY
MIDLAND,MSBIP
MIDLAND,MSBI
MIDLAND STATES,MSBIP
MIDLAND STATES,MSBI
MIDLAND STATES BANCORP INC,MSBIP
MIDLAND STATES BANCORP INC,MSBI
"MIDLAND STATES BANCORP, INC.",MSBI
"MIDLAND STATES BANCORP, INC.",MSBIP
MIDSOUTHERN BANCORP INC,MSVB
MIDWESTONE,MOFG
MIDWESTONE FINANCIAL,MOFG
MIDWESTONE FINANCIAL GROUP INC,MOFG
"MIDWESTONE FINANCIAL GROUP, INC.",MOFG
MIFFLINBURG,MIFF
MIFFLINBURG BANCORP,MIFF
MIFFLINBURG BANCORP INC,MIFF
MILESTONE,MLSS
MILESTONE,MIST
MILESTONE PHARMACEUTICALS,MIST
MILESTONE PHARMACEUTICALS INC,MIST
MILESTONE PHARMACEUTICALS INC.,MIST
MILESTONE SCIENTIFIC,MLSS
MILESTONE SCIENTIFIC INC,MLSS
MILESTONE SCIENTIFIC INC.,MLSS
MILITARY,MILIF
MILITARY METALS,MILIF
MILITARY METALS CORP,MILIF
MILITARY METALS CORP.,MILIF
MILL,MCVT
MILL CITY,MCVT
MILL CITY VENTURES III,MCVT
"MILL CITY VENTURES III, LTD",MCVT
MILLENNIUM,MGIH
MILLENNIUM GROUP,MGIH
MILLENNIUM GROUP INTERNATIONAL HOLDINGS LTD,MGIH
MILLER,MLR
MILLER INDUSTRIES,MLR
MILLER INDUSTRIES INC /TN/,MLR
MILLER INDUSTRIES INC TN,MLR
MILLERKNOLL INC,MLKN
"MILLERKNOLL,",MLKN
"MILLERKNOLL, INC.",MLKN
MILLICOM,TIGO
MILLICOM,MLCMF
MILLICOM INTERNATIONAL,TIGO
MILLICOM INTERNATIONAL,MLCMF
MILLICOM INTERNATIONAL CELLULAR,TIGO
MILLICOM INTERNATIONAL CELLULAR,MLCMF
MILLICOM INTERNATIONAL CELLULAR SA,TIGO
MILLICOM INTERNATIONAL CELLULAR SA,MLCMF
MILLROSE,MRP
MILLROSE PROPERTIES INC,MRP
"MILLROSE PROPERTIES,",MRP
"MILLROSE PROPERTIES, INC.",MRP
MILLS,MMTRS
MILLS MUSIC,MMTRS
MILLS MUSIC TRUST,MMTRS
MIMEDX,MDXG
MIMEDX GROUP INC,MDXG
"MIMEDX GROUP,",MDXG
"MIMEDX GROUP, INC.",MDXG
MIND,MNDO
MIND,MIND
MIND,MNMD
MIND CTI,MNDO
MIND CTI LTD,MNDO
MIND MEDICINE,MNMD
MIND MEDICINE (MINDMED) INC.,MNMD
MIND MEDICINE MINDMED INC,MNMD
MIND TECHNOLOGY,MIND
"MIND TECHNOLOGY,",MIND
"MIND TECHNOLOGY, INC",MIND
MINEHUB,MHUBF
MINEHUB TECHNOLOGIES,MHUBF
MINEHUB TECHNOLOGIES INC,MHUBF
MINEHUB TECHNOLOGIES INC.,MHUBF
MINERALRITE,RITE
MINERALRITE CORP,RITE
MINERALS,MTX
MINERALS TECHNOLOGIES,MTX
MINERALS TECHNOLOGIES INC,MTX
MINERALYS,MLYS
MINERALYS THERAPEUTICS INC,MLYS
"MINERALYS THERAPEUTICS,",MLYS
"MINERALYS THERAPEUTICS, INC.",MLYS
MINERVA,MINR
MINERVA,NERV
MINERVA GOLD,MINR
MINERVA GOLD INC,MINR
MINERVA GOLD INC.,MINR
MINERVA NEUROSCIENCES INC,NERV
"MINERVA NEUROSCIENCES,",NERV
"MINERVA NEUROSCIENCES, INC.",NERV
MING,MSW
MING SHING,MSW
MING SHING GROUP,MSW
MING SHING GROUP HOLDINGS LTD,MSW
MINGTENG,MTEN
MINGTENG INTERNATIONAL,MTEN
MINGTENG INTERNATIONAL CORP INC,MTEN
MINGTENG INTERNATIONAL CORP INC.,MTEN
MINGZHU,YGMZ
MINGZHU LOGISTICS,YGMZ
MINGZHU LOGISTICS HOLDINGS LTD,YGMZ
MINISO,MSOGF
MINISO,MNSO
MINISO GROUP,MNSO
MINISO GROUP,MSOGF
MINISO GROUP HOLDING,MNSO
MINISO GROUP HOLDING,MSOGF
MINISO GROUP HOLDING LTD,MNSO
MINISO GROUP HOLDING LTD,MSOGF
MINK,INKT
MINK THERAPEUTICS INC,INKT
"MINK THERAPEUTICS,",INKT
"MINK THERAPEUTICS, INC.",INKT
MINT,MIMI
MINT INC,MIMI
MINT INC LTD,MIMI
MIRA,MIRA
MIRA PHARMACEUTICALS INC,MIRA
"MIRA PHARMACEUTICALS,",MIRA
"MIRA PHARMACEUTICALS, INC.",MIRA
MIRION,MIR
MIRION TECHNOLOGIES INC,MIR
"MIRION TECHNOLOGIES,",MIR
"MIRION TECHNOLOGIES, INC.",MIR
MIRUM,MIRM
MIRUM PHARMACEUTICALS INC,MIRM
"MIRUM PHARMACEUTICALS,",MIRM
"MIRUM PHARMACEUTICALS, INC.",MIRM
MISSION,AVO
MISSION PRODUCE INC,AVO
"MISSION PRODUCE,",AVO
"MISSION PRODUCE, INC.",AVO
MISTER,MCW
MISTER CAR,MCW
MISTER CAR WASH INC,MCW
"MISTER CAR WASH, INC.",MCW
MISTRAS,MG
MISTRAS GROUP INC,MG
"MISTRAS GROUP,",MG
"MISTRAS GROUP, INC.",MG
MISUMI,MSUXF
MISUMI GROUP,MSUXF
MISUMI GROUP INC./ADR,MSUXF
MISUMI GROUP INCADR,MSUXF
MITEK,MITK
MITEK SYSTEMS,MITK
MITEK SYSTEMS INC,MITK
MITESCO INC,MITI
"MITESCO,",MITI
"MITESCO, INC.",MITI
MITSUBISHI,MUFG
MITSUBISHI,MIMTF
MITSUBISHI,MBFJF
MITSUBISHI MATERIALS,MIMTF
MITSUBISHI MATERIALS CORP  ADR,MIMTF
MITSUBISHI MATERIALS CORP / ADR,MIMTF
MITSUBISHI UFJ,MUFG
MITSUBISHI UFJ,MBFJF
MITSUBISHI UFJ FINANCIAL GROUP INC,MUFG
MITSUBISHI UFJ FINANCIAL GROUP INC,MBFJF
MIXED,MMA
MIXED MARTIAL,MMA
MIXED MARTIAL ARTS,MMA
MIXED MARTIAL ARTS GROUP LTD,MMA
MIXUE,MXUBY
MIXUE BINGCHENG,MXUBY
MIXUE BINGCHENG CO LTD/ADR,MXUBY
MIXUE BINGCHENG CO LTDADR,MXUBY
MIZUHO,MFG
MIZUHO,MZHOF
MIZUHO FINANCIAL,MFG
MIZUHO FINANCIAL,MZHOF
MIZUHO FINANCIAL GROUP INC,MFG
MIZUHO FINANCIAL GROUP INC,MZHOF
MKDWELL,MKDWW
MKDWELL,MKDW
MKDWELL TECH,MKDWW
MKDWELL TECH,MKDW
MKDWELL TECH INC,MKDWW
MKDWELL TECH INC,MKDW
MKDWELL TECH INC.,MKDWW
MKDWELL TECH INC.,MKDW
MKS,MKSI
MKS INC,MKSI
MMEX,MMEX
MMEX RESOURCES,MMEX
MMEX RESOURCES CORP,MMEX
MMTEC INC,MTC
"MMTEC,",MTC
"MMTEC, INC.",MTC
MNTN INC,MNTN
"MNTN,",MNTN
"MNTN, INC.",MNTN
MOATABLE INC,MTBLY
"MOATABLE,",MTBLY
"MOATABLE, INC.",MTBLY
MOBILE,MGAM
MOBILE,BEEP
MOBILE GLOBAL,MGAM
MOBILE GLOBAL ESPORTS INC,MGAM
"MOBILE GLOBAL ESPORTS, INC.",MGAM
MOBILE INFRASTRUCTURE,BEEP
MOBILE INFRASTRUCTURE CORP,BEEP
MOBILE-HEALTH,MNDR
MOBILE-HEALTH NETWORK,MNDR
MOBILE-HEALTH NETWORK SOLUTIONS,MNDR
MOBILEHEALTH NETWORK,MNDR
MOBILEYE,MBLY
MOBILEYE GLOBAL,MBLY
MOBILEYE GLOBAL INC,MBLY
MOBILEYE GLOBAL INC.,MBLY
MOBILICOM,MOB
MOBILICOM,MOBBW
MOBILICOM LTD,MOBBW
MOBILICOM LTD,MOB
MOBIQUITY,MOBQ
MOBIQUITY,MOBQW
MOBIQUITY TECHNOLOGIES INC,MOBQ
MOBIQUITY TECHNOLOGIES INC,MOBQW
"MOBIQUITY TECHNOLOGIES,",MOBQ
"MOBIQUITY TECHNOLOGIES,",MOBQW
"MOBIQUITY TECHNOLOGIES, INC.",MOBQW
"MOBIQUITY TECHNOLOGIES, INC.",MOBQ
MOBIVITY,MFON
MOBIVITY HOLDINGS,MFON
MOBIVITY HOLDINGS CORP,MFON
MOBIVITY HOLDINGS CORP.,MFON
MOBIX,MOBXW
MOBIX,MOBX
MOBIX LABS,MOBXW
MOBIX LABS,MOBX
"MOBIX LABS,",MOBXW
"MOBIX LABS,",MOBX
"MOBIX LABS, INC",MOBXW
"MOBIX LABS, INC",MOBX
MODERNA INC,MRNA
"MODERNA,",MRNA
"MODERNA, INC.",MRNA
MODINE,MOD
MODINE MANUFACTURING,MOD
MODINE MANUFACTURING CO,MOD
MODIV,MDV
MODIV INDUSTRIAL INC,MDV
"MODIV INDUSTRIAL,",MDV
"MODIV INDUSTRIAL, INC.",MDV
MODIVCARE,MODV
MODIVCARE INC,MODV
MODULAR,MODD
MODULAR MEDICAL INC,MODD
"MODULAR MEDICAL,",MODD
"MODULAR MEDICAL, INC.",MODD
MOELIS,MC
MOELIS & CO,MC
MOGO,MOGO
MOGO INC,MOGO
MOGO INC.,MOGO
MOGOTES,MOGMF
MOGOTES METALS,MOGMF
MOGOTES METALS INC,MOGMF
MOGOTES METALS INC.,MOGMF
MOGU,MOGU
MOGU INC,MOGU
MOGU INC.,MOGU
MOHAWK,MHK
MOHAWK INDUSTRIES,MHK
MOHAWK INDUSTRIES INC,MHK
MOLECULAR,MOLN
MOLECULAR PARTNERS,MOLN
MOLECULAR PARTNERS AG,MOLN
MOLECULIN,MBRX
MOLECULIN BIOTECH INC,MBRX
"MOLECULIN BIOTECH,",MBRX
"MOLECULIN BIOTECH, INC.",MBRX
MOLINA,MOH
MOLINA HEALTHCARE INC,MOH
"MOLINA HEALTHCARE,",MOH
"MOLINA HEALTHCARE, INC.",MOH
MOLSON,TAP-A
MOLSON,TAP
MOLSON COORS,TAP-A
MOLSON COORS,TAP
MOLSON COORS BEVERAGE,TAP
MOLSON COORS BEVERAGE,TAP-A
MOLSON COORS BEVERAGE CO,TAP
MOLSON COORS BEVERAGE CO,TAP-A
MOMENTUS,MNTS
MOMENTUS,MNTSW
MOMENTUS INC,MNTS
MOMENTUS INC,MNTSW
MOMENTUS INC.,MNTSW
MOMENTUS INC.,MNTS
MONARCH,MCRI
MONARCH CASINO,MCRI
MONARCH CASINO  RESORT,MCRI
MONARCH CASINO & RESORT INC,MCRI
MONCLER,MONRF
MONCLER S.P.A./ADR,MONRF
MONCLER SPAADR,MONRF
MONDAY.COM,MNDY
MONDAY.COM LTD.,MNDY
MONDAYCOM LTD,MNDY
MONDELEZ,MDLZ
MONDELEZ INTERNATIONAL INC,MDLZ
"MONDELEZ INTERNATIONAL,",MDLZ
"MONDELEZ INTERNATIONAL, INC.",MDLZ
MONEY,MNFYY
MONEY,MNYFF
MONEY FORWARD INCADR,MNFYY
MONEY FORWARD INCADR,MNYFF
"MONEY FORWARD,",MNYFF
"MONEY FORWARD,",MNFYY
"MONEY FORWARD, INC./ADR",MNYFF
"MONEY FORWARD, INC./ADR",MNFYY
MONEYHERO,MNY
MONEYHERO,MNYWW
MONEYHERO LTD,MNYWW
MONEYHERO LTD,MNY
MONEYSUPERMARKET.COM,MNSKY
MONEYSUPERMARKET.COM GROUP,MNSKY
MONEYSUPERMARKET.COM GROUP PLC/ADR,MNSKY
MONEYSUPERMARKETCOM GROUP PLCADR,MNSKY
MONGODB INC,MDB
"MONGODB,",MDB
"MONGODB, INC.",MDB
MONOGRAM,MGRM
MONOGRAM TECHNOLOGIES,MGRM
MONOGRAM TECHNOLOGIES INC,MGRM
MONOGRAM TECHNOLOGIES INC.,MGRM
MONOLITHIC,MPWR
MONOLITHIC POWER,MPWR
MONOLITHIC POWER SYSTEMS INC,MPWR
MONOPAR,MNPR
MONOPAR THERAPEUTICS,MNPR
MONRO INC,MNRO
"MONRO,",MNRO
"MONRO, INC.",MNRO
MONROE,MRCC
MONROE,MFBI
MONROE CAPITAL,MRCC
MONROE CAPITAL CORP,MRCC
MONROE FEDERAL,MFBI
MONROE FEDERAL BANCORP INC,MFBI
"MONROE FEDERAL BANCORP, INC.",MFBI
MONSTER,MNST
MONSTER BEVERAGE,MNST
MONSTER BEVERAGE CORP,MNST
MONTAGE,MAUTF
MONTAGE GOLD,MAUTF
MONTAGE GOLD CORP,MAUTF
MONTAGE GOLD CORP.,MAUTF
MONTAUK,MNTK
MONTAUK RENEWABLES INC,MNTK
"MONTAUK RENEWABLES,",MNTK
"MONTAUK RENEWABLES, INC.",MNTK
MONTE,GLUE
MONTE ROSA,GLUE
MONTE ROSA THERAPEUTICS INC,GLUE
"MONTE ROSA THERAPEUTICS, INC.",GLUE
MONTROSE,MEG
MONTROSE ENVIRONMENTAL,MEG
MONTROSE ENVIRONMENTAL GROUP INC,MEG
"MONTROSE ENVIRONMENTAL GROUP, INC.",MEG
MOODYS,MCO
MOODYS CORP,MCO
MOODYS CORP /DE/,MCO
MOODYS CORP DE,MCO
MOOG,MOG-A
MOOG,MOG-B
MOOG INC,MOG-B
MOOG INC,MOG-A
MOOG INC.,MOG-B
MOOG INC.,MOG-A
MOOLEC,MLEC
MOOLEC,MLECW
MOOLEC SCIENCE,MLEC
MOOLEC SCIENCE,MLECW
MOOLEC SCIENCE SA,MLEC
MOOLEC SCIENCE SA,MLECW
MOONLAKE,MLTX
MOONLAKE IMMUNOTHERAPEUTICS,MLTX
MORGAN,MSD
MORGAN,MSDL
MORGAN,MS
MORGAN,MS-PP
MORGAN,MSTLW
MORGAN,MS-PL
MORGAN,MS-PQ
MORGAN,MS-PO
MORGAN,IIF
MORGAN,CAF
MORGAN,MS-PA
MORGAN,MS-PK
MORGAN,MGHL
MORGAN,MS-PE
MORGAN,EDD
MORGAN,MS-PF
MORGAN,MS-PI
MORGAN GROUP,MGHL
MORGAN GROUP HOLDING,MGHL
MORGAN GROUP HOLDING CO,MGHL
MORGAN STANLEY,MSTLW
MORGAN STANLEY,MS-PP
MORGAN STANLEY,MS-PF
MORGAN STANLEY,MSD
MORGAN STANLEY,MS-PK
MORGAN STANLEY,MS-PE
MORGAN STANLEY,MS-PI
MORGAN STANLEY,MS-PA
MORGAN STANLEY,MSDL
MORGAN STANLEY,MS-PQ
MORGAN STANLEY,MS-PL
MORGAN STANLEY,CAF
MORGAN STANLEY,MS-PO
MORGAN STANLEY,MS
MORGAN STANLEY,IIF
MORGAN STANLEY,EDD
MORGAN STANLEY CHINA A SHARE FUND INC,CAF
"MORGAN STANLEY CHINA A SHARE FUND, INC.",CAF
MORGAN STANLEY DIRECT LENDING FUND,MSDL
MORGAN STANLEY EMERGING MARKETS DEBT FUND,MSD
MORGAN STANLEY EMERGING MARKETS DEBT FUND INC,MSD
MORGAN STANLEY EMERGING MARKETS DOMESTIC DEBT FUND INC,EDD
"MORGAN STANLEY EMERGING MARKETS DOMESTIC DEBT FUND, INC.",EDD
MORGAN STANLEY INDIA INVESTMENT FUND INC,IIF
"MORGAN STANLEY INDIA INVESTMENT FUND, INC.",IIF
MORNINGSTAR INC,MORN
"MORNINGSTAR,",MORN
"MORNINGSTAR, INC.",MORN
MOSAIC,CPMV
MOSAIC,MOS
MOSAIC CO,MOS
MOSAIC IMMUNOENGINEERING,CPMV
MOSAIC IMMUNOENGINEERING INC,CPMV
MOSAIC IMMUNOENGINEERING INC.,CPMV
MOTOMOVA,MTMV
MOTOMOVA INC,MTMV
MOTORCAR,MPAA
MOTORCAR PARTS,MPAA
MOTORCAR PARTS OF AMERICA,MPAA
MOTORCAR PARTS OF AMERICA INC,MPAA
MOTOROLA,MSI
MOTOROLA SOLUTIONS INC,MSI
"MOTOROLA SOLUTIONS,",MSI
"MOTOROLA SOLUTIONS, INC.",MSI
MOTORSPORT,MSGM
MOTORSPORT GAMES,MSGM
MOTORSPORT GAMES INC,MSGM
MOTORSPORT GAMES INC.,MSGM
MOUNTAIN,MPVDF
MOUNTAIN,MCAG
MOUNTAIN,MLACU
MOUNTAIN,MCAGR
MOUNTAIN,MLAC
MOUNTAIN,MLACR
MOUNTAIN,MCAGU
MOUNTAIN CREST,MCAG
MOUNTAIN CREST,MCAGU
MOUNTAIN CREST,MCAGR
MOUNTAIN CREST ACQUISITION CORP V,MCAGU
MOUNTAIN CREST ACQUISITION CORP V,MCAGR
MOUNTAIN CREST ACQUISITION CORP V,MCAG
MOUNTAIN CREST ACQUISITION CORP. V,MCAGR
MOUNTAIN CREST ACQUISITION CORP. V,MCAG
MOUNTAIN CREST ACQUISITION CORP. V,MCAGU
MOUNTAIN LAKE,MLACR
MOUNTAIN LAKE,MLACU
MOUNTAIN LAKE,MLAC
MOUNTAIN LAKE ACQUISITION CORP,MLACU
MOUNTAIN LAKE ACQUISITION CORP,MLACR
MOUNTAIN LAKE ACQUISITION CORP,MLAC
MOUNTAIN LAKE ACQUISITION CORP.,MLACU
MOUNTAIN LAKE ACQUISITION CORP.,MLACR
MOUNTAIN LAKE ACQUISITION CORP.,MLAC
MOUNTAIN PROVINCE,MPVDF
MOUNTAIN PROVINCE DIAMONDS INC,MPVDF
MOUNTAIN PROVINCE DIAMONDS INC.,MPVDF
MOVADO,MOVAA
MOVADO,MOV
MOVADO GROUP,MOVAA
MOVADO GROUP,MOV
MOVADO GROUP INC,MOVAA
MOVADO GROUP INC,MOV
MOVANO,MOVE
MOVANO INC,MOVE
MOVANO INC.,MOVE
MOVING,MITQ
MOVING IMAGE,MITQ
MOVING IMAGE TECHNOLOGIES INC,MITQ
MOVING IMAGE TECHNOLOGIES INC.,MITQ
MP MATERIALS CORP  DE,MP
MP MATERIALS CORP. / DE,MP
MPJS,MPJS
MPJS GROUP,MPJS
MPJS GROUP LTD,MPJS
MPLX,MPLXP
MPLX,MPLX
MPLX LP,MPLX
MPLX LP,MPLXP
MR COOPER GROUP INC,COOP
MR.,COOP
MR. COOPER,COOP
MR. COOPER GROUP INC.,COOP
MRC,MRC
MRC GLOBAL,MRC
MRC GLOBAL INC,MRC
MRC GLOBAL INC.,MRC
MSA,MNESP
MSA,MSA
MSA SAFETY,MNESP
MSA SAFETY,MSA
MSA SAFETY INC,MNESP
MSA SAFETY INC,MSA
MSC,MSIF
MSC,MSM
MSC INCOME,MSIF
MSC INCOME FUND INC,MSIF
"MSC INCOME FUND, INC.",MSIF
MSC INDUSTRIAL,MSM
MSC INDUSTRIAL DIRECT,MSM
MSC INDUSTRIAL DIRECT CO INC,MSM
MSCI,MSCI
MSCI INC,MSCI
MSCI INC.,MSCI
MSM,MSMU
MSM FRONTIER,MSMU
MSM FRONTIER CAPITAL ACQUISITION CORP,MSMU
MSM FRONTIER CAPITAL ACQUISITION CORP.,MSMU
MSP,MSPRZ
MSP,MSPRW
MSP,MSPR
MSP RECOVERY INC,MSPRZ
MSP RECOVERY INC,MSPRW
MSP RECOVERY INC,MSPR
"MSP RECOVERY,",MSPRZ
"MSP RECOVERY,",MSPRW
"MSP RECOVERY,",MSPR
"MSP RECOVERY, INC.",MSPRW
"MSP RECOVERY, INC.",MSPRZ
"MSP RECOVERY, INC.",MSPR
MT BANK,MTB
MTB,MBYMF
MTB METALS,MBYMF
MTB METALS CORP,MBYMF
MTB METALS CORP.,MBYMF
MTRON INDUSTRIES INC,MPTI
MUELLER,MWA
MUELLER,MLI
MUELLER INDUSTRIES,MLI
MUELLER INDUSTRIES INC,MLI
MUELLER WATER,MWA
MUELLER WATER PRODUCTS INC,MWA
"MUELLER WATER PRODUCTS, INC.",MWA
MULLEN,MULN
MULLEN AUTOMOTIVE,MULN
MULLEN AUTOMOTIVE INC,MULN
MULLEN AUTOMOTIVE INC.,MULN
MULTI,MWG
MULTI WAYS,MWG
MULTI WAYS HOLDINGS LTD,MWG
MULTIMETAVERSE,MMVVF
MULTIMETAVERSE HOLDINGS,MMVVF
MULTIMETAVERSE HOLDINGS LTD,MMVVF
MULTISENSOR,MSAIW
MULTISENSOR,MSAI
MULTISENSOR AI HOLDINGS INC,MSAI
MULTISENSOR AI HOLDINGS INC,MSAIW
"MULTISENSOR AI HOLDINGS, INC.",MSAIW
"MULTISENSOR AI HOLDINGS, INC.",MSAI
MUNCY,CCFN
MUNCY COLUMBIA,CCFN
MUNCY COLUMBIA FINANCIAL CORP,CCFN
MURAL,MURA
MURAL ONCOLOGY,MURA
MURAL ONCOLOGY PLC,MURA
MURANO,MRNO
MURANO,MRNOW
MURANO GLOBAL,MRNO
MURANO GLOBAL,MRNOW
MURANO GLOBAL INVESTMENTS,MRNO
MURANO GLOBAL INVESTMENTS,MRNOW
MURANO GLOBAL INVESTMENTS PLC,MRNOW
MURANO GLOBAL INVESTMENTS PLC,MRNO
MURATA,MRAAF
MURATA MANUFACTURING,MRAAF
MURATA MANUFACTURING CO LTDADR,MRAAF
"MURATA MANUFACTURING CO., LTD./ADR",MRAAF
MURPHY,MUR
MURPHY,MUSA
MURPHY OIL,MUR
MURPHY OIL CORP,MUR
MURPHY USA,MUSA
MURPHY USA INC,MUSA
MURPHY USA INC.,MUSA
MUSIC,SONG
MUSIC LICENSING,SONG
MUSIC LICENSING INC,SONG
MUSIC LICENSING INC.,SONG
MUSTANG,MECPF
MUSTANG,MBIO
MUSTANG BIO INC,MBIO
"MUSTANG BIO,",MBIO
"MUSTANG BIO, INC.",MBIO
MUSTANG ENERGY,MECPF
MUSTANG ENERGY CORP,MECPF
MUSTANG ENERGY CORP.,MECPF
MV OIL TRUST,MVO
MVB,MVBF
MVB FINANCIAL,MVBF
MVB FINANCIAL CORP,MVBF
MY CITY BUILDERS INC,MYCB
"MY CITY BUILDERS, INC.",MYCB
MY SIZE INC,MYSZ
"MY SIZE, INC.",MYSZ
MYCRONIC,MICLD
MYCRONIC,MYCRY
MYCRONIC AB/ADR,MYCRY
MYCRONIC AB/ADR,MICLD
MYCRONIC ABADR,MICLD
MYCRONIC ABADR,MYCRY
MYERS,MYE
MYERS INDUSTRIES,MYE
MYERS INDUSTRIES INC,MYE
MYNARIC,MOYFF
MYNARIC,MYNAY
MYNARIC AG,MOYFF
MYNARIC AG,MYNAY
"MYND.AI,",MYND
"MYND.AI, INC.",MYND
MYNDAI INC,MYND
MYOMO INC,MYO
"MYOMO,",MYO
"MYOMO, INC.",MYO
MYR,MYRG
MYR GROUP,MYRG
MYR GROUP INC,MYRG
MYR GROUP INC.,MYRG
MYRIAD,MYGN
MYRIAD GENETICS,MYGN
MYRIAD GENETICS INC,MYGN
MYSTIC,MSTH
MYSTIC HOLDINGS,MSTH
MYSTIC HOLDINGS INC./NV,MSTH
MYSTIC HOLDINGS INCNV,MSTH
MYTILINEOS,MYTHY
MYTILINEOS,MYTHF
MYTILINEOS HOLDINGS,MYTHF
MYTILINEOS HOLDINGS,MYTHY
MYTILINEOS HOLDINGS S.A.,MYTHY
MYTILINEOS HOLDINGS S.A.,MYTHF
MYTILINEOS HOLDINGS SA,MYTHY
MYTILINEOS HOLDINGS SA,MYTHF
"N-ABLE,",NABL
"N-ABLE, INC.",NABL
N2OFF INC,NITO
"N2OFF,",NITO
"N2OFF, INC.",NITO
NAAS,NAAS
NAAS TECHNOLOGY,NAAS
NAAS TECHNOLOGY INC,NAAS
NAAS TECHNOLOGY INC.,NAAS
NABLE INC,NABL
NABORS,NETD
NABORS,NETDW
NABORS,NBR
NABORS,NBRWF
NABORS,NETDU
NABORS ENERGY,NETD
NABORS ENERGY,NETDU
NABORS ENERGY,NETDW
NABORS ENERGY TRANSITION CORP II,NETD
NABORS ENERGY TRANSITION CORP II,NETDW
NABORS ENERGY TRANSITION CORP II,NETDU
NABORS ENERGY TRANSITION CORP. II,NETDU
NABORS ENERGY TRANSITION CORP. II,NETD
NABORS ENERGY TRANSITION CORP. II,NETDW
NABORS INDUSTRIES,NBRWF
NABORS INDUSTRIES,NBR
NABORS INDUSTRIES LTD,NBRWF
NABORS INDUSTRIES LTD,NBR
NACCO,NC
NACCO INDUSTRIES,NC
NACCO INDUSTRIES INC,NC
NAM,NTPIF
NAM TAI,NTPIF
NAM TAI PROPERTY INC,NTPIF
NAM TAI PROPERTY INC.,NTPIF
NAMIB,NAMMW
NAMIB,NAMM
NAMIB MINERALS,NAMM
NAMIB MINERALS,NAMMW
NAMIBIA,NMREF
NAMIBIA CRITICAL,NMREF
NAMIBIA CRITICAL METALS INC,NMREF
NAMIBIA CRITICAL METALS INC.,NMREF
NANO,NNE
NANO,NNDM
NANO,NA
NANO,NMGX
NANO,VNTH
NANO DIMENSION,NNDM
NANO DIMENSION LTD,NNDM
NANO DIMENSION LTD.,NNDM
NANO LABS,NA
NANO LABS LTD,NA
NANO MAGIC,NMGX
NANO MAGIC INC,NMGX
NANO MAGIC INC.,NMGX
NANO MOBILE,VNTH
NANO MOBILE HEALTHCARE INC,VNTH
"NANO MOBILE HEALTHCARE, INC.",VNTH
NANO NUCLEAR,NNE
NANO NUCLEAR ENERGY INC,NNE
NANO NUCLEAR ENERGY INC.,NNE
NANO-X,NNOX
NANO-X IMAGING,NNOX
NANO-X IMAGING LTD.,NNOX
NANOBIOTIX,NBTX
NANOBIOTIX S.A.,NBTX
NANOBIOTIX SA,NBTX
NANOVIBRONIX INC,NAOV
"NANOVIBRONIX,",NAOV
"NANOVIBRONIX, INC.",NAOV
NANOVIRICIDES INC,NNVC
"NANOVIRICIDES,",NNVC
"NANOVIRICIDES, INC.",NNVC
NANOX IMAGING LTD,NNOX
NAPC,BLIS
NAPC DEFENSE INC,BLIS
"NAPC DEFENSE,",BLIS
"NAPC DEFENSE, INC.",BLIS
NAPCO,NSSC
NAPCO SECURITY,NSSC
NAPCO SECURITY TECHNOLOGIES,NSSC
"NAPCO SECURITY TECHNOLOGIES, INC",NSSC
NASDAQ INC,NDAQ
"NASDAQ,",NDAQ
"NASDAQ, INC.",NDAQ
NATERA INC,NTRA
"NATERA,",NTRA
"NATERA, INC.",NTRA
NATHANS,NATH
NATHANS FAMOUS INC,NATH
"NATHANS FAMOUS,",NATH
"NATHANS FAMOUS, INC.",NATH
NATIONAL,NMKBP
NATIONAL,NHI
NATIONAL,NFG
NATIONAL,NRUC
NATIONAL,NHC
NATIONAL,NBHC
NATIONAL,FIZZ
NATIONAL,NESRW
NATIONAL,NMKCP
NATIONAL,NGGTF
NATIONAL,HLTC
NATIONAL,EYE
NATIONAL,NGG
NATIONAL,NEWEN
NATIONAL,NHPBP
NATIONAL,SID
NATIONAL,NESR
NATIONAL,NRC
NATIONAL,NMPWP
NATIONAL,NCMI
NATIONAL,NSA
NATIONAL,NKSH
NATIONAL,NHPAP
NATIONAL,NPK
NATIONAL BANK,NBHC
NATIONAL BANK HOLDINGS CORP,NBHC
NATIONAL BANKSHARES,NKSH
NATIONAL BANKSHARES INC,NKSH
NATIONAL BEVERAGE,FIZZ
NATIONAL BEVERAGE CORP,FIZZ
NATIONAL CINEMEDIA INC,NCMI
"NATIONAL CINEMEDIA,",NCMI
"NATIONAL CINEMEDIA, INC.",NCMI
NATIONAL ENERGY,NESRW
NATIONAL ENERGY,NESR
NATIONAL ENERGY SERVICES REUNITED CORP,NESR
NATIONAL ENERGY SERVICES REUNITED CORP,NESRW
NATIONAL ENERGY SERVICES REUNITED CORP.,NESR
NATIONAL ENERGY SERVICES REUNITED CORP.,NESRW
NATIONAL FUEL,NFG
NATIONAL FUEL GAS,NFG
NATIONAL FUEL GAS CO,NFG
NATIONAL GRID,NMKCP
NATIONAL GRID,NMPWP
NATIONAL GRID,NMKBP
NATIONAL GRID,NEWEN
NATIONAL GRID,NGGTF
NATIONAL GRID,NGG
NATIONAL GRID PLC,NEWEN
NATIONAL GRID PLC,NGG
NATIONAL GRID PLC,NMKCP
NATIONAL GRID PLC,NGGTF
NATIONAL GRID PLC,NMKBP
NATIONAL GRID PLC,NMPWP
NATIONAL HEALTH,NHI
NATIONAL HEALTH INVESTORS,NHI
NATIONAL HEALTH INVESTORS INC,NHI
NATIONAL HEALTHCARE,NHPAP
NATIONAL HEALTHCARE,HLTC
NATIONAL HEALTHCARE,NHPBP
NATIONAL HEALTHCARE,NHC
NATIONAL HEALTHCARE CORP,NHC
NATIONAL HEALTHCARE PROPERTIES INC,NHPBP
NATIONAL HEALTHCARE PROPERTIES INC,HLTC
NATIONAL HEALTHCARE PROPERTIES INC,NHPAP
"NATIONAL HEALTHCARE PROPERTIES, INC.",NHPBP
"NATIONAL HEALTHCARE PROPERTIES, INC.",HLTC
"NATIONAL HEALTHCARE PROPERTIES, INC.",NHPAP
NATIONAL PRESTO,NPK
NATIONAL PRESTO INDUSTRIES INC,NPK
NATIONAL RESEARCH,NRC
NATIONAL RESEARCH CORP,NRC
NATIONAL RURAL,NRUC
NATIONAL RURAL UTILITIES COOPERATIVE FINANCE CORP /DC/,NRUC
NATIONAL RURAL UTILITIES COOPERATIVE FINANCE CORP DC,NRUC
NATIONAL STEEL,SID
NATIONAL STEEL CO,SID
NATIONAL STORAGE,NSA
NATIONAL STORAGE AFFILIATES TRUST,NSA
NATIONAL VISION,EYE
NATIONAL VISION HOLDINGS INC,EYE
"NATIONAL VISION HOLDINGS, INC.",EYE
NATIONS,NRYCF
NATIONS ROYALTY,NRYCF
NATIONS ROYALTY CORP,NRYCF
NATIONS ROYALTY CORP.,NRYCF
NATURAL,NHTC
NATURAL,NGVC
NATURAL,NGS
NATURAL,NRP
NATURAL,NRHI
NATURAL,NAII
NATURAL ALTERNATIVES,NAII
NATURAL ALTERNATIVES INTERNATIONAL INC,NAII
NATURAL GAS,NGS
NATURAL GAS SERVICES GROUP INC,NGS
NATURAL GROCERS,NGVC
NATURAL GROCERS BY VITAMIN COTTAGE INC,NGVC
"NATURAL GROCERS BY VITAMIN COTTAGE, INC.",NGVC
NATURAL HEALTH,NHTC
NATURAL HEALTH TRENDS,NHTC
NATURAL HEALTH TRENDS CORP,NHTC
NATURAL RESOURCE,NRP
NATURAL RESOURCE,NRHI
NATURAL RESOURCE HOLDINGS INC,NRHI
"NATURAL RESOURCE HOLDINGS, INC.",NRHI
NATURAL RESOURCE PARTNERS,NRP
NATURAL RESOURCE PARTNERS LP,NRP
NATURE,NWGL
NATURE WOOD,NWGL
NATURE WOOD GROUP LTD,NWGL
NATURE'S,NMHIW
NATURE'S,NMHI
NATURE'S MIRACLE,NMHIW
NATURE'S MIRACLE,NMHI
NATURE'S MIRACLE HOLDING INC.,NMHI
NATURE'S MIRACLE HOLDING INC.,NMHIW
NATURES,NATR
NATURES MIRACLE HOLDING INC,NMHI
NATURES MIRACLE HOLDING INC,NMHIW
NATURES SUNSHINE,NATR
NATURES SUNSHINE PRODUCTS,NATR
NATURES SUNSHINE PRODUCTS INC,NATR
NATUZZI,NTZ
NATUZZI S P A,NTZ
NATWEST,RBSPF
NATWEST,NWG
NATWEST GROUP,NWG
NATWEST GROUP,RBSPF
NATWEST GROUP PLC,NWG
NATWEST GROUP PLC,RBSPF
NAUTICUS,KITTW
NAUTICUS,KITT
NAUTICUS ROBOTICS INC,KITT
NAUTICUS ROBOTICS INC,KITTW
"NAUTICUS ROBOTICS,",KITTW
"NAUTICUS ROBOTICS,",KITT
"NAUTICUS ROBOTICS, INC.",KITTW
"NAUTICUS ROBOTICS, INC.",KITT
NAUTILUS,NAUT
NAUTILUS BIOTECHNOLOGY INC,NAUT
"NAUTILUS BIOTECHNOLOGY,",NAUT
"NAUTILUS BIOTECHNOLOGY, INC.",NAUT
NAVIENT,JSM
NAVIENT,NAVI
NAVIENT CORP,JSM
NAVIENT CORP,NAVI
NAVIGATOR,NVGS
NAVIGATOR HOLDINGS,NVGS
NAVIGATOR HOLDINGS LTD,NVGS
NAVIGATOR HOLDINGS LTD.,NVGS
NAVIOS,NMM
NAVIOS,NMPGY
NAVIOS,NMPRY
NAVIOS MARITIME,NMPRY
NAVIOS MARITIME,NMM
NAVIOS MARITIME,NMPGY
NAVIOS MARITIME HOLDINGS INC,NMPGY
NAVIOS MARITIME HOLDINGS INC,NMPRY
NAVIOS MARITIME HOLDINGS INC.,NMPGY
NAVIOS MARITIME HOLDINGS INC.,NMPRY
NAVIOS MARITIME PARTNERS,NMM
NAVIOS MARITIME PARTNERS L.P.,NMM
NAVITAS,NVTS
NAVITAS SEMICONDUCTOR,NVTS
NAVITAS SEMICONDUCTOR CORP,NVTS
NAYAX,NYAX
NAYAX LTD,NYAX
NAYAX LTD.,NYAX
NB BANCORP INC,NBBK
"NB BANCORP, INC.",NBBK
NBT,NBTB
NBT BANCORP,NBTB
NBT BANCORP INC,NBTB
NCINO INC,NCNO
"NCINO,",NCNO
"NCINO, INC.",NCNO
NCR,VYX
NCR,NATL
NCR,NCRRP
NCR ATLEOS,NATL
NCR ATLEOS CORP,NATL
NCR VOYIX,VYX
NCR VOYIX,NCRRP
NCR VOYIX CORP,NCRRP
NCR VOYIX CORP,VYX
NCS,NCSM
NCS MULTISTAGE,NCSM
NCS MULTISTAGE HOLDINGS INC,NCSM
"NCS MULTISTAGE HOLDINGS, INC.",NCSM
NEBIUS,NBIS
NEBIUS GROUP,NBIS
NEBIUS GROUP N.V.,NBIS
NEBIUS GROUP NV,NBIS
NEKTAR,NKTR
NEKTAR THERAPEUTICS,NKTR
NELNET,NNI
NELNET INC,NNI
NEO-CONCEPT,NCI
NEO-CONCEPT INTERNATIONAL,NCI
NEO-CONCEPT INTERNATIONAL GROUP HOLDINGS LTD,NCI
NEOCONCEPT INTERNATIONAL GROUP,NCI
NEOGEN,NEOG
NEOGEN CORP,NEOG
NEOGENOMICS,NEO
NEOGENOMICS INC,NEO
NEOLARA,NELR
NEOLARA CORP,NELR
NEOLARA CORP.,NELR
NEONC,NTHI
NEONC TECHNOLOGIES,NTHI
NEONC TECHNOLOGIES HOLDINGS INC,NTHI
"NEONC TECHNOLOGIES HOLDINGS, INC.",NTHI
NEONODE,NEON
NEONODE INC,NEON
NEONODE INC.,NEON
NEOVOLTA,NEOVW
NEOVOLTA,NEOV
NEOVOLTA INC,NEOV
NEOVOLTA INC,NEOVW
NEOVOLTA INC.,NEOVW
NEOVOLTA INC.,NEOV
NEPHROS,NEPH
NEPHROS INC,NEPH
NEPRA,NPRFF
NEPRA FOODS,NPRFF
NEPRA FOODS INC,NPRFF
NEPRA FOODS INC.,NPRFF
NERDWALLET INC,NRDS
"NERDWALLET,",NRDS
"NERDWALLET, INC.",NRDS
NERDY,NRDY
NERDY INC,NRDY
NERDY INC.,NRDY
NET,NLOP
NET,NPWR
NET LEASE,NLOP
NET LEASE OFFICE,NLOP
NET LEASE OFFICE PROPERTIES,NLOP
NET POWER,NPWR
NET POWER INC,NPWR
NET POWER INC.,NPWR
NETAPP INC,NTAP
"NETAPP,",NTAP
"NETAPP, INC.",NTAP
NETBRANDS,NBND
NETBRANDS CORP,NBND
NETBRANDS CORP.,NBND
NETCAPITAL,NCPLW
NETCAPITAL,NCPL
NETCAPITAL INC,NCPL
NETCAPITAL INC,NCPLW
NETCAPITAL INC.,NCPL
NETCAPITAL INC.,NCPLW
NETCLASS,NTCL
NETCLASS TECHNOLOGY,NTCL
NETCLASS TECHNOLOGY INC,NTCL
NETEASE INC,NTES
NETEASE INC,NETTF
"NETEASE,",NETTF
"NETEASE,",NTES
"NETEASE, INC.",NETTF
"NETEASE, INC.",NTES
NETFLIX,NFLX
NETFLIX INC,NFLX
NETGEAR INC,NTGR
"NETGEAR,",NTGR
"NETGEAR, INC.",NTGR
NETLIST,NLST
NETLIST INC,NLST
NETSCOUT,NTCT
NETSCOUT SYSTEMS,NTCT
NETSCOUT SYSTEMS INC,NTCT
NETSOL,NTWK
NETSOL TECHNOLOGIES,NTWK
NETSOL TECHNOLOGIES INC,NTWK
NETSTREIT,NTST
NETSTREIT CORP,NTST
NETSTREIT CORP.,NTST
NETWORK-1,NTIP
"NETWORK-1 TECHNOLOGIES,",NTIP
"NETWORK-1 TECHNOLOGIES, INC.",NTIP
NETWORK1 TECHNOLOGIES INC,NTIP
NEUBERGER,NBH
NEUBERGER,NHS
NEUBERGER,NBXG
NEUBERGER,NRO
NEUBERGER,NML
NEUBERGER BERMAN,NBXG
NEUBERGER BERMAN,NRO
NEUBERGER BERMAN,NHS
NEUBERGER BERMAN,NML
NEUBERGER BERMAN,NBH
NEUBERGER BERMAN ENERGY INFRASTRUCTURE  INCOME FUND INC,NML
NEUBERGER BERMAN ENERGY INFRASTRUCTURE & INCOME FUND INC.,NML
NEUBERGER BERMAN HIGH YIELD STRATEGIES FUND INC,NHS
NEUBERGER BERMAN HIGH YIELD STRATEGIES FUND INC.,NHS
NEUBERGER BERMAN MUNICIPAL FUND INC,NBH
NEUBERGER BERMAN MUNICIPAL FUND INC.,NBH
NEUBERGER BERMAN NEXT GENERATION CONNECTIVITY FUND INC,NBXG
NEUBERGER BERMAN NEXT GENERATION CONNECTIVITY FUND INC.,NBXG
NEUBERGER BERMAN REAL ESTATE SECURITIES INCOME FUND,NRO
NEUBERGER BERMAN REAL ESTATE SECURITIES INCOME FUND INC,NRO
NEUEHEALTH INC,NEUE
"NEUEHEALTH,",NEUE
"NEUEHEALTH, INC.",NEUE
NEUMORA,NMRA
NEUMORA THERAPEUTICS INC,NMRA
"NEUMORA THERAPEUTICS,",NMRA
"NEUMORA THERAPEUTICS, INC.",NMRA
NEUPHORIA,NEUP
NEUPHORIA THERAPEUTICS,NEUP
NEUPHORIA THERAPEUTICS INC,NEUP
NEUPHORIA THERAPEUTICS INC.,NEUP
NEURALBASE,NBBI
NEURALBASE AI LTD,NBBI
NEURALBASE AI LTD.,NBBI
NEURAXIS,NRXS
"NEURAXIS,",NRXS
"NEURAXIS, INC",NRXS
NEUROCRINE,NBIX
NEUROCRINE BIOSCIENCES,NBIX
NEUROCRINE BIOSCIENCES INC,NBIX
NEUROGENE,NGNE
NEUROGENE INC,NGNE
NEUROGENE INC.,NGNE
NEURONETICS INC,STIM
"NEURONETICS,",STIM
"NEURONETICS, INC.",STIM
NEUROONE,NMTC
NEUROONE MEDICAL,NMTC
NEUROONE MEDICAL TECHNOLOGIES CORP,NMTC
NEUROPACE,NPCE
NEUROPACE INC,NPCE
NEUROSENSE,NRSNW
NEUROSENSE,NRSN
NEUROSENSE THERAPEUTICS,NRSNW
NEUROSENSE THERAPEUTICS,NRSN
NEUROSENSE THERAPEUTICS LTD,NRSN
NEUROSENSE THERAPEUTICS LTD,NRSNW
NEUROSENSE THERAPEUTICS LTD.,NRSN
NEUROSENSE THERAPEUTICS LTD.,NRSNW
NEUTRA,NTRR
NEUTRA CORP,NTRR
NEUTRA CORP.,NTRR
NEVADA,NVLHF
NEVADA,NVSGF
NEVADA,NKGFF
NEVADA,NGLD
NEVADA CANYON,NGLD
NEVADA CANYON GOLD CORP,NGLD
NEVADA CANYON GOLD CORP.,NGLD
NEVADA KING,NKGFF
NEVADA KING GOLD CORP,NKGFF
NEVADA KING GOLD CORP.,NKGFF
NEVADA LITHIUM,NVLHF
NEVADA LITHIUM RESOURCES INC,NVLHF
NEVADA LITHIUM RESOURCES INC.,NVLHF
NEVADA SUNRISE,NVSGF
NEVADA SUNRISE METALS CORP,NVSGF
NEVADA SUNRISE METALS CORP.,NVSGF
NEW,NGD
NEW,NCEW
NEW,NZEOF
NEW,NFE
NEW,NMFC
NEW,GBR
NEW,NPACW
NEW,NWOEF
NEW,NZERF
NEW,NEHCW
NEW,NYMTI
NEW,NEN
NEW,NMFCZ
NEW,HOVR
NEW,HOVRW
NEW,NPACU
NEW,NYMTM
NEW,NPAC
NEW,NYMTL
NEW,NYMTN
NEW,NWPP
NEW,NYMTG
NEW,GF
NEW,NNAX
NEW,EDU
NEW,NFGC
NEW,NJR
NEW,NYMTZ
NEW,NZEOY
NEW,NGCG
NEW,NEHC
NEW,NYT
NEW,NYMT
NEW,NEWP
NEW CENTURY,NCEW
NEW CENTURY LOGISTICS (BVI) LTD,NCEW
NEW CENTURY LOGISTICS BVI,NCEW
NEW CONCEPT,GBR
NEW CONCEPT ENERGY INC,GBR
"NEW CONCEPT ENERGY, INC.",GBR
NEW ENGLAND,NEN
NEW ENGLAND REALTY ASSOCIATES LIMITED PARTNERSHIP,NEN
NEW ERA,NEHC
NEW ERA,NEHCW
NEW ERA HELIUM INC,NEHCW
NEW ERA HELIUM INC,NEHC
NEW ERA HELIUM INC.,NEHC
NEW ERA HELIUM INC.,NEHCW
NEW FORTRESS,NFE
NEW FORTRESS ENERGY INC,NFE
NEW FORTRESS ENERGY INC.,NFE
NEW FOUND,NFGC
NEW FOUND GOLD CORP,NFGC
NEW FOUND GOLD CORP.,NFGC
NEW GENERATION,NGCG
NEW GENERATION CONSUMER GROUP INC,NGCG
"NEW GENERATION CONSUMER GROUP, INC.",NGCG
NEW GERMANY,GF
NEW GERMANY FUND,GF
NEW GERMANY FUND INC,GF
NEW GOLD,NGD
NEW GOLD INC FI,NGD
NEW GOLD INC. /FI,NGD
NEW HORIZON,HOVRW
NEW HORIZON,HOVR
NEW HORIZON AIRCRAFT LTD,HOVRW
NEW HORIZON AIRCRAFT LTD,HOVR
NEW HORIZON AIRCRAFT LTD.,HOVR
NEW HORIZON AIRCRAFT LTD.,HOVRW
NEW JERSEY,NJR
NEW JERSEY RESOURCES,NJR
NEW JERSEY RESOURCES CORP,NJR
NEW MOMENTUM,NNAX
NEW MOMENTUM CORP,NNAX
NEW MOMENTUM CORP.,NNAX
NEW MOUNTAIN,NMFCZ
NEW MOUNTAIN,NMFC
NEW MOUNTAIN FINANCE,NMFC
NEW MOUNTAIN FINANCE,NMFCZ
NEW MOUNTAIN FINANCE CORP,NMFCZ
NEW MOUNTAIN FINANCE CORP,NMFC
NEW ORIENTAL,NWOEF
NEW ORIENTAL,EDU
NEW ORIENTAL EDUCATION  TECHNOLOGY GROUP INC,EDU
NEW ORIENTAL EDUCATION  TECHNOLOGY GROUP INC,NWOEF
NEW ORIENTAL EDUCATION & TECHNOLOGY GROUP INC.,NWOEF
NEW ORIENTAL EDUCATION & TECHNOLOGY GROUP INC.,EDU
NEW PACIFIC,NEWP
NEW PACIFIC METALS,NEWP
NEW PACIFIC METALS CORP,NEWP
NEW PEOPLES,NWPP
NEW PEOPLES BANKSHARES,NWPP
NEW PEOPLES BANKSHARES INC,NWPP
NEW PROVIDENCE,NPACU
NEW PROVIDENCE,NPACW
NEW PROVIDENCE,NPAC
NEW PROVIDENCE ACQUISITION CORP IIICAYMAN,NPACW
NEW PROVIDENCE ACQUISITION CORP IIICAYMAN,NPAC
NEW PROVIDENCE ACQUISITION CORP IIICAYMAN,NPACU
NEW PROVIDENCE ACQUISITION CORP. III/CAYMAN,NPAC
NEW PROVIDENCE ACQUISITION CORP. III/CAYMAN,NPACW
NEW PROVIDENCE ACQUISITION CORP. III/CAYMAN,NPACU
NEW YORK,NYMTG
NEW YORK,NYMTZ
NEW YORK,NYT
NEW YORK,NYMTM
NEW YORK,NYMT
NEW YORK,NYMTI
NEW YORK,NYMTL
NEW YORK,NYMTN
NEW YORK MORTGAGE TRUST INC,NYMTI
NEW YORK MORTGAGE TRUST INC,NYMT
NEW YORK MORTGAGE TRUST INC,NYMTL
NEW YORK MORTGAGE TRUST INC,NYMTZ
NEW YORK MORTGAGE TRUST INC,NYMTN
NEW YORK MORTGAGE TRUST INC,NYMTG
NEW YORK MORTGAGE TRUST INC,NYMTM
"NEW YORK MORTGAGE TRUST, INC.",NYMTI
"NEW YORK MORTGAGE TRUST, INC.",NYMTG
"NEW YORK MORTGAGE TRUST, INC.",NYMTM
"NEW YORK MORTGAGE TRUST, INC.",NYMTL
"NEW YORK MORTGAGE TRUST, INC.",NYMTN
"NEW YORK MORTGAGE TRUST, INC.",NYMT
"NEW YORK MORTGAGE TRUST, INC.",NYMTZ
NEW YORK TIMES,NYT
NEW YORK TIMES CO,NYT
NEW ZEALAND,NZEOY
NEW ZEALAND,NZERF
NEW ZEALAND,NZEOF
NEW ZEALAND ENERGY CORP,NZERF
NEW ZEALAND ENERGY CORP.,NZERF
NEW ZEALAND OIL  GAS LTDADR,NZEOY
NEW ZEALAND OIL  GAS LTDADR,NZEOF
NEW ZEALAND OIL & GAS LTD/ADR,NZEOY
NEW ZEALAND OIL & GAS LTD/ADR,NZEOF
NEWAMSTERDAM,NAMSW
NEWAMSTERDAM,NAMS
NEWAMSTERDAM PHARMA,NAMS
NEWAMSTERDAM PHARMA,NAMSW
NEWAMSTERDAM PHARMA CO N.V.,NAMS
NEWAMSTERDAM PHARMA CO N.V.,NAMSW
NEWAMSTERDAM PHARMA CO NV,NAMS
NEWAMSTERDAM PHARMA CO NV,NAMSW
NEWBURY,NTWO
NEWBURY,NTWOU
NEWBURY,NTWOW
NEWBURY STREET,NTWOW
NEWBURY STREET,NTWOU
NEWBURY STREET,NTWO
NEWBURY STREET II ACQUISITION,NTWOW
NEWBURY STREET II ACQUISITION,NTWO
NEWBURY STREET II ACQUISITION,NTWOU
NEWBURY STREET II ACQUISITION CORP,NTWO
NEWBURY STREET II ACQUISITION CORP,NTWOW
NEWBURY STREET II ACQUISITION CORP,NTWOU
NEWCORE,NCAUF
NEWCORE GOLD,NCAUF
NEWCORE GOLD LTD,NCAUF
NEWCORE GOLD LTD.,NCAUF
NEWEGG,NEGG
NEWEGG COMMERCE INC,NEGG
"NEWEGG COMMERCE,",NEGG
"NEWEGG COMMERCE, INC.",NEGG
NEWELL,NWL
NEWELL BRANDS,NWL
NEWELL BRANDS INC,NWL
NEWELL BRANDS INC.,NWL
NEWGENIVF,NIVF
NEWGENIVF,NIVFW
NEWGENIVF GROUP,NIVF
NEWGENIVF GROUP,NIVFW
NEWGENIVF GROUP LTD,NIVF
NEWGENIVF GROUP LTD,NIVFW
NEWHOLD,NHIC
NEWHOLD,NHICU
NEWHOLD,NHICW
NEWHOLD INVESTMENT,NHICU
NEWHOLD INVESTMENT,NHIC
NEWHOLD INVESTMENT,NHICW
NEWHOLD INVESTMENT CORP III,NHIC
NEWHOLD INVESTMENT CORP III,NHICW
NEWHOLD INVESTMENT CORP III,NHICU
NEWHOLD INVESTMENT CORP. III,NHICU
NEWHOLD INVESTMENT CORP. III,NHIC
NEWHOLD INVESTMENT CORP. III,NHICW
NEWHYDROGEN INC,NEWH
"NEWHYDROGEN,",NEWH
"NEWHYDROGEN, INC.",NEWH
NEWLAKE,NLCP
NEWLAKE CAPITAL,NLCP
NEWLAKE CAPITAL PARTNERS INC,NLCP
"NEWLAKE CAPITAL PARTNERS, INC.",NLCP
NEWMARK,NMRK
NEWMARK GROUP INC,NMRK
"NEWMARK GROUP,",NMRK
"NEWMARK GROUP, INC.",NMRK
NEWMARKET,NEU
NEWMARKET CORP,NEU
NEWMONT,NEM
NEWMONT,NEMCL
NEWMONT CORP,NEMCL
NEWMONT CORP,NEM
NEWMONT CORP /DE/,NEM
NEWMONT CORP /DE/,NEMCL
NEWMONT CORP DE,NEM
NEWMONT CORP DE,NEMCL
NEWS,NWS
NEWS,NWSAL
NEWS,NWSA
NEWS CORP,NWSA
NEWS CORP,NWSAL
NEWS CORP,NWS
NEWSMAX,NMAX
NEWSMAX INC,NMAX
NEWSMAX INC.,NMAX
NEWTEKONE INC,NEWTG
NEWTEKONE INC,NEWTH
NEWTEKONE INC,NEWTI
NEWTEKONE INC,NEWTZ
NEWTEKONE INC,NEWT
"NEWTEKONE,",NEWTH
"NEWTEKONE,",NEWTI
"NEWTEKONE,",NEWTZ
"NEWTEKONE,",NEWT
"NEWTEKONE,",NEWTG
"NEWTEKONE, INC.",NEWTI
"NEWTEKONE, INC.",NEWTZ
"NEWTEKONE, INC.",NEWT
"NEWTEKONE, INC.",NEWTH
"NEWTEKONE, INC.",NEWTG
NEWTON,NWTG
NEWTON GOLF,NWTG
NEWTON GOLF COMPANY INC,NWTG
"NEWTON GOLF COMPANY, INC.",NWTG
NEXA,NEXA
NEXA RESOURCES,NEXA
NEXA RESOURCES S.A.,NEXA
NEXA RESOURCES SA,NEXA
NEXALIN,NXL
NEXALIN,NXLIW
NEXALIN TECHNOLOGY INC,NXL
NEXALIN TECHNOLOGY INC,NXLIW
"NEXALIN TECHNOLOGY,",NXL
"NEXALIN TECHNOLOGY,",NXLIW
"NEXALIN TECHNOLOGY, INC.",NXLIW
"NEXALIN TECHNOLOGY, INC.",NXL
NEXANS,NXPRF
NEXANS S.A./ADR,NXPRF
NEXANS SAADR,NXPRF
NEXERA,EMBYF
NEXERA ENERGY,EMBYF
NEXERA ENERGY INC,EMBYF
NEXERA ENERGY INC.,EMBYF
NEXGEL INC,NXGLW
NEXGEL INC,NXGL
"NEXGEL,",NXGL
"NEXGEL,",NXGLW
"NEXGEL, INC.",NXGLW
"NEXGEL, INC.",NXGL
NEXGEN,NXE
NEXGEN ENERGY,NXE
NEXGEN ENERGY LTD,NXE
NEXGEN ENERGY LTD.,NXE
NEXIEN,NXEN
NEXIEN BIOPHARMA INC,NXEN
"NEXIEN BIOPHARMA,",NXEN
"NEXIEN BIOPHARMA, INC.",NXEN
NEXPOINT,NXDT
NEXPOINT,NREF
NEXPOINT,NXRT
NEXPOINT,NXPT
NEXPOINT,NRSAX
NEXPOINT CAPITAL INC,NXPT
"NEXPOINT CAPITAL,",NXPT
"NEXPOINT CAPITAL, INC.",NXPT
NEXPOINT DIVERSIFIED,NXDT
NEXPOINT DIVERSIFIED REAL ESTATE TRUST,NXDT
NEXPOINT REAL,NREF
NEXPOINT REAL,NRSAX
NEXPOINT REAL ESTATE FINANCE INC,NREF
"NEXPOINT REAL ESTATE FINANCE, INC.",NREF
NEXPOINT REAL ESTATE STRATEGIES FUND,NRSAX
NEXPOINT RESIDENTIAL,NXRT
NEXPOINT RESIDENTIAL TRUST INC,NXRT
"NEXPOINT RESIDENTIAL TRUST, INC.",NXRT
NEXSCIENT INC,NXNT
"NEXSCIENT,",NXNT
"NEXSCIENT, INC.",NXNT
NEXSTAR,NXST
NEXSTAR MEDIA,NXST
NEXSTAR MEDIA GROUP INC,NXST
"NEXSTAR MEDIA GROUP, INC.",NXST
NEXT,NXFTY
NEXT,NXFNF
NEXT,NXTT
NEXT FIFTEEN,NXFNF
NEXT FIFTEEN,NXFTY
NEXT FIFTEEN COMMUNICATIONS GROUP PLC/ADR,NXFTY
NEXT FIFTEEN COMMUNICATIONS GROUP PLC/ADR,NXFNF
NEXT FIFTEEN COMMUNICATIONS GROUP PLCADR,NXFNF
NEXT FIFTEEN COMMUNICATIONS GROUP PLCADR,NXFTY
NEXT TECHNOLOGY,NXTT
NEXT TECHNOLOGY HOLDING INC,NXTT
NEXT TECHNOLOGY HOLDING INC.,NXTT
NEXT-CHEMX,CHMX
NEXT-CHEMX CORPORATION.,CHMX
NEXTCHEMX CORPORATION,CHMX
NEXTCURE INC,NXTC
"NEXTCURE,",NXTC
"NEXTCURE, INC.",NXTC
NEXTDECADE,NEXT
NEXTDECADE CORP,NEXT
NEXTDECADE CORP.,NEXT
NEXTDOOR,KIND
NEXTDOOR HOLDINGS INC,KIND
"NEXTDOOR HOLDINGS,",KIND
"NEXTDOOR HOLDINGS, INC.",KIND
NEXTECH3D.AI,NEXCF
NEXTECH3D.AI CORP.,NEXCF
NEXTECH3DAI CORP,NEXCF
NEXTERA,NEE
NEXTERA ENERGY,NEE
NEXTERA ENERGY INC,NEE
NEXTNAV,NXNVW
NEXTNAV,NN
NEXTNAV,NNAVW
NEXTNAV INC,NNAVW
NEXTNAV INC,NN
NEXTNAV INC,NXNVW
NEXTNAV INC.,NNAVW
NEXTNAV INC.,NN
NEXTNAV INC.,NXNVW
NEXTNRG INC,NXXT
"NEXTNRG,",NXXT
"NEXTNRG, INC.",NXXT
NEXTPLAT,NXPLW
NEXTPLAT,NXPL
NEXTPLAT CORP,NXPL
NEXTPLAT CORP,NXPLW
NEXTRACKER,NXT
NEXTRACKER INC,NXT
NEXTRACKER INC.,NXT
NEXTSOURCE,NSRCF
NEXTSOURCE MATERIALS,NSRCF
NEXTSOURCE MATERIALS INC,NSRCF
NEXTSOURCE MATERIALS INC.,NSRCF
NEXTTRIP INC,NTRP
"NEXTTRIP,",NTRP
"NEXTTRIP, INC.",NTRP
NEXXEN,NEXN
NEXXEN INTERNATIONAL,NEXN
NEXXEN INTERNATIONAL LTD,NEXN
NEXXEN INTERNATIONAL LTD.,NEXN
NFINITI,NFTN
NFINITI INC,NFTN
NFINITI INC.,NFTN
NFT,MI
NFT LTD,MI
NGL,NGL
NGL ENERGY,NGL
NGL ENERGY PARTNERS,NGL
NGL ENERGY PARTNERS LP,NGL
NI HOLDINGS INC,NODK
"NI HOLDINGS, INC.",NODK
NIAGEN,NAGE
NIAGEN BIOSCIENCE INC,NAGE
"NIAGEN BIOSCIENCE,",NAGE
"NIAGEN BIOSCIENCE, INC.",NAGE
NICE,NICE
NICE,NCSYF
NICE LTD,NCSYF
NICE LTD,NICE
NICE LTD.,NICE
NICE LTD.,NCSYF
NICHIREI,NCHEF
NICHIREI CORPORATION/ADR,NCHEF
NICHIREI CORPORATIONADR,NCHEF
NICOLET,NIC
NICOLET BANKSHARES,NIC
NICOLET BANKSHARES INC,NIC
NIDEC,NJDCY
NIDEC,NNDNF
NIDEC CORP,NNDNF
NIDEC CORP,NJDCY
NIGHTFOOD,NGTF
NIGHTFOOD HOLDINGS INC,NGTF
"NIGHTFOOD HOLDINGS,",NGTF
"NIGHTFOOD HOLDINGS, INC.",NGTF
NIGHTINGALE,NHLTY
NIGHTINGALE,NGHLF
NIGHTINGALE HEALTH,NHLTY
NIGHTINGALE HEALTH,NGHLF
NIGHTINGALE HEALTH PLC,NHLTY
NIGHTINGALE HEALTH PLC,NGHLF
NIHON,NHNKF
NIHON KOHDEN,NHNKF
NIHON KOHDEN CORPORATION/ADR,NHNKF
NIHON KOHDEN CORPORATIONADR,NHNKF
NIKA,NIKA
NIKA PHARMACEUTICALS,NIKA
"NIKA PHARMACEUTICALS,",NIKA
"NIKA PHARMACEUTICALS, INC",NIKA
NIKE INC,NKE
"NIKE,",NKE
"NIKE, INC.",NKE
NIKOLA,NKLAQ
NIKOLA CORP,NKLAQ
NINE,NINE
NINE ENERGY,NINE
NINE ENERGY SERVICE INC,NINE
"NINE ENERGY SERVICE, INC.",NINE
NIO,NIO
NIO,NIOIF
NIO INC,NIO
NIO INC,NIOIF
NIO INC.,NIO
NIO INC.,NIOIF
NIOCORP,NB
NIOCORP,NIOBW
NIOCORP DEVELOPMENTS,NIOBW
NIOCORP DEVELOPMENTS,NB
NIOCORP DEVELOPMENTS LTD,NB
NIOCORP DEVELOPMENTS LTD,NIOBW
NIP,NIPG
NIP GROUP,NIPG
NIP GROUP INC,NIPG
NIP GROUP INC.,NIPG
NIPPON,NEXHY
NIPPON,NPEHF
NIPPON,TYNPF
NIPPON,NPXYY
NIPPON EXPRESS,NPEHF
NIPPON EXPRESS,NEXHY
NIPPON EXPRESS HOLDINGS INCADR,NEXHY
NIPPON EXPRESS HOLDINGS INCADR,NPEHF
"NIPPON EXPRESS HOLDINGS, INC./ADR",NPEHF
"NIPPON EXPRESS HOLDINGS, INC./ADR",NEXHY
NIPPON SANSO,TYNPF
NIPPON SANSO,NPXYY
NIPPON SANSO HOLDINGS CORPORATION/ADR,NPXYY
NIPPON SANSO HOLDINGS CORPORATION/ADR,TYNPF
NIPPON SANSO HOLDINGS CORPORATIONADR,NPXYY
NIPPON SANSO HOLDINGS CORPORATIONADR,TYNPF
NISOURCE,NI
NISOURCE INC,NI
NISOURCE INC.,NI
NISSIN,NSNFY
NISSIN FOODS,NSNFY
NISSIN FOODS HOLDINGS CO LTDADR,NSNFY
"NISSIN FOODS HOLDINGS CO., LTD./ADR",NSNFY
NISUN,NISN
NISUN INTERNATIONAL,NISN
NISUN INTERNATIONAL ENTERPRISE DEVELOPMENT GROUP CO,NISN
"NISUN INTERNATIONAL ENTERPRISE DEVELOPMENT GROUP CO., LTD",NISN
NITORI,NCLTY
NITORI,NCLTF
NITORI HOLDINGS,NCLTY
NITORI HOLDINGS,NCLTF
NITORI HOLDINGS CO LTD,NCLTF
NITORI HOLDINGS CO LTD,NCLTY
"NITORI HOLDINGS CO., LTD.",NCLTY
"NITORI HOLDINGS CO., LTD.",NCLTF
NITTO,NDEKF
NITTO DENKO,NDEKF
NITTO DENKO CORP  ADR,NDEKF
NITTO DENKO CORP / ADR/,NDEKF
NIU,NIU
NIU TECHNOLOGIES,NIU
NIXXY INC,NIXXW
NIXXY INC,NIXX
"NIXXY,",NIXXW
"NIXXY,",NIXX
"NIXXY, INC.",NIXX
"NIXXY, INC.",NIXXW
NKARTA INC,NKTX
"NKARTA,",NKTX
"NKARTA, INC.",NKTX
NKGEN,NKGNW
NKGEN,NKGN
NKGEN BIOTECH INC,NKGN
NKGEN BIOTECH INC,NKGNW
"NKGEN BIOTECH,",NKGN
"NKGEN BIOTECH,",NKGNW
"NKGEN BIOTECH, INC.",NKGN
"NKGEN BIOTECH, INC.",NKGNW
NL,NL
NL INDUSTRIES INC,NL
NLIGHT INC,LASR
"NLIGHT,",LASR
"NLIGHT, INC.",LASR
NLS,NLSP
NLS,NLSPW
NLS PHARMACEUTICS,NLSPW
NLS PHARMACEUTICS,NLSP
NLS PHARMACEUTICS LTD,NLSP
NLS PHARMACEUTICS LTD,NLSPW
NLS PHARMACEUTICS LTD.,NLSP
NLS PHARMACEUTICS LTD.,NLSPW
NMI,NMIH
NMI HOLDINGS INC,NMIH
"NMI HOLDINGS,",NMIH
"NMI HOLDINGS, INC.",NMIH
NMP,NMP
NMP ACQUISITION,NMP
NMP ACQUISITION CORP,NMP
NMP ACQUISITION CORP.,NMP
NN,NNBR
NN GROUP NV/ADR,NNGPF
NN GROUP NVADR,NNGPF
NN INC,NNBR
NNN,NNN
NNN REIT INC,NNN
"NNN REIT,",NNN
"NNN REIT, INC.",NNN
NOAH,NOAH
NOAH HOLDINGS,NOAH
NOAH HOLDINGS LTD,NOAH
NOBILITY,NOBH
NOBILITY HOMES,NOBH
NOBILITY HOMES INC,NOBH
NOBLE,NE
NOBLE,NBLWF
NOBLE,NE-WT
NOBLE,NROM
NOBLE CORP,NE
NOBLE CORP,NBLWF
NOBLE CORP,NE-WT
NOBLE CORP PLC,NBLWF
NOBLE CORP PLC,NE
NOBLE CORP PLC,NE-WT
NOBLE ROMANS,NROM
NOBLE ROMANS INC,NROM
NOCERA INC,NCRA
"NOCERA,",NCRA
"NOCERA, INC.",NCRA
NOCO-NOCO,NCNCF
NOCO-NOCO,NCNWF
NOCO-NOCO INC.,NCNCF
NOCO-NOCO INC.,NCNWF
NOCONOCO INC,NCNWF
NOCONOCO INC,NCNCF
NOCOPI,NNUP
NOCOPI TECHNOLOGIES,NNUP
NOCOPI TECHNOLOGIES INC/MD/,NNUP
NOCOPI TECHNOLOGIES INCMD,NNUP
NOKIA,NOK
NOKIA,NOKBF
NOKIA CORP,NOKBF
NOKIA CORP,NOK
NOMAD,NOMD
NOMAD FOODS,NOMD
NOMAD FOODS LTD,NOMD
NOMURA,NMR
NOMURA,NRSCF
NOMURA HOLDINGS,NRSCF
NOMURA HOLDINGS,NMR
NOMURA HOLDINGS INC,NMR
NOMURA HOLDINGS INC,NRSCF
NON,NIMU
NON INVASIVE,NIMU
NON INVASIVE MONITORING SYSTEMS INC /FL/,NIMU
NON INVASIVE MONITORING SYSTEMS INC FL,NIMU
NONGFU,YBCN
NONGFU SHOP,YBCN
NONGFU SHOP DIGITAL NEW RETAIL CO,YBCN
"NONGFU SHOP DIGITAL NEW RETAIL CO., LTD",YBCN
NOODLES,NDLS
NOODLES & CO,NDLS
NORDIC,NAT
NORDIC AMERICAN,NAT
NORDIC AMERICAN TANKERS,NAT
NORDIC AMERICAN TANKERS LTD,NAT
NORDICUS,NORD
NORDICUS PARTNERS,NORD
NORDICUS PARTNERS CORP,NORD
NORDSON,NDSN
NORDSON CORP,NDSN
NORFOLK,NSC
NORFOLK SOUTHERN,NSC
NORFOLK SOUTHERN CORP,NSC
NORRIS,NRIS
NORRIS INDUSTRIES INC,NRIS
"NORRIS INDUSTRIES,",NRIS
"NORRIS INDUSTRIES, INC.",NRIS
NORTECH,NSYS
NORTECH SYSTEMS,NSYS
NORTECH SYSTEMS INC,NSYS
NORTH,NRT
NORTH,NOA
NORTH AMERICAN,NOA
NORTH AMERICAN CONSTRUCTION GROUP LTD,NOA
NORTH AMERICAN CONSTRUCTION GROUP LTD.,NOA
NORTH EUROPEAN,NRT
NORTH EUROPEAN OIL ROYALTY TRUST,NRT
NORTHANN,NCL
NORTHANN CORP,NCL
NORTHANN CORP.,NCL
NORTHEAST,NECB
NORTHEAST COMMUNITY,NECB
NORTHEAST COMMUNITY BANCORP INCMD,NECB
"NORTHEAST COMMUNITY BANCORP, INC./MD/",NECB
NORTHERN,NAK
NORTHERN,NTIC
NORTHERN,NMEX
NORTHERN,NTRS
NORTHERN,NOG
NORTHERN,NTRSO
NORTHERN DYNASTY,NAK
NORTHERN DYNASTY MINERALS,NAK
NORTHERN DYNASTY MINERALS LTD,NAK
NORTHERN MINERALS,NMEX
NORTHERN MINERALS  EXPLORATION LTD,NMEX
NORTHERN MINERALS & EXPLORATION LTD.,NMEX
NORTHERN OIL,NOG
NORTHERN OIL  GAS INC,NOG
"NORTHERN OIL & GAS, INC.",NOG
NORTHERN TECHNOLOGIES,NTIC
NORTHERN TECHNOLOGIES INTERNATIONAL CORP,NTIC
NORTHERN TRUST,NTRS
NORTHERN TRUST,NTRSO
NORTHERN TRUST CORP,NTRSO
NORTHERN TRUST CORP,NTRS
NORTHFIELD,NFBK
NORTHFIELD,NHFLF
NORTHFIELD BANCORP INC,NFBK
"NORTHFIELD BANCORP,",NFBK
"NORTHFIELD BANCORP, INC.",NFBK
NORTHFIELD CAPITAL,NHFLF
NORTHFIELD CAPITAL CORP,NHFLF
NORTHPOINTE,NPB
NORTHPOINTE BANCSHARES,NPB
NORTHPOINTE BANCSHARES INC,NPB
NORTHRIM,NRIM
NORTHRIM BANCORP,NRIM
NORTHRIM BANCORP INC,NRIM
NORTHROP,NOC
NORTHROP GRUMMAN,NOC
NORTHROP GRUMMAN CORP /DE/,NOC
NORTHROP GRUMMAN CORP DE,NOC
NORTHSTAR,NHHS
NORTHSTAR HEALTHCARE,NHHS
NORTHSTAR HEALTHCARE INCOME INC,NHHS
"NORTHSTAR HEALTHCARE INCOME, INC.",NHHS
NORTHVIEW,NVACR
NORTHVIEW,NVAC
NORTHVIEW,NVACW
NORTHVIEW ACQUISITION,NVACR
NORTHVIEW ACQUISITION,NVAC
NORTHVIEW ACQUISITION,NVACW
NORTHVIEW ACQUISITION CORP,NVACR
NORTHVIEW ACQUISITION CORP,NVAC
NORTHVIEW ACQUISITION CORP,NVACW
NORTHWEST,NWBI
NORTHWEST,NWBO
NORTHWEST,NWN
NORTHWEST BANCSHARES INC,NWBI
"NORTHWEST BANCSHARES,",NWBI
"NORTHWEST BANCSHARES, INC.",NWBI
NORTHWEST BIOTHERAPEUTICS,NWBO
NORTHWEST BIOTHERAPEUTICS INC,NWBO
NORTHWEST NATURAL,NWN
NORTHWEST NATURAL HOLDING,NWN
NORTHWEST NATURAL HOLDING CO,NWN
NORTHWESTERN,NWE
NORTHWESTERN ENERGY,NWE
NORTHWESTERN ENERGY GROUP INC,NWE
"NORTHWESTERN ENERGY GROUP, INC.",NWE
NORWEGIAN,NCLH
NORWEGIAN CRUISE,NCLH
NORWEGIAN CRUISE LINE HOLDINGS LTD,NCLH
NORWEGIAN CRUISE LINE HOLDINGS LTD.,NCLH
NORWOOD,NWFL
NORWOOD FINANCIAL,NWFL
NORWOOD FINANCIAL CORP,NWFL
NOUVEAU,NMG
NOUVEAU MONDE,NMG
NOUVEAU MONDE GRAPHITE INC,NMG
NOUVEAU MONDE GRAPHITE INC.,NMG
NOV,NOV
NOV INC,NOV
NOV INC.,NOV
NOVA,NVA
NOVA,NVAAF
NOVA,NVMI
NOVA,NVAWW
NOVA,NVFY
NOVA LIFESTYLE INC,NVFY
"NOVA LIFESTYLE,",NVFY
"NOVA LIFESTYLE, INC.",NVFY
NOVA LTD,NVMI
NOVA LTD.,NVMI
NOVA MINERALS,NVAWW
NOVA MINERALS,NVAAF
NOVA MINERALS,NVA
NOVA MINERALS LTD,NVAAF
NOVA MINERALS LTD,NVA
NOVA MINERALS LTD,NVAWW
NOVABAY,NBY
NOVABAY PHARMACEUTICALS INC,NBY
"NOVABAY PHARMACEUTICALS,",NBY
"NOVABAY PHARMACEUTICALS, INC.",NBY
NOVAGOLD,NG
NOVAGOLD RESOURCES,NG
NOVAGOLD RESOURCES INC,NG
NOVANTA,NOVT
NOVANTA INC,NOVT
NOVARTIS,NVSEF
NOVARTIS,NVS
NOVARTIS AG,NVS
NOVARTIS AG,NVSEF
NOVAVAX,NVAX
NOVAVAX INC,NVAX
NOVELSTEM,NSTM
NOVELSTEM INTERNATIONAL,NSTM
NOVELSTEM INTERNATIONAL CORP,NSTM
NOVELSTEM INTERNATIONAL CORP.,NSTM
NOVO,NVO
NOVO,NONOF
NOVO NORDISK,NVO
NOVO NORDISK,NONOF
NOVO NORDISK A S,NONOF
NOVO NORDISK A S,NVO
NOVOCURE,NVCR
NOVOCURE LTD,NVCR
NOVONIX,NVX
NOVONIX,NVNXF
NOVONIX LTD,NVNXF
NOVONIX LTD,NVX
NOVOZYMES,NVZMF
NOVOZYMES AS/FI,NVZMF
NOVOZYMES ASFI,NVZMF
NP LIFE SCIENCES HEALTH INDUSTRY GROUP INC,ACAT
NP LIFE SCIENCES HEALTH INDUSTRY GROUP INC.,ACAT
NPK,NPKI
NPK INTERNATIONAL,NPKI
NPK INTERNATIONAL INC,NPKI
NPK INTERNATIONAL INC.,NPKI
NRG,NRG
NRG ENERGY INC,NRG
"NRG ENERGY,",NRG
"NRG ENERGY, INC.",NRG
NRX,NRXPW
NRX,NRXP
NRX PHARMACEUTICALS INC,NRXP
NRX PHARMACEUTICALS INC,NRXPW
"NRX PHARMACEUTICALS,",NRXPW
"NRX PHARMACEUTICALS,",NRXP
"NRX PHARMACEUTICALS, INC.",NRXP
"NRX PHARMACEUTICALS, INC.",NRXPW
NSTAR,NSARP
NSTAR,NSARO
NSTAR ELECTRIC,NSARO
NSTAR ELECTRIC,NSARP
NSTAR ELECTRIC CO,NSARP
NSTAR ELECTRIC CO,NSARO
NSTS,NSTS
NSTS BANCORP INC,NSTS
"NSTS BANCORP,",NSTS
"NSTS BANCORP, INC.",NSTS
NTT,NTDTY
NTT,NTTDF
NTT DATA,NTTDF
NTT DATA,NTDTY
NTT DATA CORP,NTDTY
NTT DATA CORP,NTTDF
NU HOLDINGS LTD,NU
NU HOLDINGS LTD.,NU
NU RIDE INC,NRDE
NU RIDE INC.,NRDE
NU SKIN ENTERPRISES INC,NUS
"NU SKIN ENTERPRISES, INC.",NUS
NU-MED,NUMD
"NU-MED PLUS,",NUMD
"NU-MED PLUS, INC.",NUMD
NUBURU INC,BURU
NUBURU INC,BURUW
"NUBURU,",BURUW
"NUBURU,",BURU
"NUBURU, INC.",BURU
"NUBURU, INC.",BURUW
NUCANA,NCNA
NUCANA PLC,NCNA
NUCLEAR,NFUNF
NUCLEAR FUELS,NFUNF
NUCLEAR FUELS INC,NFUNF
NUCLEAR FUELS INC.,NFUNF
NUCOR,NUE
NUCOR CORP,NUE
NUKKLEUS,NUKKW
NUKKLEUS,NUKK
NUKKLEUS INC,NUKKW
NUKKLEUS INC,NUKK
NUKKLEUS INC.,NUKKW
NUKKLEUS INC.,NUKK
NULEGACY,NULGF
NULEGACY,NULGD
NULEGACY GOLD,NULGF
NULEGACY GOLD,NULGD
NULEGACY GOLD CORP,NULGD
NULEGACY GOLD CORP,NULGF
NUMED PLUS INC,NUMD
NUO,AURX
NUO THERAPEUTICS INC,AURX
"NUO THERAPEUTICS,",AURX
"NUO THERAPEUTICS, INC.",AURX
NURAN,NRRWF
NURAN WIRELESS,NRRWF
NURAN WIRELESS INC,NRRWF
NURAN WIRELESS INC.,NRRWF
NURIX,NRIX
NURIX THERAPEUTICS INC,NRIX
"NURIX THERAPEUTICS,",NRIX
"NURIX THERAPEUTICS, INC.",NRIX
NUSATRIP,NUTR
NUSATRIP INC,NUTR
NUSCALE,SMR
NUSCALE POWER,SMR
NUSCALE POWER CORP,SMR
NUTANIX INC,NTNX
"NUTANIX,",NTNX
"NUTANIX, INC.",NTNX
NUTEX,NUTX
NUTEX HEALTH INC,NUTX
"NUTEX HEALTH,",NUTX
"NUTEX HEALTH, INC.",NUTX
NUTRIBAND,NTRB
NUTRIBAND,NTRBW
NUTRIBAND INC,NTRBW
NUTRIBAND INC,NTRB
NUTRIBAND INC.,NTRBW
NUTRIBAND INC.,NTRB
NUTRIEN,NTR
NUTRIEN LTD,NTR
NUTRIEN LTD.,NTR
NUVALENT INC,NUVL
"NUVALENT,",NUVL
"NUVALENT, INC.",NUVL
NUVATION,NUVB
NUVATION BIO,NUVB
NUVATION BIO INC,NUVB
NUVATION BIO INC.,NUVB
NUVECTIS,NVCT
NUVECTIS PHARMA INC,NVCT
"NUVECTIS PHARMA,",NVCT
"NUVECTIS PHARMA, INC.",NVCT
NUVEEN,NCDL
NUVEEN,NBB
NUVEEN,NAC
NUVEEN,NMCO
NUVEEN,NUV
NUVEEN,NPV
NUVEEN,NXN
NUVEEN,NMS
NUVEEN,NOM
NUVEEN,NMT
NUVEEN,NAN
NUVEEN,NVG
NUVEEN,SPXX
NUVEEN,NQP
NUVEEN,JGH
NUVEEN,NEA
NUVEEN,NMI
NUVEEN,NZF
NUVEEN,JMM
NUVEEN,NUW
NUVEEN,NRK
NUVEEN,NMZ
NUVEEN,NMAI
NUVEEN,JFR
NUVEEN,JRI
NUVEEN,NIM
NUVEEN,NXJ
NUVEEN,NNY
NUVEEN,NPCT
NUVEEN,NKX
NUVEEN,JLS
NUVEEN,NCA
NUVEEN,NXC
NUVEEN,JPC
NUVEEN,DIAX
NUVEEN,BXMX
NUVEEN,JRS
NUVEEN,JQC
NUVEEN,NAZ
NUVEEN,NAD
NUVEEN,JCE
NUVEEN,JPI
NUVEEN,NPFD
NUVEEN,NDMO
NUVEEN,QQQX
NUVEEN,NXP
NUVEEN AMT-FREE,NEA
NUVEEN AMT-FREE,NUW
NUVEEN AMT-FREE,NVG
NUVEEN AMT-FREE MUNICIPAL CREDIT INCOME FUND,NVG
NUVEEN AMT-FREE MUNICIPAL VALUE FUND,NUW
NUVEEN AMT-FREE QUALITY MUNICIPAL INCOME FUND,NEA
NUVEEN AMTFREE MUNICIPAL CREDIT INCOME FUND,NVG
NUVEEN AMTFREE MUNICIPAL VALUE FUND,NUW
NUVEEN AMTFREE QUALITY MUNICIPAL INCOME FUND,NEA
NUVEEN ARIZONA,NAZ
NUVEEN ARIZONA QUALITY MUNICIPAL INCOME FUND,NAZ
NUVEEN CALIFORNIA,NKX
NUVEEN CALIFORNIA,NAC
NUVEEN CALIFORNIA,NCA
NUVEEN CALIFORNIA,NXC
NUVEEN CALIFORNIA AMT-FREE QUALITY MUNICIPAL INCOME FUND,NKX
NUVEEN CALIFORNIA AMTFREE QUALITY MUNICIPAL INCOME FUND,NKX
NUVEEN CALIFORNIA MUNICIPAL VALUE FUND,NCA
NUVEEN CALIFORNIA QUALITY MUNICIPAL INCOME FUND,NAC
NUVEEN CALIFORNIA SELECT TAX FREE INCOME PORTFOLIO,NXC
NUVEEN CHURCHILL,NCDL
NUVEEN CHURCHILL DIRECT LENDING CORP,NCDL
NUVEEN CHURCHILL DIRECT LENDING CORP.,NCDL
NUVEEN CORE,NPCT
NUVEEN CORE,JCE
NUVEEN CORE EQUITY ALPHA FUND,JCE
NUVEEN CORE PLUS IMPACT FUND,NPCT
NUVEEN CREDIT,JQC
NUVEEN CREDIT STRATEGIES INCOME FUND,JQC
NUVEEN DOW,DIAX
NUVEEN DOW 30SM DYNAMIC OVERWRITE FUND,DIAX
NUVEEN DYNAMIC,NDMO
NUVEEN DYNAMIC MUNICIPAL OPPORTUNITIES FUND,NDMO
NUVEEN FLOATING,JFR
NUVEEN FLOATING RATE INCOME FUND,JFR
NUVEEN GLOBAL,JGH
NUVEEN GLOBAL HIGH INCOME FUND,JGH
NUVEEN MASSACHUSETTS,NMT
NUVEEN MASSACHUSETTS QUALITY MUNICIPAL INCOME FUND,NMT
NUVEEN MINNESOTA,NMS
NUVEEN MINNESOTA QUALITY MUNICIPAL INCOME FUND,NMS
NUVEEN MISSOURI,NOM
NUVEEN MISSOURI QUALITY MUNICIPAL INCOME FUND,NOM
NUVEEN MORTGAGE,JLS
NUVEEN MORTGAGE  INCOME FUNDMA,JLS
NUVEEN MORTGAGE & INCOME FUND/MA/,JLS
NUVEEN MULTI-ASSET,NMAI
NUVEEN MULTI-ASSET INCOME FUND,NMAI
NUVEEN MULTI-MARKET,JMM
NUVEEN MULTI-MARKET INCOME FUND,JMM
NUVEEN MULTIASSET INCOME FUND,NMAI
NUVEEN MULTIMARKET INCOME FUND,JMM
NUVEEN MUNICIPAL,NMZ
NUVEEN MUNICIPAL,NUV
NUVEEN MUNICIPAL,NZF
NUVEEN MUNICIPAL,NMCO
NUVEEN MUNICIPAL,NMI
NUVEEN MUNICIPAL CREDIT INCOME FUND,NZF
NUVEEN MUNICIPAL CREDIT OPPORTUNITIES FUND,NMCO
NUVEEN MUNICIPAL HIGH INCOME OPPORTUNITY FUND,NMZ
NUVEEN MUNICIPAL INCOME FUND,NMI
NUVEEN MUNICIPAL INCOME FUND INC,NMI
NUVEEN MUNICIPAL VALUE FUND,NUV
NUVEEN MUNICIPAL VALUE FUND INC,NUV
NUVEEN NASDAQ,QQQX
NUVEEN NASDAQ 100 DYNAMIC OVERWRITE FUND,QQQX
NUVEEN NEW,NRK
NUVEEN NEW,NNY
NUVEEN NEW,NXJ
NUVEEN NEW,NAN
NUVEEN NEW,NXN
NUVEEN NEW JERSEY QUALITY MUNICIPAL INCOME FUND,NXJ
NUVEEN NEW YORK AMT-FREE QUALITY MUNICIPAL INCOME FUND,NRK
NUVEEN NEW YORK AMTFREE QUALITY MUNICIPAL INCOME FUND,NRK
NUVEEN NEW YORK MUNICIPAL VALUE FUND,NNY
NUVEEN NEW YORK QUALITY MUNICIPAL INCOME FUND,NAN
NUVEEN NEW YORK SELECT TAX -FREE INCOME PORTFOLIO,NXN
NUVEEN NEW YORK SELECT TAX FREE INCOME PORTFOLIO,NXN
NUVEEN PENNSYLVANIA,NQP
NUVEEN PENNSYLVANIA QUALITY MUNICIPAL INCOME FUND,NQP
NUVEEN PREFERRED,JPI
NUVEEN PREFERRED,JPC
NUVEEN PREFERRED  INCOME OPPORTUNITIES FUND,JPC
NUVEEN PREFERRED & INCOME OPPORTUNITIES FUND,JPC
NUVEEN PREFERRED SECURITIES  INCOME OPPORTUNITIES FUND,JPI
NUVEEN PREFERRED SECURITIES & INCOME OPPORTUNITIES FUND,JPI
NUVEEN QUALITY,NAD
NUVEEN QUALITY MUNICIPAL INCOME FUND,NAD
NUVEEN REAL,JRI
NUVEEN REAL,JRS
NUVEEN REAL ASSET INCOME  GROWTH FUND,JRI
NUVEEN REAL ASSET INCOME & GROWTH FUND,JRI
NUVEEN REAL ESTATE INCOME FUND,JRS
NUVEEN S&P,SPXX
NUVEEN S&P,BXMX
NUVEEN S&P 500 BUYWRITE INCOME FUND,BXMX
NUVEEN S&P 500 DYNAMIC OVERWRITE FUND,SPXX
NUVEEN SELECT,NXP
NUVEEN SELECT,NIM
NUVEEN SELECT MATURITIES MUNICIPAL FUND,NIM
NUVEEN SELECT TAX FREE INCOME PORTFOLIO,NXP
NUVEEN SP 500 BUYWRITE INCOME FUND,BXMX
NUVEEN SP 500 DYNAMIC OVERWRITE FUND,SPXX
NUVEEN TAXABLE,NBB
NUVEEN TAXABLE MUNICIPAL INCOME FUND,NBB
NUVEEN VARIABLE,NPFD
NUVEEN VARIABLE RATE PREFERRED  INCOME FUND,NPFD
NUVEEN VARIABLE RATE PREFERRED & INCOME FUND,NPFD
NUVEEN VIRGINIA,NPV
NUVEEN VIRGINIA QUALITY MUNICIPAL INCOME FUND,NPV
NUVERA,NUVR
NUVERA COMMUNICATIONS INC,NUVR
"NUVERA COMMUNICATIONS,",NUVR
"NUVERA COMMUNICATIONS, INC.",NUVR
NUVVE,NVVEW
NUVVE,NVVE
NUVVE HOLDING,NVVE
NUVVE HOLDING,NVVEW
NUVVE HOLDING CORP,NVVEW
NUVVE HOLDING CORP,NVVE
NUVVE HOLDING CORP.,NVVE
NUVVE HOLDING CORP.,NVVEW
NUWELLIS INC,NUWEW
NUWELLIS INC,NUWE
"NUWELLIS,",NUWE
"NUWELLIS,",NUWEW
"NUWELLIS, INC.",NUWEW
"NUWELLIS, INC.",NUWE
NV5,NVEE
NV5 GLOBAL INC,NVEE
"NV5 GLOBAL,",NVEE
"NV5 GLOBAL, INC.",NVEE
NVE,NVEC
NVE CORP,NVEC
NVE CORP /NEW/,NVEC
NVE CORP NEW,NVEC
NVENT,NVT
NVENT ELECTRIC,NVT
NVENT ELECTRIC PLC,NVT
NVIDIA,NVDA
NVIDIA CORP,NVDA
NVNI,NVNIW
NVNI,NVNI
NVNI GROUP,NVNI
NVNI GROUP,NVNIW
NVNI GROUP LTD,NVNIW
NVNI GROUP LTD,NVNI
NVR,NVR
NVR INC,NVR
NWPX,NWPX
NWPX INFRASTRUCTURE INC,NWPX
"NWPX INFRASTRUCTURE,",NWPX
"NWPX INFRASTRUCTURE, INC.",NWPX
NWTN INC,NWTN
NWTN INC,NWTNW
"NWTN,",NWTNW
"NWTN,",NWTN
"NWTN, INC.",NWTN
"NWTN, INC.",NWTNW
NXG,NXG
NXG,SRV
NXG CUSHING,SRV
NXG CUSHING MIDSTREAM ENERGY FUND,SRV
NXG NEXTGEN,NXG
NXG NEXTGEN INFRASTRUCTURE INCOME FUND,NXG
NXGEN,NXGB
NXGEN BRANDS INC,NXGB
"NXGEN BRANDS,",NXGB
"NXGEN BRANDS, INC.",NXGB
NXP,NXPI
NXP SEMICONDUCTORS,NXPI
NXP SEMICONDUCTORS N.V.,NXPI
NXP SEMICONDUCTORS NV,NXPI
NXT,NSFDF
NXT ENERGY,NSFDF
NXT ENERGY SOLUTIONS INC,NSFDF
NXT ENERGY SOLUTIONS INC.,NSFDF
NXU INC,NXUR
"NXU,",NXUR
"NXU, INC.",NXUR
NYLI,MEGI
NYLI,MMD
NYLI CBRE,MEGI
NYLI CBRE GLOBAL INFRASTRUCTURE MEGATRENDS TERM FUND,MEGI
NYLI MACKAY,MMD
NYLI MACKAY DEFINEDTERM MUNI OPPORTUNITIES FUND,MMD
NYMOX,NYMXF
NYMOX PHARMACEUTICAL,NYMXF
NYMOX PHARMACEUTICAL CORP,NYMXF
NYXOAH,NYXH
NYXOAH SA,NYXH
O REILLY AUTOMOTIVE,ORLY
O REILLY AUTOMOTIVE INC,ORLY
O-I,OI
"O-I GLASS,",OI
"O-I GLASS, INC. /DE/",OI
OAK,OAKUU
OAK,OAKV
OAK,OAKUW
OAK,OAKU
OAK,OAKUR
OAK,OVLY
OAK VALLEY,OVLY
OAK VALLEY BANCORP,OVLY
OAK VIEW,OAKV
OAK VIEW BANKSHARES INC,OAKV
"OAK VIEW BANKSHARES, INC.",OAKV
OAK WOODS,OAKUR
OAK WOODS,OAKUU
OAK WOODS,OAKUW
OAK WOODS,OAKU
OAK WOODS ACQUISITION,OAKUW
OAK WOODS ACQUISITION,OAKU
OAK WOODS ACQUISITION,OAKUU
OAK WOODS ACQUISITION,OAKUR
OAK WOODS ACQUISITION CORP,OAKUR
OAK WOODS ACQUISITION CORP,OAKUW
OAK WOODS ACQUISITION CORP,OAKUU
OAK WOODS ACQUISITION CORP,OAKU
OAKTREE,OACC
OAKTREE,OACCW
OAKTREE,OACCU
OAKTREE,OCSL
OAKTREE ACQUISITION,OACCU
OAKTREE ACQUISITION,OACCW
OAKTREE ACQUISITION,OACC
OAKTREE ACQUISITION CORP III LIFE SCIENCES,OACCU
OAKTREE ACQUISITION CORP III LIFE SCIENCES,OACC
OAKTREE ACQUISITION CORP III LIFE SCIENCES,OACCW
OAKTREE ACQUISITION CORP. III LIFE SCIENCES,OACCU
OAKTREE ACQUISITION CORP. III LIFE SCIENCES,OACC
OAKTREE ACQUISITION CORP. III LIFE SCIENCES,OACCW
OAKTREE SPECIALTY,OCSL
OAKTREE SPECIALTY LENDING,OCSL
OAKTREE SPECIALTY LENDING CORP,OCSL
OATLY,OTLY
OATLY GROUP,OTLY
OATLY GROUP AB,OTLY
OBLONG INC,OBLG
"OBLONG,",OBLG
"OBLONG, INC.",OBLG
OBSIDIAN,OBE
OBSIDIAN ENERGY,OBE
OBSIDIAN ENERGY LTD,OBE
OBSIDIAN ENERGY LTD.,OBE
OCCIDENTAL,OXY
OCCIDENTAL PETROLEUM,OXY
OCCIDENTAL PETROLEUM CORP /DE/,OXY
OCCIDENTAL PETROLEUM CORP DE,OXY
OCEAN,OCEAW
OCEAN,OCEA
OCEAN,OPTT
OCEAN BIOMEDICAL INC,OCEA
OCEAN BIOMEDICAL INC,OCEAW
"OCEAN BIOMEDICAL,",OCEA
"OCEAN BIOMEDICAL,",OCEAW
"OCEAN BIOMEDICAL, INC.",OCEA
"OCEAN BIOMEDICAL, INC.",OCEAW
OCEAN POWER,OPTT
OCEAN POWER TECHNOLOGIES INC,OPTT
"OCEAN POWER TECHNOLOGIES, INC.",OPTT
OCEANEERING,OII
OCEANEERING INTERNATIONAL,OII
OCEANEERING INTERNATIONAL INC,OII
OCEANFIRST,OCFC
OCEANFIRST FINANCIAL,OCFC
OCEANFIRST FINANCIAL CORP,OCFC
OCEANPAL,OP
OCEANPAL INC,OP
OCEANPAL INC.,OP
OCONEE,OFED
OCONEE FEDERAL,OFED
OCONEE FEDERAL FINANCIAL CORP,OFED
OCONEE FEDERAL FINANCIAL CORP.,OFED
OCUGEN INC,OCGN
"OCUGEN,",OCGN
"OCUGEN, INC.",OCGN
OCULAR,OCUL
OCULAR THERAPEUTIX,OCUL
"OCULAR THERAPEUTIX,",OCUL
"OCULAR THERAPEUTIX, INC",OCUL
OCULIS,OCS
OCULIS,OCSAW
OCULIS HOLDING,OCSAW
OCULIS HOLDING,OCS
OCULIS HOLDING AG,OCS
OCULIS HOLDING AG,OCSAW
OCULUS,OVTZ
OCULUS INC,OVTZ
OCULUS INC.,OVTZ
ODD,ODDAF
ODD BURGER,ODDAF
ODD BURGER CORP,ODDAF
ODDITY,ODD
ODDITY TECH,ODD
ODDITY TECH LTD,ODD
ODP,ODP
ODP CORP,ODP
ODYSIGHT.AI,ODYS
ODYSIGHT.AI INC.,ODYS
ODYSIGHTAI INC,ODYS
ODYSSEY,OMEX
ODYSSEY,ODYY
ODYSSEY HEALTH INC,ODYY
"ODYSSEY HEALTH,",ODYY
"ODYSSEY HEALTH, INC.",ODYY
ODYSSEY MARINE,OMEX
ODYSSEY MARINE EXPLORATION,OMEX
ODYSSEY MARINE EXPLORATION INC,OMEX
OFA,OFAL
OFA GROUP,OFAL
OFFERPAD,OPAD
OFFERPAD,OPADW
OFFERPAD SOLUTIONS,OPADW
OFFERPAD SOLUTIONS,OPAD
OFFERPAD SOLUTIONS INC,OPAD
OFFERPAD SOLUTIONS INC,OPADW
OFFERPAD SOLUTIONS INC.,OPADW
OFFERPAD SOLUTIONS INC.,OPAD
OFFICE,OPINL
OFFICE,OPI
OFFICE PROPERTIES,OPINL
OFFICE PROPERTIES,OPI
OFFICE PROPERTIES INCOME TRUST,OPINL
OFFICE PROPERTIES INCOME TRUST,OPI
OFG,OFG
OFG BANCORP,OFG
OFS,OCCI
OFS,OFSSH
OFS,OCCIM
OFS,OFS
OFS,OCCIO
OFS,OCCIN
OFS CAPITAL,OFS
OFS CAPITAL,OFSSH
OFS CAPITAL CORP,OFS
OFS CAPITAL CORP,OFSSH
OFS CREDIT,OCCIM
OFS CREDIT,OCCIO
OFS CREDIT,OCCI
OFS CREDIT,OCCIN
OFS CREDIT COMPANY INC,OCCIM
OFS CREDIT COMPANY INC,OCCIO
OFS CREDIT COMPANY INC,OCCIN
OFS CREDIT COMPANY INC,OCCI
"OFS CREDIT COMPANY, INC.",OCCIN
"OFS CREDIT COMPANY, INC.",OCCIO
"OFS CREDIT COMPANY, INC.",OCCI
"OFS CREDIT COMPANY, INC.",OCCIM
OGE,OGE
OGE ENERGY,OGE
OGE ENERGY CORP,OGE
OGE ENERGY CORP.,OGE
OHIO,OVBC
OHIO VALLEY,OVBC
OHIO VALLEY BANC,OVBC
OHIO VALLEY BANC CORP,OVBC
OHMYHOME,OMH
OHMYHOME LTD,OMH
OI GLASS INC DE,OI
OIL,OIS
OIL STATES,OIS
OIL STATES INTERNATIONAL,OIS
"OIL STATES INTERNATIONAL, INC",OIS
OIL-DRI,ODC
OIL-DRI CORP,ODC
OIL-DRI CORP OF AMERICA,ODC
OILDRI CORP OF AMERICA,ODC
OKEANIS,ECO
OKEANIS ECO,ECO
OKEANIS ECO TANKERS CORP,ECO
OKEANIS ECO TANKERS CORP.,ECO
OKLO,OKLO
OKLO INC,OKLO
OKLO INC.,OKLO
OKMIN,OKMN
OKMIN RESOURCES INC,OKMN
"OKMIN RESOURCES,",OKMN
"OKMIN RESOURCES, INC.",OKMN
OKTA INC,OKTA
"OKTA,",OKTA
"OKTA, INC.",OKTA
OKYO,OKYO
OKYO PHARMA,OKYO
OKYO PHARMA LTD,OKYO
OLAPLEX,OLPX
OLAPLEX HOLDINGS INC,OLPX
"OLAPLEX HOLDINGS,",OLPX
"OLAPLEX HOLDINGS, INC.",OLPX
OLB,OLB
OLB GROUP INC,OLB
"OLB GROUP,",OLB
"OLB GROUP, INC.",OLB
OLD,OMCC
OLD,ORI
OLD,ONB
OLD,ONBPP
OLD,ONBPO
OLD,OPOF
OLD,OSBC
OLD,ODFL
OLD DOMINION,ODFL
OLD DOMINION FREIGHT LINE INC,ODFL
"OLD DOMINION FREIGHT LINE, INC.",ODFL
OLD MARKET,OMCC
OLD MARKET CAPITAL,OMCC
OLD MARKET CAPITAL CORP,OMCC
OLD NATIONAL,ONB
OLD NATIONAL,ONBPO
OLD NATIONAL,ONBPP
OLD NATIONAL BANCORP /IN/,ONBPP
OLD NATIONAL BANCORP /IN/,ONB
OLD NATIONAL BANCORP /IN/,ONBPO
OLD NATIONAL BANCORP IN,ONBPO
OLD NATIONAL BANCORP IN,ONBPP
OLD NATIONAL BANCORP IN,ONB
OLD POINT,OPOF
OLD POINT FINANCIAL CORP,OPOF
OLD REPUBLIC,ORI
OLD REPUBLIC INTERNATIONAL CORP,ORI
OLD SECOND,OSBC
OLD SECOND BANCORP,OSBC
OLD SECOND BANCORP INC,OSBC
OLEMA,OLMA
OLEMA PHARMACEUTICALS INC,OLMA
"OLEMA PHARMACEUTICALS,",OLMA
"OLEMA PHARMACEUTICALS, INC.",OLMA
OLIN,OLN
OLIN CORP,OLN
OLLIE'S,OLLI
OLLIE'S BARGAIN,OLLI
"OLLIE'S BARGAIN OUTLET HOLDINGS, INC.",OLLI
OLLIES BARGAIN OUTLET HOLDINGS INC,OLLI
OLO,OLO
OLO INC,OLO
OLO INC.,OLO
OLYMPIC,ZEUS
OLYMPIC STEEL,ZEUS
OLYMPIC STEEL INC,ZEUS
OMADA,OMDA
OMADA HEALTH INC,OMDA
"OMADA HEALTH,",OMDA
"OMADA HEALTH, INC.",OMDA
OMEGA,OMGAQ
OMEGA,OHI
OMEGA,OFLX
OMEGA FLEX INC,OFLX
"OMEGA FLEX,",OFLX
"OMEGA FLEX, INC.",OFLX
OMEGA HEALTHCARE,OHI
OMEGA HEALTHCARE INVESTORS,OHI
OMEGA HEALTHCARE INVESTORS INC,OHI
OMEGA THERAPEUTICS INC,OMGAQ
"OMEGA THERAPEUTICS,",OMGAQ
"OMEGA THERAPEUTICS, INC.",OMGAQ
OMEROS,OMER
OMEROS CORP,OMER
OMNIAB INC,OABIW
OMNIAB INC,OABI
"OMNIAB,",OABI
"OMNIAB,",OABIW
"OMNIAB, INC.",OABI
"OMNIAB, INC.",OABIW
OMNICELL INC,OMCL
"OMNICELL,",OMCL
"OMNICELL, INC.",OMCL
OMNICOM,OMC
OMNICOM GROUP,OMC
OMNICOM GROUP INC,OMC
OMNICOM GROUP INC.,OMC
OMNIGENICSAI,OMNI
OMNIGENICSAI CORP,OMNI
OMNIQ,OMQS
OMNIQ CORP,OMQS
OMNIQ CORP.,OMQS
OMNITEK,OMTK
OMNITEK ENGINEERING,OMTK
OMNITEK ENGINEERING CORP,OMTK
OMS,OMSE
OMS ENERGY,OMSE
OMS ENERGY TECHNOLOGIES INC,OMSE
OMS ENERGY TECHNOLOGIES INC.,OMSE
OMV,OMVKY
OMV,OMVJF
OMV AKTIENGESELLSCHAFT,OMVJF
OMV AKTIENGESELLSCHAFT,OMVKY
OMV AKTIENGESELLSCHAFT /FI,OMVKY
OMV AKTIENGESELLSCHAFT /FI,OMVJF
OMV AKTIENGESELLSCHAFT FI,OMVJF
OMV AKTIENGESELLSCHAFT FI,OMVKY
ON HOLDING,ONON
ON HOLDING AG,ONON
ON SEMICONDUCTOR,ON
ON SEMICONDUCTOR CORP,ON
ON24,ONTF
ON24 INC,ONTF
ON24 INC.,ONTF
ONAR,ONAR
ONAR HOLDING,ONAR
ONAR HOLDING CORP,ONAR
ONCOCYTE,IMDX
ONCOCYTE,OCX
ONCOCYTE CORP,IMDX
ONCOCYTE CORP,OCX
ONCOLOGY,DFPH
ONCOLOGY,TOI
ONCOLOGY,TOIIW
ONCOLOGY INSTITUTE INC,DFPH
ONCOLOGY INSTITUTE INC,TOI
ONCOLOGY INSTITUTE INC,TOIIW
"ONCOLOGY INSTITUTE,",DFPH
"ONCOLOGY INSTITUTE,",TOI
"ONCOLOGY INSTITUTE,",TOIIW
"ONCOLOGY INSTITUTE, INC.",DFPH
"ONCOLOGY INSTITUTE, INC.",TOI
"ONCOLOGY INSTITUTE, INC.",TOIIW
ONCOLYTICS,ONCY
ONCOLYTICS BIOTECH,ONCY
ONCOLYTICS BIOTECH INC,ONCY
ONCONETIX INC,ONCO
"ONCONETIX,",ONCO
"ONCONETIX, INC.",ONCO
ONCOTELIC,OTLC
ONCOTELIC THERAPEUTICS INC,OTLC
"ONCOTELIC THERAPEUTICS,",OTLC
"ONCOTELIC THERAPEUTICS, INC.",OTLC
ONDAS,ONDS
ONDAS HOLDINGS,ONDS
ONDAS HOLDINGS INC,ONDS
ONDAS HOLDINGS INC.,ONDS
ONE,OGS
ONE,OLP
ONE,OWPC
ONE,OSS
ONE,STKS
ONE,YDDL
ONE  ONE GREEN TECHNOLOGIES,YDDL
ONE & ONE GREEN TECHNOLOGIES. INC,YDDL
ONE GAS INC,OGS
"ONE GAS,",OGS
"ONE GAS, INC.",OGS
ONE GROUP,STKS
ONE GROUP HOSPITALITY INC,STKS
"ONE GROUP HOSPITALITY, INC.",STKS
ONE LIBERTY,OLP
ONE LIBERTY PROPERTIES INC,OLP
ONE STOP,OSS
ONE STOP SYSTEMS INC,OSS
"ONE STOP SYSTEMS, INC.",OSS
ONE WORLD,OWPC
ONE WORLD PRODUCTS INC,OWPC
"ONE WORLD PRODUCTS, INC.",OWPC
ONECONNECT,OCFT
ONECONNECT FINANCIAL,OCFT
ONECONNECT FINANCIAL TECHNOLOGY CO LTD,OCFT
"ONECONNECT FINANCIAL TECHNOLOGY CO., LTD.",OCFT
ONECONSTRUCTION,ONEG
ONECONSTRUCTION GROUP,ONEG
ONECONSTRUCTION GROUP LTD,ONEG
ONEMAIN,OMF
ONEMAIN HOLDINGS INC,OMF
"ONEMAIN HOLDINGS,",OMF
"ONEMAIN HOLDINGS, INC.",OMF
ONEMEDNET,ONMD
ONEMEDNET,ONMDW
ONEMEDNET CORP,ONMD
ONEMEDNET CORP,ONMDW
ONEMETA,ONEI
ONEMETA INC,ONEI
ONEMETA INC.,ONEI
ONEOK,OKE
ONEOK INC,OKE
ONEOK INC /NEW/,OKE
ONEOK INC NEW,OKE
ONESOLUTION,KRFG
ONESOLUTION TECHNOLOGY,KRFG
ONESOLUTION TECHNOLOGY INC,KRFG
ONESOLUTION TECHNOLOGY INC.,KRFG
ONESPAN,OSPN
ONESPAN INC,OSPN
ONESPAN INC.,OSPN
ONESPAWORLD,OSW
ONESPAWORLD HOLDINGS,OSW
ONESPAWORLD HOLDINGS LTD,OSW
ONESTREAM INC,OS
"ONESTREAM,",OS
"ONESTREAM, INC.",OS
ONEWATER,ONEW
ONEWATER MARINE,ONEW
ONEWATER MARINE INC,ONEW
ONEWATER MARINE INC.,ONEW
ONFOLIO,ONFOW
ONFOLIO,ONFOP
ONFOLIO,ONFO
ONFOLIO HOLDINGS,ONFO
ONFOLIO HOLDINGS,ONFOW
ONFOLIO HOLDINGS,ONFOP
"ONFOLIO HOLDINGS,",ONFOW
"ONFOLIO HOLDINGS,",ONFOP
"ONFOLIO HOLDINGS,",ONFO
"ONFOLIO HOLDINGS, INC",ONFO
"ONFOLIO HOLDINGS, INC",ONFOP
"ONFOLIO HOLDINGS, INC",ONFOW
ONITY,ONIT
ONITY GROUP,ONIT
ONITY GROUP INC,ONIT
ONITY GROUP INC.,ONIT
ONKURE,OKUR
ONKURE THERAPEUTICS INC,OKUR
"ONKURE THERAPEUTICS,",OKUR
"ONKURE THERAPEUTICS, INC.",OKUR
ONTO,ONTO
ONTO INNOVATION,ONTO
ONTO INNOVATION INC,ONTO
ONTO INNOVATION INC.,ONTO
ONTRAK INC,OTRKP
ONTRAK INC,OTRK
"ONTRAK,",OTRKP
"ONTRAK,",OTRK
"ONTRAK, INC.",OTRK
"ONTRAK, INC.",OTRKP
ONWARD,ONWRF
ONWARD,ONWRY
ONWARD MEDICAL,ONWRY
ONWARD MEDICAL,ONWRF
ONWARD MEDICAL N.V./ADR,ONWRY
ONWARD MEDICAL N.V./ADR,ONWRF
ONWARD MEDICAL NVADR,ONWRY
ONWARD MEDICAL NVADR,ONWRF
OOMA,OOMA
OOMA INC,OOMA
OP BANCORP,OPBK
OPAL,OPAL
OPAL FUELS,OPAL
OPAL FUELS INC,OPAL
OPAL FUELS INC.,OPAL
OPEN,LPRO
OPEN,OTEX
OPEN LENDING,LPRO
OPEN LENDING CORP,LPRO
OPEN TEXT,OTEX
OPEN TEXT CORP,OTEX
OPENDOOR,OPEN
OPENDOOR TECHNOLOGIES,OPEN
OPENDOOR TECHNOLOGIES INC,OPEN
OPENDOOR TECHNOLOGIES INC.,OPEN
OPENLANE INC,KAR
"OPENLANE,",KAR
"OPENLANE, INC.",KAR
OPENLOCKER,OLKR
OPENLOCKER HOLDINGS INC,OLKR
"OPENLOCKER HOLDINGS,",OLKR
"OPENLOCKER HOLDINGS, INC.",OLKR
OPERA,OPRA
OPERA LTD,OPRA
OPGEN,OPGN
OPGEN INC,OPGN
OPKO,OPK
OPKO HEALTH INC,OPK
"OPKO HEALTH,",OPK
"OPKO HEALTH, INC.",OPK
OPORTUN,OPRT
OPORTUN FINANCIAL,OPRT
OPORTUN FINANCIAL CORP,OPRT
OPPENHEIMER,OPY
OPPENHEIMER HOLDINGS,OPY
OPPENHEIMER HOLDINGS INC,OPY
OPPFI,OPFI
OPPFI INC,OPFI
OPPFI INC.,OPFI
OPTEX,OPXS
OPTEX SYSTEMS,OPXS
OPTEX SYSTEMS HOLDINGS INC,OPXS
OPTHEA,OPT
OPTHEA,CKDXF
OPTHEA LTD,OPT
OPTHEA LTD,CKDXF
OPTICAL,OCC
OPTICAL CABLE,OCC
OPTICAL CABLE CORP,OCC
OPTIMIZERX,OPRX
OPTIMIZERX CORP,OPRX
OPTIMUMBANK,OPHC
OPTIMUMBANK HOLDINGS INC,OPHC
"OPTIMUMBANK HOLDINGS,",OPHC
"OPTIMUMBANK HOLDINGS, INC.",OPHC
OPTIMUS,OHCS
OPTIMUS HEALTHCARE,OHCS
OPTIMUS HEALTHCARE SERVICES INC,OHCS
"OPTIMUS HEALTHCARE SERVICES, INC.",OHCS
OPTION,OPCH
OPTION CARE,OPCH
OPTION CARE HEALTH INC,OPCH
"OPTION CARE HEALTH, INC.",OPCH
OPUS,IRD
OPUS GENETICS INC,IRD
"OPUS GENETICS,",IRD
"OPUS GENETICS, INC.",IRD
OR ROYALTIES INC,OR
OR ROYALTIES INC.,OR
ORACLE,ORCL
ORACLE CORP,ORCL
ORAGENICS,OGEN
ORAGENICS INC,OGEN
ORAMED,ORMP
ORAMED PHARMACEUTICALS,ORMP
ORAMED PHARMACEUTICALS INC,ORMP
ORAMED PHARMACEUTICALS INC.,ORMP
ORANGE,FNCTF
ORANGE,OBT
ORANGE,ORANY
ORANGE COUNTY,OBT
ORANGE COUNTY BANCORP INC DE,OBT
"ORANGE COUNTY BANCORP, INC. /DE/",OBT
ORANGEKLOUD,ORKT
ORANGEKLOUD TECHNOLOGY,ORKT
ORANGEKLOUD TECHNOLOGY INC,ORKT
ORANGEKLOUD TECHNOLOGY INC.,ORKT
ORASURE,OSUR
ORASURE TECHNOLOGIES,OSUR
ORASURE TECHNOLOGIES INC,OSUR
ORCHESTRA,OBIO
ORCHESTRA BIOMED,OBIO
ORCHESTRA BIOMED HOLDINGS INC,OBIO
"ORCHESTRA BIOMED HOLDINGS, INC.",OBIO
ORCHID,ORC
ORCHID ISLAND,ORC
ORCHID ISLAND CAPITAL INC,ORC
"ORCHID ISLAND CAPITAL, INC.",ORC
OREX,ORMNF
OREX MINERALS,ORMNF
OREX MINERALS INC,ORMNF
ORGANIGRAM,OGI
ORGANIGRAM GLOBAL,OGI
ORGANIGRAM GLOBAL INC,OGI
ORGANIGRAM GLOBAL INC.,OGI
ORGANOGENESIS,ORGO
ORGANOGENESIS HOLDINGS,ORGO
ORGANOGENESIS HOLDINGS INC,ORGO
ORGANOGENESIS HOLDINGS INC.,ORGO
ORGANON,OGN
ORGANON  CO,OGN
ORGANON & CO.,OGN
ORGENESIS,ORGS
ORGENESIS INC,ORGS
ORGENESIS INC.,ORGS
ORIC,ORIC
ORIC PHARMACEUTICALS INC,ORIC
"ORIC PHARMACEUTICALS,",ORIC
"ORIC PHARMACEUTICALS, INC.",ORIC
ORIENTAL,ORIS
ORIENTAL,OCG
ORIENTAL CULTURE,OCG
ORIENTAL CULTURE HOLDING,OCG
ORIENTAL CULTURE HOLDING LTD,OCG
ORIENTAL RISE,ORIS
ORIENTAL RISE HOLDINGS LTD,ORIS
ORIGIN,SEED
ORIGIN,ORGN
ORIGIN,ORGNW
ORIGIN,OBK
ORIGIN AGRITECH,SEED
ORIGIN AGRITECH LTD,SEED
ORIGIN BANCORP INC,OBK
"ORIGIN BANCORP,",OBK
"ORIGIN BANCORP, INC.",OBK
ORIGIN MATERIALS INC,ORGN
ORIGIN MATERIALS INC,ORGNW
"ORIGIN MATERIALS,",ORGN
"ORIGIN MATERIALS,",ORGNW
"ORIGIN MATERIALS, INC.",ORGN
"ORIGIN MATERIALS, INC.",ORGNW
ORIGINCLEAR INC,OCLN
"ORIGINCLEAR,",OCLN
"ORIGINCLEAR, INC.",OCLN
ORION,OESX
ORION,ORN
ORION,ONL
ORION,OEC
ORION,ORIB
ORION BLISS,ORIB
ORION BLISS CORP,ORIB
ORION BLISS CORP.,ORIB
ORION ENERGY,OESX
ORION ENERGY SYSTEMS INC,OESX
"ORION ENERGY SYSTEMS, INC.",OESX
ORION GROUP,ORN
ORION GROUP HOLDINGS INC,ORN
ORION PROPERTIES,ONL
ORION PROPERTIES INC,ONL
ORION PROPERTIES INC.,ONL
ORION S.A.,OEC
ORION SA,OEC
ORIX,ORXCF
ORIX,IX
ORIX CORP,IX
ORIX CORP,ORXCF
ORLA,ORLA
ORLA MINING,ORLA
ORLA MINING LTD,ORLA
ORLA MINING LTD.,ORLA
ORMAT,ORA
ORMAT TECHNOLOGIES INC,ORA
"ORMAT TECHNOLOGIES,",ORA
"ORMAT TECHNOLOGIES, INC.",ORA
OROCO,ORRCF
OROCO RESOURCE,ORRCF
OROCO RESOURCE CORP,ORRCF
ORRSTOWN,ORRF
ORRSTOWN FINANCIAL,ORRF
ORRSTOWN FINANCIAL SERVICES INC,ORRF
ORTHOFIX,OFIX
ORTHOFIX MEDICAL,OFIX
ORTHOFIX MEDICAL INC,OFIX
ORTHOFIX MEDICAL INC.,OFIX
ORTHOPEDIATRICS,KIDS
ORTHOPEDIATRICS CORP,KIDS
ORUKA,ORKA
ORUKA THERAPEUTICS INC,ORKA
"ORUKA THERAPEUTICS,",ORKA
"ORUKA THERAPEUTICS, INC.",ORKA
OS THERAPIES,OSTX
OS THERAPIES INC,OSTX
OSCAR,OSCR
OSCAR HEALTH INC,OSCR
"OSCAR HEALTH,",OSCR
"OSCAR HEALTH, INC.",OSCR
OSHKOSH,OSK
OSHKOSH CORP,OSK
OSI,OSIS
OSI SYSTEMS,OSIS
OSI SYSTEMS INC,OSIS
OSISKO,ODV
OSISKO,ODVWZ
OSISKO DEVELOPMENT,ODVWZ
OSISKO DEVELOPMENT,ODV
OSISKO DEVELOPMENT CORP,ODVWZ
OSISKO DEVELOPMENT CORP,ODV
OSISKO DEVELOPMENT CORP.,ODVWZ
OSISKO DEVELOPMENT CORP.,ODV
OSPREY,ODOT
OSPREY,OBNB
OSPREY,OSOL
OSPREY,OBTC
OSPREY BITCOIN,OBTC
OSPREY BITCOIN TRUST,OBTC
OSPREY BNB,OBNB
OSPREY BNB CHAIN TRUST,OBNB
OSPREY POLKADOT,ODOT
OSPREY POLKADOT TRUST,ODOT
OSPREY SOLANA,OSOL
OSPREY SOLANA TRUST,OSOL
OSR,OSRHW
OSR,OSRH
OSR HOLDINGS INC,OSRH
OSR HOLDINGS INC,OSRHW
"OSR HOLDINGS,",OSRHW
"OSR HOLDINGS,",OSRH
"OSR HOLDINGS, INC.",OSRHW
"OSR HOLDINGS, INC.",OSRH
OSTIN,OST
OSTIN TECHNOLOGY,OST
OSTIN TECHNOLOGY GROUP CO LTD,OST
"OSTIN TECHNOLOGY GROUP CO., LTD.",OST
OTIS,OTIS
OTIS WORLDWIDE,OTIS
OTIS WORLDWIDE CORP,OTIS
OTSAW,OTSA
OTSAW LTD,OTSA
OTTER,OTTR
OTTER TAIL,OTTR
OTTER TAIL CORP,OTTR
OUSTER INC,OUSTZ
OUSTER INC,OUSTW
OUSTER INC,OUST
"OUSTER,",OUST
"OUSTER,",OUSTZ
"OUSTER,",OUSTW
"OUSTER, INC.",OUST
"OUSTER, INC.",OUSTW
"OUSTER, INC.",OUSTZ
OUTCROP,OCGSF
OUTCROP SILVER,OCGSF
OUTCROP SILVER  GOLD,OCGSF
OUTCROP SILVER & GOLD CORP,OCGSF
OUTDOOR,POWWP
OUTDOOR,ODRS
OUTDOOR,POWW
OUTDOOR HOLDING,POWWP
OUTDOOR HOLDING,POWW
OUTDOOR HOLDING CO,POWW
OUTDOOR HOLDING CO,POWWP
OUTDOOR SPECIALTY,ODRS
OUTDOOR SPECIALTY PRODUCTS INC,ODRS
"OUTDOOR SPECIALTY PRODUCTS, INC.",ODRS
OUTFRONT,OUT
OUTFRONT MEDIA,OUT
OUTFRONT MEDIA INC,OUT
OUTFRONT MEDIA INC.,OUT
OUTLOOK,OTLK
OUTLOOK THERAPEUTICS INC,OTLK
"OUTLOOK THERAPEUTICS,",OTLK
"OUTLOOK THERAPEUTICS, INC.",OTLK
OUTOKUMPU,OUTKY
OUTOKUMPU,OUTFF
OUTOKUMPU OY /FI,OUTFF
OUTOKUMPU OY /FI,OUTKY
OUTOKUMPU OY FI,OUTFF
OUTOKUMPU OY FI,OUTKY
OUTOTEC,OUKPF
OUTOTEC OYJ,OUKPF
OUTSET,OM
OUTSET MEDICAL INC,OM
"OUTSET MEDICAL,",OM
"OUTSET MEDICAL, INC.",OM
OVATION,OVATF
OVATION SCIENCE,OVATF
OVATION SCIENCE INC,OVATF
OVATION SCIENCE INC.,OVATF
OVID,OVID
OVID THERAPEUTICS,OVID
OVID THERAPEUTICS INC,OVID
OVID THERAPEUTICS INC.,OVID
OVINTIV,OVV
OVINTIV INC,OVV
OVINTIV INC.,OVV
OWENS,OC
OWENS,OMI
OWENS  MINOR INCVA,OMI
OWENS & MINOR INC/VA/,OMI
OWENS CORNING,OC
OWLET INC,OWLT
OWLET INC,OWLTW
"OWLET,",OWLTW
"OWLET,",OWLT
"OWLET, INC.",OWLT
"OWLET, INC.",OWLTW
OXBRIDGE,OXBRW
OXBRIDGE,OXBR
OXBRIDGE RE,OXBRW
OXBRIDGE RE,OXBR
OXBRIDGE RE HOLDINGS LTD,OXBRW
OXBRIDGE RE HOLDINGS LTD,OXBR
OXFORD,OXSQZ
OXFORD,OXLCZ
OXFORD,OXLCP
OXFORD,OXLCO
OXFORD,OXLCN
OXFORD,OXLC
OXFORD,OXSQ
OXFORD,OXLCL
OXFORD,OXLCG
OXFORD,OXLCI
OXFORD,OXM
OXFORD,OXSQG
OXFORD INDUSTRIES,OXM
OXFORD INDUSTRIES INC,OXM
OXFORD LANE,OXLCN
OXFORD LANE,OXLCG
OXFORD LANE,OXLC
OXFORD LANE,OXLCP
OXFORD LANE,OXLCI
OXFORD LANE,OXLCZ
OXFORD LANE,OXLCL
OXFORD LANE,OXLCO
OXFORD LANE CAPITAL CORP,OXLCI
OXFORD LANE CAPITAL CORP,OXLCG
OXFORD LANE CAPITAL CORP,OXLCO
OXFORD LANE CAPITAL CORP,OXLCZ
OXFORD LANE CAPITAL CORP,OXLC
OXFORD LANE CAPITAL CORP,OXLCN
OXFORD LANE CAPITAL CORP,OXLCP
OXFORD LANE CAPITAL CORP,OXLCL
OXFORD LANE CAPITAL CORP.,OXLCL
OXFORD LANE CAPITAL CORP.,OXLCG
OXFORD LANE CAPITAL CORP.,OXLC
OXFORD LANE CAPITAL CORP.,OXLCI
OXFORD LANE CAPITAL CORP.,OXLCO
OXFORD LANE CAPITAL CORP.,OXLCP
OXFORD LANE CAPITAL CORP.,OXLCZ
OXFORD LANE CAPITAL CORP.,OXLCN
OXFORD SQUARE,OXSQZ
OXFORD SQUARE,OXSQG
OXFORD SQUARE,OXSQ
OXFORD SQUARE CAPITAL CORP,OXSQZ
OXFORD SQUARE CAPITAL CORP,OXSQG
OXFORD SQUARE CAPITAL CORP,OXSQ
OXFORD SQUARE CAPITAL CORP.,OXSQ
OXFORD SQUARE CAPITAL CORP.,OXSQZ
OXFORD SQUARE CAPITAL CORP.,OXSQG
OXLEY,OBA
OXLEY BRIDGE,OBA
OXLEY BRIDGE ACQUISITION,OBA
OXLEY BRIDGE ACQUISITION LTD,OBA
OYSTER,OYSE
OYSTER,OYSEU
OYSTER ENTERPRISES,OYSE
OYSTER ENTERPRISES,OYSEU
OYSTER ENTERPRISES II ACQUISITION,OYSEU
OYSTER ENTERPRISES II ACQUISITION,OYSE
OYSTER ENTERPRISES II ACQUISITION CORP,OYSEU
OYSTER ENTERPRISES II ACQUISITION CORP,OYSE
OZOP,OZSC
OZOP ENERGY,OZSC
OZOP ENERGY SOLUTIONS INC,OZSC
"OZOP ENERGY SOLUTIONS, INC.",OZSC
P10 INC,PX
"P10,",PX
"P10, INC.",PX
P2 SOLAR INC,PTOS
"P2 SOLAR, INC.",PTOS
P3 HEALTH PARTNERS INC,PIIIW
P3 HEALTH PARTNERS INC,PIII
P3 HEALTH PARTNERS INC.,PIII
P3 HEALTH PARTNERS INC.,PIIIW
PACCAR,PCAR
PACCAR INC,PCAR
PACIFIC,GPAEF
PACIFIC,PPBI
PACIFIC,PEXZF
PACIFIC,PACB
PACIFIC,PCOK
PACIFIC,PBMLF
PACIFIC,PFHO
PACIFIC,PSPX
PACIFIC,PAC
PACIFIC AIRPORT,PAC
PACIFIC AIRPORT,GPAEF
PACIFIC AIRPORT GROUP,GPAEF
PACIFIC AIRPORT GROUP,PAC
PACIFIC BIOSCIENCES,PACB
PACIFIC BIOSCIENCES OF CALIFORNIA INC,PACB
"PACIFIC BIOSCIENCES OF CALIFORNIA, INC.",PACB
PACIFIC BOOKER,PBMLF
PACIFIC BOOKER MINERALS INC,PBMLF
PACIFIC BOOKER MINERALS INC.,PBMLF
PACIFIC HEALTH,PFHO
PACIFIC HEALTH CARE ORGANIZATION,PFHO
PACIFIC HEALTH CARE ORGANIZATION INC,PFHO
PACIFIC OAK,PCOK
PACIFIC OAK STRATEGIC OPPORTUNITY REIT INC,PCOK
"PACIFIC OAK STRATEGIC OPPORTUNITY REIT, INC.",PCOK
PACIFIC PREMIER,PPBI
PACIFIC PREMIER BANCORP,PPBI
PACIFIC PREMIER BANCORP INC,PPBI
PACIFIC RIDGE,PEXZF
PACIFIC RIDGE EXPLORATION,PEXZF
PACIFIC RIDGE EXPLORATION LTD,PEXZF
PACIFIC SPORTS,PSPX
PACIFIC SPORTS EXCHANGE INC,PSPX
PACIFIC SPORTS EXCHANGE INC.,PSPX
PACIRA,PCRX
PACIRA BIOSCIENCES INC,PCRX
"PACIRA BIOSCIENCES,",PCRX
"PACIRA BIOSCIENCES, INC.",PCRX
PACKAGING,PKG
PACKAGING CORP,PKG
PACKAGING CORP OF AMERICA,PKG
PACS,PACS
PACS GROUP INC,PACS
"PACS GROUP,",PACS
"PACS GROUP, INC.",PACS
PAGAYA,PGY
PAGAYA,PGYWW
PAGAYA TECHNOLOGIES,PGY
PAGAYA TECHNOLOGIES,PGYWW
PAGAYA TECHNOLOGIES LTD,PGY
PAGAYA TECHNOLOGIES LTD,PGYWW
PAGAYA TECHNOLOGIES LTD.,PGYWW
PAGAYA TECHNOLOGIES LTD.,PGY
PAGERDUTY INC,PD
"PAGERDUTY,",PD
"PAGERDUTY, INC.",PD
PAGSEGURO,PAGS
PAGSEGURO DIGITAL,PAGS
PAGSEGURO DIGITAL LTD,PAGS
PAGSEGURO DIGITAL LTD.,PAGS
PAID,PAYD
PAID INC,PAYD
PAINREFORM,PRFX
PAINREFORM LTD,PRFX
PAINREFORM LTD.,PRFX
PALANTIR,PLTR
PALANTIR TECHNOLOGIES,PLTR
PALANTIR TECHNOLOGIES INC,PLTR
PALANTIR TECHNOLOGIES INC.,PLTR
PALATIN,PTNT
PALATIN TECHNOLOGIES,PTNT
PALATIN TECHNOLOGIES INC,PTNT
PALISADE,PALI
PALISADE BIO INC,PALI
"PALISADE BIO,",PALI
"PALISADE BIO, INC.",PALI
PALLADYNE,PDYNW
PALLADYNE,PDYN
PALLADYNE AI CORP,PDYN
PALLADYNE AI CORP,PDYNW
PALLADYNE AI CORP.,PDYNW
PALLADYNE AI CORP.,PDYN
PALMER,PSBD
PALMER SQUARE,PSBD
PALMER SQUARE CAPITAL BDC INC,PSBD
PALMER SQUARE CAPITAL BDC INC.,PSBD
PALO,PANW
PALO ALTO,PANW
PALO ALTO NETWORKS,PANW
PALO ALTO NETWORKS INC,PANW
PALOMAR,PLMR
PALOMAR HOLDINGS INC,PLMR
"PALOMAR HOLDINGS,",PLMR
"PALOMAR HOLDINGS, INC.",PLMR
PALVELLA,PVLA
PALVELLA THERAPEUTICS INC,PVLA
"PALVELLA THERAPEUTICS,",PVLA
"PALVELLA THERAPEUTICS, INC.",PVLA
PAMPA,PAM
PAMPA,PPENF
PAMPA ENERGY,PPENF
PAMPA ENERGY,PAM
PAMPA ENERGY INC,PAM
PAMPA ENERGY INC,PPENF
PAMPA ENERGY INC.,PPENF
PAMPA ENERGY INC.,PAM
PAMT,PAMT
PAMT CORP,PAMT
PAN,PAAS
PAN,PAANF
PAN,PGZFF
PAN,PAASF
PAN AMERICAN,PAAS
PAN AMERICAN,PAANF
PAN AMERICAN,PAASF
PAN AMERICAN ENERGY CORP CANADA,PAANF
PAN AMERICAN ENERGY CORP. (CANADA),PAANF
PAN AMERICAN SILVER,PAAS
PAN AMERICAN SILVER,PAASF
PAN AMERICAN SILVER CORP,PAAS
PAN AMERICAN SILVER CORP,PAASF
PAN GLOBAL,PGZFF
PAN GLOBAL RESOURCES INC,PGZFF
PAN GLOBAL RESOURCES INC.,PGZFF
PANACEA,PLSH
PANACEA LIFE,PLSH
PANACEA LIFE SCIENCES HOLDINGS INC,PLSH
"PANACEA LIFE SCIENCES HOLDINGS, INC.",PLSH
PANAMERA,PHCI
PANAMERA HOLDINGS,PHCI
PANAMERA HOLDINGS CORP,PHCI
PANBELA,PBLA
PANBELA THERAPEUTICS INC,PBLA
"PANBELA THERAPEUTICS,",PBLA
"PANBELA THERAPEUTICS, INC.",PBLA
PANDORA,PNDRY
PANDORA,PNDZF
PANDORA A/S,PNDRY
PANDORA A/S,PNDZF
PANDORA A/S / ADR,PNDZF
PANDORA A/S / ADR,PNDRY
PANDORA AS  ADR,PNDZF
PANDORA AS  ADR,PNDRY
PANGAEA,PANL
PANGAEA LOGISTICS,PANL
PANGAEA LOGISTICS SOLUTIONS LTD,PANL
PANGAEA LOGISTICS SOLUTIONS LTD.,PANL
PANTHEON,PTHRF
PANTHEON RESOURCES,PTHRF
PANTHEON RESOURCES PLC,PTHRF
PAPA,PZZA
PAPA JOHNS,PZZA
PAPA JOHNS INTERNATIONAL INC,PZZA
PAPAYA,PPYA
PAPAYA GROWTH,PPYA
PAPAYA GROWTH OPPORTUNITY CORP I,PPYA
PAPAYA GROWTH OPPORTUNITY CORP. I,PPYA
PAR,PARR
PAR,PAR
PAR PACIFIC,PARR
PAR PACIFIC HOLDINGS INC,PARR
"PAR PACIFIC HOLDINGS, INC.",PARR
PAR TECHNOLOGY,PAR
PAR TECHNOLOGY CORP,PAR
PARADOX,PRDIY
PARADOX,PRXXF
PARADOX INTERACTIVE,PRXXF
PARADOX INTERACTIVE,PRDIY
PARADOX INTERACTIVE AB/ADR,PRDIY
PARADOX INTERACTIVE AB/ADR,PRXXF
PARADOX INTERACTIVE ABADR,PRXXF
PARADOX INTERACTIVE ABADR,PRDIY
PARAMOUNT,PZG
PARAMOUNT,PARA
PARAMOUNT,PGRE
PARAMOUNT,PARAA
PARAMOUNT GLOBAL,PARA
PARAMOUNT GLOBAL,PARAA
PARAMOUNT GOLD,PZG
PARAMOUNT GOLD NEVADA CORP,PZG
PARAMOUNT GOLD NEVADA CORP.,PZG
PARAMOUNT GROUP INC,PGRE
"PARAMOUNT GROUP,",PGRE
"PARAMOUNT GROUP, INC.",PGRE
PARANOVUS,PAVS
PARANOVUS ENTERTAINMENT,PAVS
PARANOVUS ENTERTAINMENT TECHNOLOGY LTD,PAVS
PARANOVUS ENTERTAINMENT TECHNOLOGY LTD.,PAVS
PARAZERO,PRZO
PARAZERO TECHNOLOGIES,PRZO
PARAZERO TECHNOLOGIES LTD,PRZO
PARAZERO TECHNOLOGIES LTD.,PRZO
PARK,PRK
PARK,PK
PARK,PKOH
PARK,PVOZ
PARK,PKE
PARK,PHH
PARK AEROSPACE,PKE
PARK AEROSPACE CORP,PKE
PARK HA BIOLOGICAL TECHNOLOGY CO LTD,PHH
"PARK HA BIOLOGICAL TECHNOLOGY CO., LTD.",PHH
PARK HOTELS,PK
PARK HOTELS  RESORTS INC,PK
PARK HOTELS & RESORTS INC.,PK
PARK NATIONAL,PRK
PARK NATIONAL CORP /OH/,PRK
PARK NATIONAL CORP OH,PRK
PARK OHIO,PKOH
PARK OHIO HOLDINGS CORP,PKOH
PARK VIEW,PVOZ
PARK VIEW OZ REIT,PVOZ
PARK VIEW OZ REIT INC,PVOZ
PARKE,PKBK
PARKE BANCORP INC,PKBK
"PARKE BANCORP,",PKBK
"PARKE BANCORP, INC.",PKBK
PARKER-HANNIFIN,PH
PARKER-HANNIFIN CORP,PH
PARKERHANNIFIN,PH
PARKERVISION,PRKR
PARKERVISION INC,PRKR
PARKS,PRKA
PARKS AMERICA,PRKA
"PARKS AMERICA,",PRKA
"PARKS AMERICA, INC",PRKA
PARSONS,PSN
PARSONS CORP,PSN
PARTNER,PTNRF
PARTNER COMMUNICATIONS,PTNRF
PARTNER COMMUNICATIONS CO,PTNRF
PARTNER COMMUNICATIONS CO LTD,PTNRF
PARTNERRE,PREJF
PARTNERRE LTD,PREJF
PASITHEA,KTTAW
PASITHEA,KTTA
PASITHEA THERAPEUTICS,KTTA
PASITHEA THERAPEUTICS,KTTAW
PASITHEA THERAPEUTICS CORP,KTTAW
PASITHEA THERAPEUTICS CORP,KTTA
PASITHEA THERAPEUTICS CORP.,KTTA
PASITHEA THERAPEUTICS CORP.,KTTAW
PASSAGE,PASG
PASSAGE BIO INC,PASG
"PASSAGE BIO,",PASG
"PASSAGE BIO, INC.",PASG
PATAGONIA,HGLD
PATAGONIA GOLD,HGLD
PATAGONIA GOLD CORP,HGLD
PATAGONIA GOLD CORP.,HGLD
PATHFINDER,PBHC
PATHFINDER BANCORP INC,PBHC
"PATHFINDER BANCORP,",PBHC
"PATHFINDER BANCORP, INC.",PBHC
PATHWARD,CASH
PATHWARD FINANCIAL INC,CASH
"PATHWARD FINANCIAL,",CASH
"PATHWARD FINANCIAL, INC.",CASH
PATRIA,PAX
PATRIA INVESTMENTS,PAX
PATRIA INVESTMENTS LTD,PAX
PATRICK,PATK
PATRICK INDUSTRIES,PATK
PATRICK INDUSTRIES INC,PATK
PATRIOT,PNBK
PATRIOT,PGOL
PATRIOT GOLD,PGOL
PATRIOT GOLD CORP,PGOL
PATRIOT NATIONAL,PNBK
PATRIOT NATIONAL BANCORP,PNBK
PATRIOT NATIONAL BANCORP INC,PNBK
PATTERSON,PTEN
PATTERSON UTI,PTEN
PATTERSON UTI ENERGY,PTEN
PATTERSON UTI ENERGY INC,PTEN
PAVMED,PAVM
PAVMED INC,PAVM
PAVMED INC.,PAVM
PAYCHEX,PAYX
PAYCHEX INC,PAYX
PAYCOM,PAYC
PAYCOM SOFTWARE INC,PAYC
"PAYCOM SOFTWARE,",PAYC
"PAYCOM SOFTWARE, INC.",PAYC
PAYLOCITY,PCTY
PAYLOCITY HOLDING,PCTY
PAYLOCITY HOLDING CORP,PCTY
PAYMENTUS,PAY
PAYMENTUS HOLDINGS INC,PAY
"PAYMENTUS HOLDINGS,",PAY
"PAYMENTUS HOLDINGS, INC.",PAY
PAYONEER,PAYO
PAYONEER GLOBAL,PAYO
PAYONEER GLOBAL INC,PAYO
PAYONEER GLOBAL INC.,PAYO
PAYPAL,PYPL
PAYPAL HOLDINGS INC,PYPL
"PAYPAL HOLDINGS,",PYPL
"PAYPAL HOLDINGS, INC.",PYPL
PAYSAFE,PSFE
PAYSAFE LTD,PSFE
PAYSIGN INC,PAYS
"PAYSIGN,",PAYS
"PAYSIGN, INC.",PAYS
PB BANKSHARES INC,PBBK
"PB BANKSHARES, INC.",PBBK
PBF,PBF
PBF ENERGY,PBF
PBF ENERGY INC,PBF
PBF ENERGY INC.,PBF
PC CONNECTION,CNXN
PC CONNECTION INC,CNXN
PC PARTNER GROUP LTD/ADR,PCPGY
PC PARTNER GROUP LTD/ADR,PCPPF
PC PARTNER GROUP LTDADR,PCPPF
PC PARTNER GROUP LTDADR,PCPGY
PCB,PCB
PCB BANCORP,PCB
PCM,PCM
PCM FUND INC,PCM
"PCM FUND,",PCM
"PCM FUND, INC.",PCM
PCS,PCSV
PCS EDVENTURES INC,PCSV
"PCS EDVENTURES!,",PCSV
"PCS EDVENTURES!, INC.",PCSV
PDD,PDD
PDD HOLDINGS,PDD
PDD HOLDINGS INC,PDD
PDD HOLDINGS INC.,PDD
PDF,PDFS
PDF SOLUTIONS,PDFS
PDF SOLUTIONS INC,PDFS
PDS,PDSB
PDS BIOTECHNOLOGY,PDSB
PDS BIOTECHNOLOGY CORP,PDSB
PEABODY,BTU
PEABODY ENERGY,BTU
PEABODY ENERGY CORP,BTU
PEAKSTONE,PKST
PEAKSTONE REALTY,PKST
PEAKSTONE REALTY TRUST,PKST
PEAPACK,PGC
PEAPACK GLADSTONE,PGC
PEAPACK GLADSTONE FINANCIAL CORP,PGC
PEARL,PDCC
PEARL,PDPA
PEARL DIVER,PDPA
PEARL DIVER,PDCC
PEARL DIVER CREDIT CO INC,PDCC
PEARL DIVER CREDIT CO INC,PDPA
PEARL DIVER CREDIT CO INC.,PDPA
PEARL DIVER CREDIT CO INC.,PDCC
PEARSON,PSO
PEARSON,PSORF
PEARSON PLC,PSORF
PEARSON PLC,PSO
PEBBLEBROOK,PEB
PEBBLEBROOK HOTEL,PEB
PEBBLEBROOK HOTEL TRUST,PEB
PEDEVCO,PED
PEDEVCO CORP,PED
PEDIATRIX,MD
PEDIATRIX MEDICAL,MD
PEDIATRIX MEDICAL GROUP INC,MD
"PEDIATRIX MEDICAL GROUP, INC.",MD
PEER,PTOP
PEER TO PEER NETWORK,PTOP
PEGASYSTEMS,PEGA
PEGASYSTEMS INC,PEGA
PELICAN,PELI
PELICAN,PELIU
PELICAN,PELIR
PELICAN ACQUISITION,PELIU
PELICAN ACQUISITION,PELI
PELICAN ACQUISITION,PELIR
PELICAN ACQUISITION CORP,PELIR
PELICAN ACQUISITION CORP,PELI
PELICAN ACQUISITION CORP,PELIU
PELOTON,PTON
PELOTON INTERACTIVE INC,PTON
"PELOTON INTERACTIVE,",PTON
"PELOTON INTERACTIVE, INC.",PTON
PEMBINA,PBNAF
PEMBINA,PPLOF
PEMBINA,PBA
PEMBINA,PPLAF
PEMBINA,PMBPF
PEMBINA,PMMBF
PEMBINA PIPELINE,PPLAF
PEMBINA PIPELINE,PMMBF
PEMBINA PIPELINE,PPLOF
PEMBINA PIPELINE,PBA
PEMBINA PIPELINE,PBNAF
PEMBINA PIPELINE,PMBPF
PEMBINA PIPELINE CORP,PMMBF
PEMBINA PIPELINE CORP,PPLOF
PEMBINA PIPELINE CORP,PBNAF
PEMBINA PIPELINE CORP,PMBPF
PEMBINA PIPELINE CORP,PPLAF
PEMBINA PIPELINE CORP,PBA
PENGUIN,PENG
PENGUIN SOLUTIONS INC,PENG
"PENGUIN SOLUTIONS,",PENG
"PENGUIN SOLUTIONS, INC.",PENG
PENN,PENN
PENN ENTERTAINMENT INC,PENN
"PENN ENTERTAINMENT,",PENN
"PENN ENTERTAINMENT, INC.",PENN
PENNANT,PNTG
PENNANT GROUP INC,PNTG
"PENNANT GROUP,",PNTG
"PENNANT GROUP, INC.",PNTG
PENNANTPARK,PNNT
PENNANTPARK,PFLT
PENNANTPARK FLOATING,PFLT
PENNANTPARK FLOATING RATE CAPITAL LTD,PFLT
PENNANTPARK FLOATING RATE CAPITAL LTD.,PFLT
PENNANTPARK INVESTMENT,PNNT
PENNANTPARK INVESTMENT CORP,PNNT
PENNON,PEGRF
PENNON GROUP,PEGRF
PENNON GROUP PLC  ADR,PEGRF
PENNON GROUP PLC / ADR,PEGRF
PENNS,PWOD
PENNS WOODS,PWOD
PENNS WOODS BANCORP,PWOD
PENNS WOODS BANCORP INC,PWOD
PENNYMAC,PMTV
PENNYMAC,PMT
PENNYMAC,PFSI
PENNYMAC,PMTW
PENNYMAC,PMTU
PENNYMAC FINANCIAL,PFSI
PENNYMAC FINANCIAL SERVICES INC,PFSI
"PENNYMAC FINANCIAL SERVICES, INC.",PFSI
PENNYMAC MORTGAGE,PMTU
PENNYMAC MORTGAGE,PMT
PENNYMAC MORTGAGE,PMTW
PENNYMAC MORTGAGE,PMTV
PENNYMAC MORTGAGE INVESTMENT TRUST,PMTU
PENNYMAC MORTGAGE INVESTMENT TRUST,PMT
PENNYMAC MORTGAGE INVESTMENT TRUST,PMTV
PENNYMAC MORTGAGE INVESTMENT TRUST,PMTW
PENSKE,PAG
PENSKE AUTOMOTIVE,PAG
PENSKE AUTOMOTIVE GROUP INC,PAG
"PENSKE AUTOMOTIVE GROUP, INC.",PAG
PENTAIR,PNR
PENTAIR PLC,PNR
PENUMBRA,PEN
PENUMBRA INC,PEN
PEOPLES,PEBK
PEOPLES,PFIS
PEOPLES,PEBO
PEOPLES,PFBX
PEOPLES BANCORP,PEBO
PEOPLES BANCORP,PEBK
PEOPLES BANCORP INC,PEBO
PEOPLES BANCORP OF NORTH CAROLINA,PEBK
PEOPLES BANCORP OF NORTH CAROLINA INC,PEBK
PEOPLES FINANCIAL,PFBX
PEOPLES FINANCIAL,PFIS
PEOPLES FINANCIAL CORP /MS/,PFBX
PEOPLES FINANCIAL CORP MS,PFBX
PEOPLES FINANCIAL SERVICES CORP,PFIS
PEOPLES FINANCIAL SERVICES CORP.,PFIS
PEPGEN,PEPG
PEPGEN INC,PEPG
PEPGEN INC.,PEPG
PEPSICO,PEP
PEPSICO INC,PEP
PERASO,PRSO
PERASO INC,PRSO
PERASO INC.,PRSO
PERCEPTIVE,PCSC
PERCEPTIVE CAPITAL,PCSC
PERCEPTIVE CAPITAL SOLUTIONS CORP,PCSC
PERDOCEO,PRDO
PERDOCEO EDUCATION,PRDO
PERDOCEO EDUCATION CORP,PRDO
PERELLA,PWP
PERELLA WEINBERG,PWP
PERELLA WEINBERG PARTNERS,PWP
PERFECT,PERF
PERFECT,PMHMY
PERFECT,PMNT
PERFECT CORP,PERF
PERFECT CORP.,PERF
PERFECT MEDICAL,PMHMY
PERFECT MEDICAL HEALTH MANAGEMENT LTD./ADR,PMHMY
PERFECT MEDICAL HEALTH MANAGEMENT LTDADR,PMHMY
PERFECT MOMENT,PMNT
PERFECT MOMENT LTD,PMNT
PERFECT MOMENT LTD.,PMNT
PERFORMANCE,PSHG
PERFORMANCE,PFGC
PERFORMANCE FOOD,PFGC
PERFORMANCE FOOD GROUP CO,PFGC
PERFORMANCE SHIPPING,PSHG
PERFORMANCE SHIPPING INC,PSHG
PERFORMANCE SHIPPING INC.,PSHG
PERFORMANT,PHLT
PERFORMANT HEALTHCARE,PHLT
PERFORMANT HEALTHCARE INC,PHLT
PERIMETER,PRM
PERIMETER,PMTRW
PERIMETER,PMTRU
PERIMETER,PMTR
PERIMETER ACQUISITION,PMTRU
PERIMETER ACQUISITION,PMTR
PERIMETER ACQUISITION,PMTRW
PERIMETER ACQUISITION CORP I,PMTRU
PERIMETER ACQUISITION CORP I,PMTRW
PERIMETER ACQUISITION CORP I,PMTR
PERIMETER ACQUISITION CORP. I,PMTR
PERIMETER ACQUISITION CORP. I,PMTRU
PERIMETER ACQUISITION CORP. I,PMTRW
PERIMETER SOLUTIONS INC,PRM
"PERIMETER SOLUTIONS,",PRM
"PERIMETER SOLUTIONS, INC.",PRM
PERION,PERI
PERION NETWORK,PERI
PERION NETWORK LTD,PERI
PERION NETWORK LTD.,PERI
PERMA,PESI
PERMA FIX,PESI
PERMA FIX ENVIRONMENTAL,PESI
PERMA FIX ENVIRONMENTAL SERVICES INC,PESI
PERMA-PIPE,PPIH
PERMA-PIPE INTERNATIONAL,PPIH
"PERMA-PIPE INTERNATIONAL HOLDINGS, INC.",PPIH
PERMAPIPE INTERNATIONAL HOLDINGS INC,PPIH
PERMEX,OILCF
PERMEX PETROLEUM,OILCF
PERMEX PETROLEUM CORP,OILCF
PERMIAN,PR
PERMIAN,PBT
PERMIAN BASIN,PBT
PERMIAN BASIN ROYALTY TRUST,PBT
PERMIAN RESOURCES,PR
PERMIAN RESOURCES CORP,PR
PERMIANVILLE,PVL
PERMIANVILLE ROYALTY,PVL
PERMIANVILLE ROYALTY TRUST,PVL
PERMROCK,PRT
PERMROCK ROYALTY,PRT
PERMROCK ROYALTY TRUST,PRT
PERPETUA,PPTA
PERPETUA RESOURCES,PPTA
PERPETUA RESOURCES CORP,PPTA
PERPETUA RESOURCES CORP.,PPTA
PERRIGO,PRGO
PERRIGO CO,PRGO
PERRIGO CO PLC,PRGO
PERSONALIS INC,PSNL
"PERSONALIS,",PSNL
"PERSONALIS, INC.",PSNL
PERSPECTIVE,CATX
PERSPECTIVE THERAPEUTICS INC,CATX
"PERSPECTIVE THERAPEUTICS,",CATX
"PERSPECTIVE THERAPEUTICS, INC.",CATX
PERUSAHAAN,TLK
PERUSAHAAN PERSEROAN,TLK
PERUSAHAAN PERSEROAN PERSERO PT TELEKOMUNIKASI INDONESIA TBK,TLK
PETCO,WOOF
PETCO HEALTH,WOOF
PETCO HEALTH  WELLNESS COMPANY INC,WOOF
"PETCO HEALTH & WELLNESS COMPANY, INC.",WOOF
PETMED,PETS
PETMED EXPRESS,PETS
PETMED EXPRESS INC,PETS
PETROBRAS,PBR-A
PETROBRAS,PBR
PETROBRAS  PETROLEO BRASILEIRO,PBR
PETROBRAS  PETROLEO BRASILEIRO,PBR-A
PETROBRAS - PETROLEO BRASILEIRO SA,PBR
PETROBRAS - PETROLEO BRASILEIRO SA,PBR-A
PETROCHINA,PTCCY
PETROCHINA,PCCYF
PETROCHINA CO,PCCYF
PETROCHINA CO,PTCCY
PETROCHINA CO LTD,PCCYF
PETROCHINA CO LTD,PTCCY
PETROGAS,PTCO
PETROGAS CO,PTCO
PETROS,PTPI
PETROS PHARMACEUTICALS INC,PTPI
"PETROS PHARMACEUTICALS,",PTPI
"PETROS PHARMACEUTICALS, INC.",PTPI
PETVIVO,PETVW
PETVIVO,PETV
PETVIVO HOLDINGS INC,PETVW
PETVIVO HOLDINGS INC,PETV
"PETVIVO HOLDINGS,",PETVW
"PETVIVO HOLDINGS,",PETV
"PETVIVO HOLDINGS, INC.",PETVW
"PETVIVO HOLDINGS, INC.",PETV
PFIZER,PFE
PFIZER INC,PFE
PFS,PFSB
PFS BANCORP INC,PFSB
"PFS BANCORP,",PFSB
"PFS BANCORP, INC.",PFSB
PG&E,PCG
PG&E CORP,PCG
PGD,PGDE
PGD ECO,PGDE
PGD ECO SOLUTIONS,PGDE
PGE,PCG
PGIM,PGIM
PGIM,ISD
PGIM,GHY
PGIM,SDHY
PGIM GLOBAL,GHY
PGIM GLOBAL HIGH YIELD FUND INC,GHY
"PGIM GLOBAL HIGH YIELD FUND, INC.",GHY
PGIM HIGH,ISD
PGIM HIGH YIELD BOND FUND INC,ISD
"PGIM HIGH YIELD BOND FUND, INC.",ISD
PGIM PRIVATE,PGIM
PGIM PRIVATE CREDIT FUND,PGIM
PGIM SHORT,SDHY
PGIM SHORT DURATION HIGH YIELD OPPORTUNITIES FUND,SDHY
PHAOS,POAS
PHAOS TECHNOLOGY,POAS
PHAOS TECHNOLOGY (CAYMAN) HOLDINGS LTD,POAS
PHAOS TECHNOLOGY CAYMAN,POAS
PHARMA-BIO,PBSV
"PHARMA-BIO SERV,",PBSV
"PHARMA-BIO SERV, INC.",PBSV
PHARMABIO SERV INC,PBSV
PHARMACYTE,PMCB
PHARMACYTE BIOTECH INC,PMCB
"PHARMACYTE BIOTECH,",PMCB
"PHARMACYTE BIOTECH, INC.",PMCB
PHARMAGREEN,PHBI
PHARMAGREEN BIOTECH,PHBI
PHARMAGREEN BIOTECH INC,PHBI
PHARMAGREEN BIOTECH INC.,PHBI
PHARMING,PHAR
PHARMING GROUP,PHAR
PHARMING GROUP N.V.,PHAR
PHARMING GROUP NV,PHAR
PHARVARIS,PHVS
PHARVARIS N.V.,PHVS
PHARVARIS NV,PHVS
PHATHOM,PHAT
PHATHOM PHARMACEUTICALS INC,PHAT
"PHATHOM PHARMACEUTICALS,",PHAT
"PHATHOM PHARMACEUTICALS, INC.",PHAT
PHENIXFIN,PFX
PHENIXFIN,PFXNZ
PHENIXFIN CORP,PFX
PHENIXFIN CORP,PFXNZ
PHENOM,PHNMF
PHENOM RESOURCES,PHNMF
PHENOM RESOURCES CORP,PHNMF
PHENOM RESOURCES CORP.,PHNMF
PHETON,PTHL
PHETON HOLDINGS,PTHL
PHETON HOLDINGS LTD,PTHL
PHI,PHIL
PHI GROUP,PHIL
PHI GROUP INC,PHIL
PHIBRO,PAHC
PHIBRO ANIMAL,PAHC
PHIBRO ANIMAL HEALTH,PAHC
PHIBRO ANIMAL HEALTH CORP,PAHC
PHILIP,PM
PHILIP MORRIS,PM
PHILIP MORRIS INTERNATIONAL INC,PM
PHILIP MORRIS INTERNATIONAL INC.,PM
PHILLIPS,PSX
PHILLIPS,PECO
PHILLIPS 66,PSX
PHILLIPS EDISON,PECO
PHILLIPS EDISON  COMPANY INC,PECO
"PHILLIPS EDISON & COMPANY, INC.",PECO
PHINIA,PHIN
PHINIA INC,PHIN
PHINIA INC.,PHIN
PHIO,PHIO
PHIO PHARMACEUTICALS,PHIO
PHIO PHARMACEUTICALS CORP,PHIO
PHIO PHARMACEUTICALS CORP.,PHIO
PHOENIX,FENG
PHOENIX,PXPC
PHOENIX,PHOE
PHOENIX,PEVM
PHOENIX ASIA,PHOE
PHOENIX ASIA HOLDINGS LTD,PHOE
PHOENIX MOTOR,PEVM
PHOENIX MOTOR INC,PEVM
PHOENIX MOTOR INC.,PEVM
PHOENIX NEW,FENG
PHOENIX NEW MEDIA,FENG
PHOENIX NEW MEDIA LTD,FENG
PHOENIX PLUS,PXPC
PHOENIX PLUS CORP,PXPC
PHOENIX PLUS CORP.,PXPC
PHOTOZOU,PTZH
PHOTOZOU HOLDINGS INC,PTZH
"PHOTOZOU HOLDINGS,",PTZH
"PHOTOZOU HOLDINGS, INC.",PTZH
PHOTRONICS,PLAB
PHOTRONICS INC,PLAB
PHREESIA INC,PHR
"PHREESIA,",PHR
"PHREESIA, INC.",PHR
PHUNWARE INC,PHUN
"PHUNWARE,",PHUN
"PHUNWARE, INC.",PHUN
PHX,PHX
PHX MINERALS,PHX
PHX MINERALS INC,PHX
PHX MINERALS INC.,PHX
PICARD,PMI
PICARD MEDICAL INC,PMI
"PICARD MEDICAL,",PMI
"PICARD MEDICAL, INC.",PMI
PICOCELA,PCLA
PICOCELA INC,PCLA
PICOCELA INC.,PCLA
PIEDMONT,PLL
PIEDMONT,PLLTL
PIEDMONT,PDM
PIEDMONT LITHIUM,PLL
PIEDMONT LITHIUM,PLLTL
PIEDMONT LITHIUM INC,PLL
PIEDMONT LITHIUM INC,PLLTL
PIEDMONT LITHIUM INC.,PLL
PIEDMONT LITHIUM INC.,PLLTL
PIEDMONT REALTY,PDM
PIEDMONT REALTY TRUST INC,PDM
"PIEDMONT REALTY TRUST, INC.",PDM
PILGRIMS,PPC
PILGRIMS PRIDE,PPC
PILGRIMS PRIDE CORP,PPC
PIMCO,PFL
PIMCO,PHK
PIMCO,PDO
PIMCO,PFFLX
PIMCO,PTY
PIMCO,PCN
PIMCO,PDI
PIMCO,PMFAX
PIMCO,PDX
PIMCO,PZC
PIMCO,PML
PIMCO,PYN
PIMCO,PNF
PIMCO,PMX
PIMCO,RCS
PIMCO,PNI
PIMCO,PAXS
PIMCO,PGP
PIMCO,PMF
PIMCO,PCQ
PIMCO,PCK
PIMCO,PFN
PIMCO ACCESS,PAXS
PIMCO ACCESS INCOME FUND,PAXS
PIMCO CALIFORNIA,PZC
PIMCO CALIFORNIA,PCQ
PIMCO CALIFORNIA,PCK
PIMCO CALIFORNIA MUNICIPAL INCOME FUND,PCQ
PIMCO CALIFORNIA MUNICIPAL INCOME FUND II,PCK
PIMCO CALIFORNIA MUNICIPAL INCOME FUND III,PZC
PIMCO CORPORATE,PCN
PIMCO CORPORATE,PTY
PIMCO CORPORATE  INCOME OPPORTUNITY FUND,PTY
PIMCO CORPORATE  INCOME STRATEGY FUND,PCN
PIMCO CORPORATE & INCOME OPPORTUNITY FUND,PTY
PIMCO CORPORATE & INCOME STRATEGY FUND,PCN
PIMCO DYNAMIC,PDO
PIMCO DYNAMIC,PDX
PIMCO DYNAMIC,PDI
PIMCO DYNAMIC INCOME FUND,PDI
PIMCO DYNAMIC INCOME OPPORTUNITIES FUND,PDO
PIMCO DYNAMIC INCOME STRATEGY FUND,PDX
PIMCO FLEXIBLE,PFFLX
PIMCO FLEXIBLE,PMFAX
PIMCO FLEXIBLE CREDIT INCOME FUND,PFFLX
PIMCO FLEXIBLE MUNICIPAL INCOME FUND,PMFAX
PIMCO GLOBAL,PGP
PIMCO GLOBAL STOCKSPLUS  INCOME FUND,PGP
PIMCO GLOBAL STOCKSPLUS & INCOME FUND,PGP
PIMCO HIGH,PHK
PIMCO HIGH INCOME FUND,PHK
PIMCO INCOME,PFN
PIMCO INCOME,PFL
PIMCO INCOME STRATEGY FUND,PFL
PIMCO INCOME STRATEGY FUND II,PFN
PIMCO MUNICIPAL,PMF
PIMCO MUNICIPAL,PMX
PIMCO MUNICIPAL,PML
PIMCO MUNICIPAL INCOME FUND,PMF
PIMCO MUNICIPAL INCOME FUND II,PML
PIMCO MUNICIPAL INCOME FUND III,PMX
PIMCO NEW,PNI
PIMCO NEW,PNF
PIMCO NEW,PYN
PIMCO NEW YORK MUNICIPAL INCOME FUND,PNF
PIMCO NEW YORK MUNICIPAL INCOME FUND II,PNI
PIMCO NEW YORK MUNICIPAL INCOME FUND III,PYN
PIMCO STRATEGIC,RCS
PIMCO STRATEGIC INCOME FUND INC,RCS
"PIMCO STRATEGIC INCOME FUND, INC.",RCS
PINEAPPLE,PNXP
PINEAPPLE,PAPLF
PINEAPPLE EXPRESS,PNXP
PINEAPPLE EXPRESS CANNABIS,PNXP
PINEAPPLE EXPRESS CANNABIS CO,PNXP
PINEAPPLE FINANCIAL,PAPLF
PINEAPPLE FINANCIAL INC,PAPLF
PINEAPPLE FINANCIAL INC.,PAPLF
PINEAPPLE INC,PNPL
"PINEAPPLE,",PNPL
"PINEAPPLE, INC.",PNPL
PINEWOOD,PINWF
PINEWOOD TECHNOLOGIES,PINWF
PINEWOOD TECHNOLOGIES GROUP PLC,PINWF
PINNACLE,PNFPP
PINNACLE,PNW
PINNACLE,PFAI
PINNACLE,PNFP
PINNACLE FINANCIAL,PNFP
PINNACLE FINANCIAL,PNFPP
PINNACLE FINANCIAL PARTNERS,PNFPP
PINNACLE FINANCIAL PARTNERS,PNFP
PINNACLE FINANCIAL PARTNERS INC,PNFP
PINNACLE FINANCIAL PARTNERS INC,PNFPP
PINNACLE FOOD,PFAI
PINNACLE FOOD GROUP LTD,PFAI
PINNACLE WEST,PNW
PINNACLE WEST CAPITAL,PNW
PINNACLE WEST CAPITAL CORP,PNW
PINSTRIPES,PNST
PINSTRIPES,PNSTW
PINSTRIPES HOLDINGS INC,PNST
PINSTRIPES HOLDINGS INC,PNSTW
"PINSTRIPES HOLDINGS,",PNST
"PINSTRIPES HOLDINGS,",PNSTW
"PINSTRIPES HOLDINGS, INC.",PNSTW
"PINSTRIPES HOLDINGS, INC.",PNST
PINTEC,PT
PINTEC TECHNOLOGY,PT
PINTEC TECHNOLOGY HOLDINGS LTD,PT
PINTEREST INC,PINS
"PINTEREST,",PINS
"PINTEREST, INC.",PINS
PIONEER,PHD
PIONEER,MHI
PIONEER,PBFS
PIONEER,PHT
PIONEER,PGFF
PIONEER,HNW
PIONEER,PACH
PIONEER,PPSI
PIONEER,PACHU
PIONEER,MAV
PIONEER,MIO
PIONEER ACQUISITION,PACH
PIONEER ACQUISITION,PACHU
PIONEER ACQUISITION I,PACHU
PIONEER ACQUISITION I,PACH
PIONEER ACQUISITION I CORP,PACH
PIONEER ACQUISITION I CORP,PACHU
PIONEER BANCORP INCMD,PBFS
"PIONEER BANCORP,",PBFS
"PIONEER BANCORP, INC./MD",PBFS
PIONEER DIVERSIFIED,HNW
PIONEER DIVERSIFIED HIGH INCOME FUND INC,HNW
"PIONEER DIVERSIFIED HIGH INCOME FUND, INC.",HNW
PIONEER FLOATING,PHD
PIONEER FLOATING RATE FUND INC,PHD
"PIONEER FLOATING RATE FUND, INC.",PHD
PIONEER GREEN,PGFF
PIONEER GREEN FARMS INC,PGFF
"PIONEER GREEN FARMS, INC.",PGFF
PIONEER HIGH,PHT
PIONEER HIGH INCOME FUND INC,PHT
"PIONEER HIGH INCOME FUND, INC.",PHT
PIONEER MUNICIPAL,MIO
PIONEER MUNICIPAL,MHI
PIONEER MUNICIPAL,MAV
PIONEER MUNICIPAL HIGH INCOME ADVANTAGE FUND INC,MAV
"PIONEER MUNICIPAL HIGH INCOME ADVANTAGE FUND, INC.",MAV
PIONEER MUNICIPAL HIGH INCOME FUND INC,MHI
"PIONEER MUNICIPAL HIGH INCOME FUND, INC.",MHI
PIONEER MUNICIPAL HIGH INCOME OPPORTUNITIES FUND INC,MIO
"PIONEER MUNICIPAL HIGH INCOME OPPORTUNITIES FUND, INC.",MIO
PIONEER POWER,PPSI
PIONEER POWER SOLUTIONS INC,PPSI
"PIONEER POWER SOLUTIONS, INC.",PPSI
PIPER,PIPR
PIPER SANDLER,PIPR
PIPER SANDLER COMPANIES,PIPR
PITANIUM,PTNM
PITANIUM LTD,PTNM
PITNEY,PBI
PITNEY BOWES,PBI
PITNEY BOWES INC /DE/,PBI
PITNEY BOWES INC DE,PBI
PIXELWORKS,PXLW
"PIXELWORKS,",PXLW
"PIXELWORKS, INC",PXLW
PJT,PJT
PJT PARTNERS,PJT
PJT PARTNERS INC,PJT
PJT PARTNERS INC.,PJT
PLAINS,PAA
PLAINS,PAGP
PLAINS,PAAPU
PLAINS ALL,PAAPU
PLAINS ALL,PAA
PLAINS ALL AMERICAN PIPELINE,PAA
PLAINS ALL AMERICAN PIPELINE,PAAPU
PLAINS ALL AMERICAN PIPELINE LP,PAAPU
PLAINS ALL AMERICAN PIPELINE LP,PAA
PLAINS GP,PAGP
PLAINS GP HOLDINGS LP,PAGP
PLANDAI,PLPL
PLANDAI BIOTECHNOLOGY INC,PLPL
"PLANDAI BIOTECHNOLOGY,",PLPL
"PLANDAI BIOTECHNOLOGY, INC.",PLPL
PLANET,PL-WT
PLANET,PLAG
PLANET,PLNT
PLANET,PBFFF
PLANET,YIBO
PLANET,PL
PLANET,PLNH
PLANET 13 HOLDINGS INC,PLNH
PLANET 13 HOLDINGS INC.,PLNH
PLANET BASED,PBFFF
PLANET BASED FOODS GLOBAL INC,PBFFF
PLANET BASED FOODS GLOBAL INC.,PBFFF
PLANET FITNESS INC,PLNT
"PLANET FITNESS,",PLNT
"PLANET FITNESS, INC.",PLNT
PLANET GREEN,PLAG
PLANET GREEN HOLDINGS CORP,PLAG
PLANET GREEN HOLDINGS CORP.,PLAG
PLANET IMAGE,YIBO
PLANET IMAGE INTERNATIONAL LTD,YIBO
PLANET LABS,PL
PLANET LABS,PL-WT
PLANET LABS PBC,PL
PLANET LABS PBC,PL-WT
PLASTEC,PLTYF
PLASTEC TECHNOLOGIES LTD,PLTYF
"PLASTEC TECHNOLOGIES,",PLTYF
"PLASTEC TECHNOLOGIES, LTD.",PLTYF
PLASTIC,PASTF
PLASTIC,PASTY
PLASTIC OMNIUM/ADR,PASTF
PLASTIC OMNIUM/ADR,PASTY
PLASTIC OMNIUMADR,PASTF
PLASTIC OMNIUMADR,PASTY
PLATINUM,PLTS
PLATINUM,PLG
PLATINUM ANALYTICS,PLTS
PLATINUM ANALYTICS CAYMAN,PLTS
PLATINUM ANALYTICS CAYMAN LTD,PLTS
PLATINUM GROUP,PLG
PLATINUM GROUP METALS,PLG
PLATINUM GROUP METALS LTD,PLG
PLAYA,PLYA
PLAYA HOTELS,PLYA
PLAYA HOTELS  RESORTS NV,PLYA
PLAYA HOTELS & RESORTS N.V.,PLYA
PLAYAGS INC,AGS
"PLAYAGS,",AGS
"PLAYAGS, INC.",AGS
PLAYSTUDIOS INC,MYPS
PLAYSTUDIOS INC,MYPSW
"PLAYSTUDIOS,",MYPSW
"PLAYSTUDIOS,",MYPS
"PLAYSTUDIOS, INC.",MYPS
"PLAYSTUDIOS, INC.",MYPSW
PLAYTIKA,PLTK
PLAYTIKA HOLDING,PLTK
PLAYTIKA HOLDING CORP,PLTK
PLAYTIKA HOLDING CORP.,PLTK
PLBY,PLBY
PLBY GROUP INC,PLBY
"PLBY GROUP,",PLBY
"PLBY GROUP, INC.",PLBY
PLDT,PHI
PLDT,PHTCF
PLDT INC,PHI
PLDT INC,PHTCF
PLDT INC.,PHTCF
PLDT INC.,PHI
PLEXUS,PLXS
PLEXUS CORP,PLXS
PLIANT,PLRX
PLIANT THERAPEUTICS INC,PLRX
"PLIANT THERAPEUTICS,",PLRX
"PLIANT THERAPEUTICS, INC.",PLRX
PLUG,PLUG
PLUG POWER,PLUG
PLUG POWER INC,PLUG
PLUM,PLMJF
PLUM,PLMKU
PLUM,TREO
PLUM,PLMWF
PLUM,PLMKW
PLUM,PLMUF
PLUM,PLMK
PLUM ACQUISITION,PLMK
PLUM ACQUISITION,PLMKU
PLUM ACQUISITION,PLMKW
PLUM ACQUISITION,PLMJF
PLUM ACQUISITION,PLMWF
PLUM ACQUISITION,PLMUF
PLUM ACQUISITION CORP III,PLMJF
PLUM ACQUISITION CORP III,PLMWF
PLUM ACQUISITION CORP III,PLMUF
PLUM ACQUISITION CORP IV,PLMK
PLUM ACQUISITION CORP IV,PLMKW
PLUM ACQUISITION CORP IV,PLMKU
"PLUM ACQUISITION CORP, IV",PLMKU
"PLUM ACQUISITION CORP, IV",PLMKW
"PLUM ACQUISITION CORP, IV",PLMK
PLUM ACQUISITION CORP. III,PLMUF
PLUM ACQUISITION CORP. III,PLMWF
PLUM ACQUISITION CORP. III,PLMJF
PLUM III,TREO
PLUM III MERGER CORP,TREO
PLUM III MERGER CORP.,TREO
PLUMAS,PLBC
PLUMAS BANCORP,PLBC
PLURI,PLUR
PLURI INC,PLUR
PLURI INC.,PLUR
PLURILOCK,PLCKF
PLURILOCK SECURITY,PLCKF
PLURILOCK SECURITY INC,PLCKF
PLURILOCK SECURITY INC.,PLCKF
PLUS,PSTV
PLUS THERAPEUTICS INC,PSTV
"PLUS THERAPEUTICS,",PSTV
"PLUS THERAPEUTICS, INC.",PSTV
PLUTUS,PLUT
PLUTUS FINANCIAL,PLUT
PLUTUS FINANCIAL GROUP LTD,PLUT
PLYMOUTH,PLYM
PLYMOUTH INDUSTRIAL,PLYM
PLYMOUTH INDUSTRIAL REIT INC,PLYM
"PLYMOUTH INDUSTRIAL REIT, INC.",PLYM
PMGC,ELAB
PMGC HOLDINGS,ELAB
PMGC HOLDINGS INC,ELAB
PMGC HOLDINGS INC.,ELAB
PMV,PMVP
PMV,PMVC
PMV,PMVCW
PMV CONSUMER,PMVC
PMV CONSUMER,PMVCW
PMV CONSUMER ACQUISITION CORP,PMVC
PMV CONSUMER ACQUISITION CORP,PMVCW
PMV CONSUMER ACQUISITION CORP.,PMVC
PMV CONSUMER ACQUISITION CORP.,PMVCW
PMV PHARMACEUTICALS INC,PMVP
"PMV PHARMACEUTICALS,",PMVP
"PMV PHARMACEUTICALS, INC.",PMVP
PNC,PNC
PNC FINANCIAL,PNC
PNC FINANCIAL SERVICES GROUP INC,PNC
"PNC FINANCIAL SERVICES GROUP, INC.",PNC
PODCASTONE INC,PODC
"PODCASTONE,",PODC
"PODCASTONE, INC.",PODC
POET,POET
POET TECHNOLOGIES,POET
POET TECHNOLOGIES INC,POET
POET TECHNOLOGIES INC.,POET
POLAR,POLA
POLAR POWER INC,POLA
"POLAR POWER,",POLA
"POLAR POWER, INC.",POLA
POLARIS,PII
POLARIS INC,PII
POLARIS INC.,PII
POLESTAR,PSNY
POLESTAR,PLSAY
POLESTAR,PSNYW
POLESTAR AUTOMOTIVE,PSNY
POLESTAR AUTOMOTIVE,PSNYW
POLESTAR AUTOMOTIVE,PLSAY
POLESTAR AUTOMOTIVE HOLDING UK,PSNYW
POLESTAR AUTOMOTIVE HOLDING UK,PLSAY
POLESTAR AUTOMOTIVE HOLDING UK,PSNY
POLESTAR AUTOMOTIVE HOLDING UK PLC,PSNY
POLESTAR AUTOMOTIVE HOLDING UK PLC,PSNYW
POLESTAR AUTOMOTIVE HOLDING UK PLC,PLSAY
POLIBELI,PLBL
POLIBELI GROUP,PLBL
POLIBELI GROUP LTD,PLBL
POLOMAR,PMHS
POLOMAR HEALTH,PMHS
POLOMAR HEALTH SERVICES INC,PMHS
"POLOMAR HEALTH SERVICES, INC.",PMHS
POLYPID,PYPD
POLYPID LTD,PYPD
POLYPID LTD.,PYPD
POLYRIZON,PLRZ
POLYRIZON LTD,PLRZ
POLYRIZON LTD.,PLRZ
POMDOCTOR,POM
POMDOCTOR LTD,POM
PONCE,PDLB
PONCE FINANCIAL,PDLB
PONCE FINANCIAL GROUP INC,PDLB
"PONCE FINANCIAL GROUP, INC.",PDLB
PONY,PNYG
PONY,PONY
PONY AI INC,PONY
PONY AI INC.,PONY
PONY GROUP,PNYG
PONY GROUP INC,PNYG
PONY GROUP INC.,PNYG
POOL,POOL
POOL CORP,POOL
POP,CPOP
POP CULTURE,CPOP
POP CULTURE GROUP CO,CPOP
"POP CULTURE GROUP CO., LTD",CPOP
POPREACH,INIKF
POPREACH CORP,INIKF
POPULAR INC,BPOPO
POPULAR INC,BPOPM
POPULAR INC,BPOP
"POPULAR,",BPOP
"POPULAR,",BPOPM
"POPULAR,",BPOPO
"POPULAR, INC.",BPOPM
"POPULAR, INC.",BPOP
"POPULAR, INC.",BPOPO
PORCH,PRCH
PORCH GROUP INC,PRCH
"PORCH GROUP,",PRCH
"PORCH GROUP, INC.",PRCH
PORSCHE,POAHF
PORSCHE AUTOMOBIL,POAHF
PORSCHE AUTOMOBIL HOLDING SE  ADR,POAHF
PORSCHE AUTOMOBIL HOLDING SE / ADR,POAHF
PORTAGE,PRTG
PORTAGE BIOTECH,PRTG
PORTAGE BIOTECH INC,PRTG
PORTAGE BIOTECH INC.,PRTG
PORTILLO'S,PTLO
PORTILLO'S INC.,PTLO
PORTILLOS INC,PTLO
PORTLAND,POR
PORTLAND GENERAL,POR
PORTLAND GENERAL ELECTRIC CO /OR/,POR
PORTLAND GENERAL ELECTRIC CO OR,POR
PORTMAN,PTMN
PORTMAN RIDGE,PTMN
PORTMAN RIDGE FINANCE,PTMN
PORTMAN RIDGE FINANCE CORP,PTMN
PORTSMOUTH,PRSI
PORTSMOUTH SQUARE,PRSI
PORTSMOUTH SQUARE INC,PRSI
POSCO,PKX
POSCO HOLDINGS,PKX
POSCO HOLDINGS INC,PKX
POSCO HOLDINGS INC.,PKX
POST,POST
POST HOLDINGS INC,POST
"POST HOLDINGS,",POST
"POST HOLDINGS, INC.",POST
POSTAL,PSTL
POSTAL REALTY,PSTL
POSTAL REALTY TRUST INC,PSTL
"POSTAL REALTY TRUST, INC.",PSTL
POTBELLY,PBPB
POTBELLY CORP,PBPB
POTLATCHDELTIC,PCH
POTLATCHDELTIC CORP,PCH
POWELL,PMAX
POWELL,POWL
POWELL INDUSTRIES,POWL
POWELL INDUSTRIES INC,POWL
POWELL MAX,PMAX
POWELL MAX LTD,PMAX
POWER,PSIX
POWER,PW-PA
POWER,POWI
POWER,PW
POWER,PNPNF
POWER,POWMF
POWER INTEGRATIONS,POWI
POWER INTEGRATIONS INC,POWI
POWER METAL,POWMF
POWER METAL RESOURCES,POWMF
POWER METAL RESOURCES PLC,POWMF
POWER METALLIC,PNPNF
POWER METALLIC MINES INC,PNPNF
POWER METALLIC MINES INC.,PNPNF
POWER REIT,PW-PA
POWER REIT,PW
POWER SOLUTIONS,PSIX
POWER SOLUTIONS INTERNATIONAL INC,PSIX
"POWER SOLUTIONS INTERNATIONAL, INC.",PSIX
POWERDYNE,PWDY
POWERDYNE INTERNATIONAL INC,PWDY
"POWERDYNE INTERNATIONAL,",PWDY
"POWERDYNE INTERNATIONAL, INC.",PWDY
POWERFLEET INC,AIOT
"POWERFLEET,",AIOT
"POWERFLEET, INC.",AIOT
PPG,PPG
PPG INDUSTRIES,PPG
PPG INDUSTRIES INC,PPG
PPL,PPL
PPL CORP,PPL
PPLUS,PYT
PPLUS TRUST,PYT
PPLUS TRUST SERIES GSC-2,PYT
PPLUS TRUST SERIES GSC2,PYT
PPX,SNNGF
PPX MINING,SNNGF
PPX MINING CORP,SNNGF
PPX MINING CORP.,SNNGF
PRA,PRAA
PRA GROUP,PRAA
PRA GROUP INC,PRAA
PRAIRIE,PROP
PRAIRIE OPERATING,PROP
PRAIRIE OPERATING CO,PROP
PRAIRIE OPERATING CO.,PROP
PRAXIS,PRAX
PRAXIS PRECISION,PRAX
PRAXIS PRECISION MEDICINES INC,PRAX
"PRAXIS PRECISION MEDICINES, INC.",PRAX
PREAXIA,PAXH
PREAXIA HEALTH,PAXH
PREAXIA HEALTH CARE PAYMENT SYSTEMS INC,PAXH
PREAXIA HEALTH CARE PAYMENT SYSTEMS INC.,PAXH
PRECIGEN INC,PGEN
"PRECIGEN,",PGEN
"PRECIGEN, INC.",PGEN
PRECIPIO INC,PRPO
"PRECIPIO,",PRPO
"PRECIPIO, INC.",PRPO
PRECISION,PDS
PRECISION,DTIL
PRECISION,POCI
PRECISION BIOSCIENCES,DTIL
PRECISION BIOSCIENCES INC,DTIL
PRECISION DRILLING,PDS
PRECISION DRILLING CORP,PDS
PRECISION OPTICS,POCI
PRECISION OPTICS CORPORATION INC,POCI
"PRECISION OPTICS CORPORATION, INC.",POCI
PREDICTIVE,POAI
PREDICTIVE ONCOLOGY,POAI
PREDICTIVE ONCOLOGY INC,POAI
PREDICTIVE ONCOLOGY INC.,POAI
PREDICTMEDIX,PMEDF
PREDICTMEDIX INC,PMEDF
PREDICTMEDIX INC.,PMEDF
PREFERRED,PFBC
PREFERRED BANK,PFBC
PREFORMED,PLPC
PREFORMED LINE,PLPC
PREFORMED LINE PRODUCTS,PLPC
PREFORMED LINE PRODUCTS CO,PLPC
PRELUDE,PRLD
PRELUDE THERAPEUTICS,PRLD
PRELUDE THERAPEUTICS INC,PRLD
PREMIER,PREM
PREMIER,ATAO
PREMIER AIR,ATAO
PREMIER AIR,PREM
PREMIER AIR CHARTER HOLDINGS INC,PREM
PREMIER AIR CHARTER HOLDINGS INC,ATAO
PREMIER AIR CHARTER HOLDINGS INC.,PREM
PREMIER AIR CHARTER HOLDINGS INC.,ATAO
PREMIER INC,PINC
"PREMIER,",PINC
"PREMIER, INC.",PINC
PREMIUM,PC
PREMIUM,PRMLF
PREMIUM,PRMLD
PREMIUM CATERING,PC
PREMIUM CATERING (HOLDINGS) LTD,PC
PREMIUM CATERING HOLDINGS,PC
PREMIUM RESOURCES,PRMLD
PREMIUM RESOURCES,PRMLF
PREMIUM RESOURCES LTD,PRMLD
PREMIUM RESOURCES LTD,PRMLF
PREMIUM RESOURCES LTD.,PRMLF
PREMIUM RESOURCES LTD.,PRMLD
PRENETICS,PRE
PRENETICS,PRENW
PRENETICS GLOBAL,PRENW
PRENETICS GLOBAL,PRE
PRENETICS GLOBAL LTD,PRENW
PRENETICS GLOBAL LTD,PRE
PRESIDIO,SQFTP
PRESIDIO,SQFT
PRESIDIO,SQFTW
PRESIDIO PROPERTY,SQFT
PRESIDIO PROPERTY,SQFTP
PRESIDIO PROPERTY,SQFTW
PRESIDIO PROPERTY TRUST INC,SQFTP
PRESIDIO PROPERTY TRUST INC,SQFT
PRESIDIO PROPERTY TRUST INC,SQFTW
"PRESIDIO PROPERTY TRUST, INC.",SQFTW
"PRESIDIO PROPERTY TRUST, INC.",SQFTP
"PRESIDIO PROPERTY TRUST, INC.",SQFT
PRESTIGE,PWM
PRESTIGE,PBH
PRESTIGE CONSUMER,PBH
PRESTIGE CONSUMER HEALTHCARE INC,PBH
PRESTIGE CONSUMER HEALTHCARE INC.,PBH
PRESTIGE WEALTH,PWM
PRESTIGE WEALTH INC,PWM
PRESTIGE WEALTH INC.,PWM
PRICE,TROW
PRICE T ROWE,TROW
PRICE T ROWE GROUP INC,TROW
PRICESMART,PSMT
PRICESMART INC,PSMT
PRIME,PMHG
PRIME,PRME
PRIME MEDICINE INC,PRME
"PRIME MEDICINE,",PRME
"PRIME MEDICINE, INC.",PRME
PRIME MERIDIAN,PMHG
PRIME MERIDIAN HOLDING,PMHG
PRIME MERIDIAN HOLDING CO,PMHG
PRIMECH,PMEC
PRIMECH HOLDINGS,PMEC
PRIMECH HOLDINGS LTD,PMEC
PRIMEENERGY,PNRG
PRIMEENERGY RESOURCES,PNRG
PRIMEENERGY RESOURCES CORP,PNRG
PRIMEGA,ZDAI
PRIMEGA GROUP,ZDAI
PRIMEGA GROUP HOLDINGS LTD,ZDAI
PRIMERICA INC,PRI
"PRIMERICA,",PRI
"PRIMERICA, INC.",PRI
PRIMIS,FRST
PRIMIS FINANCIAL,FRST
PRIMIS FINANCIAL CORP,FRST
PRIMIS FINANCIAL CORP.,FRST
PRIMO,PRMB
PRIMO BRANDS,PRMB
PRIMO BRANDS CORP,PRMB
PRIMORIS,PRIM
PRIMORIS SERVICES,PRIM
PRIMORIS SERVICES CORP,PRIM
PRINCETON,BPRN
PRINCETON,PIAC
PRINCETON BANCORP INC,BPRN
"PRINCETON BANCORP,",BPRN
"PRINCETON BANCORP, INC.",BPRN
PRINCETON CAPITAL,PIAC
PRINCETON CAPITAL CORP,PIAC
PRINCIPAL,PDSRX
PRINCIPAL,PFG
PRINCIPAL,PDSKX
PRINCIPAL,PGZ
PRINCIPAL FINANCIAL,PFG
PRINCIPAL FINANCIAL GROUP INC,PFG
PRINCIPAL REAL,PDSRX
PRINCIPAL REAL,PDSKX
PRINCIPAL REAL,PGZ
PRINCIPAL REAL ASSET FUND,PDSRX
PRINCIPAL REAL ASSET FUND,PDSKX
PRINCIPAL REAL ESTATE INCOME FUND,PGZ
PRIORITY,PRTHU
PRIORITY,PRTH
PRIORITY TECHNOLOGY,PRTH
PRIORITY TECHNOLOGY,PRTHU
PRIORITY TECHNOLOGY HOLDINGS INC,PRTH
PRIORITY TECHNOLOGY HOLDINGS INC,PRTHU
"PRIORITY TECHNOLOGY HOLDINGS, INC.",PRTHU
"PRIORITY TECHNOLOGY HOLDINGS, INC.",PRTH
PRIVIA,PRVA
PRIVIA HEALTH,PRVA
PRIVIA HEALTH GROUP INC,PRVA
"PRIVIA HEALTH GROUP, INC.",PRVA
PRO,PMDIY
PRO,PDEX
PRO,PMCUF
PRO DEX,PDEX
PRO DEX INC,PDEX
PRO MEDICUS,PMCUF
PRO MEDICUS,PMDIY
PRO MEDICUS LTD./ADR,PMCUF
PRO MEDICUS LTD./ADR,PMDIY
PRO MEDICUS LTDADR,PMDIY
PRO MEDICUS LTDADR,PMCUF
PROASSURANCE,PRA
PROASSURANCE CORP,PRA
PROCACCIANTI,PRXA
PROCACCIANTI,PRXK
PROCACCIANTI HOTEL,PRXA
PROCACCIANTI HOTEL,PRXK
PROCACCIANTI HOTEL REIT INC,PRXA
PROCACCIANTI HOTEL REIT INC,PRXK
"PROCACCIANTI HOTEL REIT, INC.",PRXK
"PROCACCIANTI HOTEL REIT, INC.",PRXA
PROCAP,PCAPU
PROCAP,PCAP
PROCAP ACQUISITION,PCAP
PROCAP ACQUISITION,PCAPU
PROCAP ACQUISITION CORP,PCAPU
PROCAP ACQUISITION CORP,PCAP
PROCEPT,PRCT
PROCEPT BIOROBOTICS,PRCT
PROCEPT BIOROBOTICS CORP,PRCT
PROCESSA,PCSA
PROCESSA PHARMACEUTICALS INC,PCSA
"PROCESSA PHARMACEUTICALS,",PCSA
"PROCESSA PHARMACEUTICALS, INC.",PCSA
PROCORE,PCOR
PROCORE TECHNOLOGIES INC,PCOR
"PROCORE TECHNOLOGIES,",PCOR
"PROCORE TECHNOLOGIES, INC.",PCOR
PROCTER,PG
PROCTER  GAMBLE,PG
PROCTER & GAMBLE CO,PG
PROCYON,PCYN
PROCYON CORP,PCYN
PROFESSIONAL,IPDN
PROFESSIONAL DIVERSITY,IPDN
PROFESSIONAL DIVERSITY NETWORK INC,IPDN
"PROFESSIONAL DIVERSITY NETWORK, INC.",IPDN
PROFICIENT,PAL
PROFICIENT AUTO,PAL
PROFICIENT AUTO LOGISTICS,PAL
"PROFICIENT AUTO LOGISTICS, INC",PAL
PROFOUND,PROF
PROFOUND MEDICAL,PROF
PROFOUND MEDICAL CORP,PROF
PROFOUND MEDICAL CORP.,PROF
PROFRAC,ACDC
PROFRAC HOLDING,ACDC
PROFRAC HOLDING CORP,ACDC
PROFRAC HOLDING CORP.,ACDC
PROG,PRG
PROG HOLDINGS INC,PRG
"PROG HOLDINGS,",PRG
"PROG HOLDINGS, INC.",PRG
PROGRESS,PRGS
PROGRESS SOFTWARE,PRGS
PROGRESS SOFTWARE CORP /MA,PRGS
PROGRESS SOFTWARE CORP MA,PRGS
PROGRESSIVE,PGR
PROGRESSIVE CORP/OH/,PGR
PROGRESSIVE CORPOH,PGR
PROGYNY INC,PGNY
"PROGYNY,",PGNY
"PROGYNY, INC.",PGNY
PROKIDNEY,PROK
PROKIDNEY CORP,PROK
PROKIDNEY CORP.,PROK
PROLOGIS INC,PLD
PROLOGIS INC,PLDGP
"PROLOGIS,",PLD
"PROLOGIS,",PLDGP
"PROLOGIS, INC.",PLD
"PROLOGIS, INC.",PLDGP
PROMIS,PMN
PROMIS NEUROSCIENCES,PMN
PROMIS NEUROSCIENCES INC,PMN
PROMIS NEUROSCIENCES INC.,PMN
PROPANC,PPCB
PROPANC BIOPHARMA INC,PPCB
"PROPANC BIOPHARMA,",PPCB
"PROPANC BIOPHARMA, INC.",PPCB
PROPETRO,PUMP
PROPETRO HOLDING,PUMP
PROPETRO HOLDING CORP,PUMP
PROPETRO HOLDING CORP.,PUMP
PROPHASE,PRPH
PROPHASE LABS INC,PRPH
"PROPHASE LABS,",PRPH
"PROPHASE LABS, INC.",PRPH
PROQR,PRQR
PROQR THERAPEUTICS,PRQR
PROQR THERAPEUTICS N.V.,PRQR
PROQR THERAPEUTICS NV,PRQR
PROS,PRO
PROS HOLDINGS INC,PRO
"PROS HOLDINGS,",PRO
"PROS HOLDINGS, INC.",PRO
PROSHARES,VIXY
PROSHARES,YCS
PROSHARES,EUO
PROSHARES,SVXY
PROSHARES,ULE
PROSHARES,VIXM
PROSHARES,AGQ
PROSHARES,UGL
PROSHARES,SCO
PROSHARES,GLL
PROSHARES,KOLD
PROSHARES,ZSL
PROSHARES,UCO
PROSHARES,YCL
PROSHARES,UVXY
PROSHARES,BOIL
PROSHARES TRUST,EUO
PROSHARES TRUST,VIXY
PROSHARES TRUST,BOIL
PROSHARES TRUST,YCL
PROSHARES TRUST,KOLD
PROSHARES TRUST,UCO
PROSHARES TRUST,YCS
PROSHARES TRUST,SCO
PROSHARES TRUST,AGQ
PROSHARES TRUST,ULE
PROSHARES TRUST,UVXY
PROSHARES TRUST,SVXY
PROSHARES TRUST,VIXM
PROSHARES TRUST,GLL
PROSHARES TRUST,UGL
PROSHARES TRUST,ZSL
PROSHARES TRUST II,VIXY
PROSHARES TRUST II,EUO
PROSHARES TRUST II,BOIL
PROSHARES TRUST II,UCO
PROSHARES TRUST II,YCL
PROSHARES TRUST II,KOLD
PROSHARES TRUST II,GLL
PROSHARES TRUST II,ULE
PROSHARES TRUST II,YCS
PROSHARES TRUST II,ZSL
PROSHARES TRUST II,AGQ
PROSHARES TRUST II,SVXY
PROSHARES TRUST II,UVXY
PROSHARES TRUST II,VIXM
PROSHARES TRUST II,SCO
PROSHARES TRUST II,UGL
PROSPECT,PSEC
PROSPECT CAPITAL,PSEC
PROSPECT CAPITAL CORP,PSEC
PROSPERITY,PB
PROSPERITY BANCSHARES,PB
PROSPERITY BANCSHARES INC,PB
PROSTAR,MAPPF
PROSTAR HOLDINGS,MAPPF
PROSTAR HOLDINGS INC BC,MAPPF
PROSTAR HOLDINGS INC. /BC,MAPPF
PROTAGENIC,PTIX
PROTAGENIC,PTIXW
PROTAGENIC THERAPEUTICS INCNEW,PTIXW
PROTAGENIC THERAPEUTICS INCNEW,PTIX
"PROTAGENIC THERAPEUTICS,",PTIX
"PROTAGENIC THERAPEUTICS,",PTIXW
"PROTAGENIC THERAPEUTICS, INC.NEW",PTIXW
"PROTAGENIC THERAPEUTICS, INC.NEW",PTIX
PROTAGONIST,PTGX
PROTAGONIST THERAPEUTICS,PTGX
"PROTAGONIST THERAPEUTICS,",PTGX
"PROTAGONIST THERAPEUTICS, INC",PTGX
PROTALIX,PLX
PROTALIX BIOTHERAPEUTICS INC,PLX
"PROTALIX BIOTHERAPEUTICS,",PLX
"PROTALIX BIOTHERAPEUTICS, INC.",PLX
PROTARA,TARA
PROTARA THERAPEUTICS INC,TARA
"PROTARA THERAPEUTICS,",TARA
"PROTARA THERAPEUTICS, INC.",TARA
PROTHENA,PRTA
PROTHENA CORP,PRTA
PROTHENA CORP PUBLIC,PRTA
PROTHENA CORP PUBLIC LTD CO,PRTA
PROTO,PRLB
PROTO LABS,PRLB
PROTO LABS INC,PRLB
PROTOKINETIX INC,PKTX
"PROTOKINETIX,",PKTX
"PROTOKINETIX, INC.",PKTX
PROVECTUS,PVCT
PROVECTUS BIOPHARMACEUTICALS INC,PVCT
"PROVECTUS BIOPHARMACEUTICALS,",PVCT
"PROVECTUS BIOPHARMACEUTICALS, INC.",PVCT
PROVIDENT,PROV
PROVIDENT,PFS
PROVIDENT,PVBC
PROVIDENT BANCORP INC MD,PVBC
"PROVIDENT BANCORP,",PVBC
"PROVIDENT BANCORP, INC. /MD/",PVBC
PROVIDENT FINANCIAL,PROV
PROVIDENT FINANCIAL,PFS
PROVIDENT FINANCIAL HOLDINGS INC,PROV
PROVIDENT FINANCIAL SERVICES INC,PFS
PRUDENTIAL,PRH
PRUDENTIAL,PRS
PRUDENTIAL,PUK
PRUDENTIAL,PFH
PRUDENTIAL,PRU
PRUDENTIAL,PUKPF
PRUDENTIAL FINANCIAL,PFH
PRUDENTIAL FINANCIAL,PRH
PRUDENTIAL FINANCIAL,PRS
PRUDENTIAL FINANCIAL,PRU
PRUDENTIAL FINANCIAL INC,PRH
PRUDENTIAL FINANCIAL INC,PRS
PRUDENTIAL FINANCIAL INC,PRU
PRUDENTIAL FINANCIAL INC,PFH
PRUDENTIAL PLC,PUKPF
PRUDENTIAL PLC,PUK
PS INTERNATIONAL GROUP LTD,PSIG
PS INTERNATIONAL GROUP LTD.,PSIG
PSQ,PSQH
PSQ HOLDINGS INC,PSQH
"PSQ HOLDINGS,",PSQH
"PSQ HOLDINGS, INC.",PSQH
PSYCHED,PSYCF
PSYCHED WELLNESS,PSYCF
PSYCHED WELLNESS LTD,PSYCF
PSYCHED WELLNESS LTD.,PSYCF
PSYCHEMEDICS,PMDI
PSYCHEMEDICS CORP,PMDI
PSYENCE,PBMWW
PSYENCE,PBM
PSYENCE BIOMEDICAL,PBMWW
PSYENCE BIOMEDICAL,PBM
PSYENCE BIOMEDICAL LTD,PBMWW
PSYENCE BIOMEDICAL LTD,PBM
PSYENCE BIOMEDICAL LTD.,PBM
PSYENCE BIOMEDICAL LTD.,PBMWW
PT ACE HARDWARE INDONESIA TBKADR,PHDWY
"PT ACE HARDWARE INDONESIA, TBK./ADR",PHDWY
PT BANK NEGARA INDONESIA (PERSERO) TBK/ADR,PBNNF
PT BANK NEGARA INDONESIA PERSERO TBKADR,PBNNF
PT BARITO RENEWABLES ENERGY TBK/ADR,PBRRY
PT BARITO RENEWABLES ENERGY TBKADR,PBRRY
PT BUKALAPAK.COM TBK/ADR,BKLPF
PT BUKALAPAKCOM TBKADR,BKLPF
PT CHANDRA ASRI PETROCHEMICAL TBK/ADR,PTPIF
PT CHANDRA ASRI PETROCHEMICAL TBK/ADR,PTCAY
PT CHANDRA ASRI PETROCHEMICAL TBKADR,PTPIF
PT CHANDRA ASRI PETROCHEMICAL TBKADR,PTCAY
PT DAYAMITRA TELEKOMUNIKASI TBK/ADR,PDYTY
PT DAYAMITRA TELEKOMUNIKASI TBKADR,PDYTY
PT GOTO GOJEK TOKOPEDIA TBK/ADR,GGTKY
PT GOTO GOJEK TOKOPEDIA TBKADR,GGTKY
PT SUMBER ALFARIA TRIJAYA TBK/ADR,PSBTY
PT SUMBER ALFARIA TRIJAYA TBK/ADR,PSBAF
PT SUMBER ALFARIA TRIJAYA TBKADR,PSBTY
PT SUMBER ALFARIA TRIJAYA TBKADR,PSBAF
PT XLSMART TELECOM SEJAHTERA TBK/ADR,PTXKY
PT XLSMART TELECOM SEJAHTERA TBK/ADR,PTXAF
PT XLSMART TELECOM SEJAHTERA TBKADR,PTXKY
PT XLSMART TELECOM SEJAHTERA TBKADR,PTXAF
PTC,PTCT
PTC,PTC
PTC INC,PTC
PTC INC.,PTC
PTC THERAPEUTICS INC,PTCT
"PTC THERAPEUTICS,",PTCT
"PTC THERAPEUTICS, INC.",PTCT
PTL,PTLE
PTL LTD,PTLE
PUBLIC,PNMXO
PUBLIC,PEG
PUBLIC,PSA
PUBLIC,PCMC
PUBLIC CO MANAGEMENT,PCMC
PUBLIC CO MANAGEMENT CORP,PCMC
PUBLIC SERVICE,PEG
PUBLIC SERVICE,PNMXO
PUBLIC SERVICE CO OF NEW MEXICO,PNMXO
PUBLIC SERVICE ENTERPRISE,PEG
PUBLIC SERVICE ENTERPRISE GROUP INC,PEG
PUBLIC STORAGE,PSA
PUBLICIS,PUBGY
PUBLICIS,PGPEF
PUBLICIS GROUPE,PGPEF
PUBLICIS GROUPE,PUBGY
PUBLICIS GROUPE SA,PGPEF
PUBLICIS GROUPE SA,PUBGY
PUBMATIC INC,PUBM
"PUBMATIC,",PUBM
"PUBMATIC, INC.",PUBM
PUIG,PUGBY
PUIG,PUIGF
PUIG BRANDS,PUGBY
PUIG BRANDS,PUIGF
PUIG BRANDS S.A./ADR,PUIGF
PUIG BRANDS S.A./ADR,PUGBY
PUIG BRANDS SAADR,PUIGF
PUIG BRANDS SAADR,PUGBY
PULMATRIX INC,PULM
"PULMATRIX,",PULM
"PULMATRIX, INC.",PULM
PULMONX,LUNG
PULMONX CORP,LUNG
PULSAR,PSRHF
PULSAR HELIUM,PSRHF
PULSAR HELIUM INC,PSRHF
PULSAR HELIUM INC.,PSRHF
PULSE,PLSE
PULSE BIOSCIENCES INC,PLSE
"PULSE BIOSCIENCES,",PLSE
"PULSE BIOSCIENCES, INC.",PLSE
PULTEGROUP,PHM
PULTEGROUP INC/MI/,PHM
PULTEGROUP INCMI,PHM
PUMA,PBYI
PUMA BIOTECHNOLOGY INC,PBYI
"PUMA BIOTECHNOLOGY,",PBYI
"PUMA BIOTECHNOLOGY, INC.",PBYI
PURE,PSTG
PURE,PURE
PURE,PCYO
PURE BIOSCIENCE INC,PURE
"PURE BIOSCIENCE,",PURE
"PURE BIOSCIENCE, INC.",PURE
PURE CYCLE,PCYO
PURE CYCLE CORP,PCYO
PURE STORAGE INC,PSTG
"PURE STORAGE,",PSTG
"PURE STORAGE, INC.",PSTG
PUREBASE,PUBC
PUREBASE CORP,PUBC
PURECYCLE,PCTTW
PURECYCLE,PCTTU
PURECYCLE,PCT
PURECYCLE TECHNOLOGIES INC,PCT
PURECYCLE TECHNOLOGIES INC,PCTTU
PURECYCLE TECHNOLOGIES INC,PCTTW
"PURECYCLE TECHNOLOGIES,",PCT
"PURECYCLE TECHNOLOGIES,",PCTTU
"PURECYCLE TECHNOLOGIES,",PCTTW
"PURECYCLE TECHNOLOGIES, INC.",PCTTU
"PURECYCLE TECHNOLOGIES, INC.",PCT
"PURECYCLE TECHNOLOGIES, INC.",PCTTW
PURETECH,PTCHF
PURETECH,PRTC
PURETECH HEALTH,PTCHF
PURETECH HEALTH,PRTC
PURETECH HEALTH PLC,PTCHF
PURETECH HEALTH PLC,PRTC
PURPLE,PRPL
PURPLE,PPBT
PURPLE BIOTECH,PPBT
PURPLE BIOTECH LTD,PPBT
PURPLE BIOTECH LTD.,PPBT
PURPLE INNOVATION INC,PRPL
"PURPLE INNOVATION,",PRPL
"PURPLE INNOVATION, INC.",PRPL
PURSUIT,PRSU
PURSUIT ATTRACTIONS,PRSU
PURSUIT ATTRACTIONS  HOSPITALITY INC,PRSU
"PURSUIT ATTRACTIONS & HOSPITALITY, INC.",PRSU
PUTNAM,PIM
PUTNAM,PMM
PUTNAM,PPT
PUTNAM,PMO
PUTNAM MANAGED,PMM
PUTNAM MANAGED MUNICIPAL INCOME TRUST,PMM
PUTNAM MASTER,PIM
PUTNAM MASTER INTERMEDIATE INCOME TRUST,PIM
PUTNAM MUNICIPAL,PMO
PUTNAM MUNICIPAL OPPORTUNITIES TRUST,PMO
PUTNAM PREMIER,PPT
PUTNAM PREMIER INCOME TRUST,PPT
PVH,PVH
PVH CORP DE,PVH
PVH CORP.,PVH
PVH CORP. /DE/,PVH
PWRCOR INC,PWCO
"PWRCOR,",PWCO
"PWRCOR, INC.",PWCO
PYROGENESIS,PYRGF
PYROGENESIS CANADA,PYRGF
PYROGENESIS CANADA INC,PYRGF
PYROGENESIS CANADA INC.,PYRGF
PYROPHYTE,PHYWF
PYROPHYTE ACQUISITION,PHYWF
PYROPHYTE ACQUISITION CORP,PHYWF
PYROPHYTE ACQUISITION CORP.,PHYWF
PYXIS,PYXS
PYXIS,PXS
PYXIS,PXSAW
PYXIS ONCOLOGY INC,PYXS
"PYXIS ONCOLOGY,",PYXS
"PYXIS ONCOLOGY, INC.",PYXS
PYXIS TANKERS,PXSAW
PYXIS TANKERS,PXS
PYXIS TANKERS INC,PXS
PYXIS TANKERS INC,PXSAW
PYXIS TANKERS INC.,PXS
PYXIS TANKERS INC.,PXSAW
PYXUS,PYYX
PYXUS INTERNATIONAL INC,PYYX
"PYXUS INTERNATIONAL,",PYYX
"PYXUS INTERNATIONAL, INC.",PYYX
Q2 HOLDINGS INC,QTWO
"Q2 HOLDINGS, INC.",QTWO
Q32,QTTB
Q32 BIO,QTTB
Q32 BIO INC,QTTB
Q32 BIO INC.,QTTB
QCR,QCRH
QCR HOLDINGS,QCRH
QCR HOLDINGS INC,QCRH
QDM,QDMI
QDM INTERNATIONAL,QDMI
QDM INTERNATIONAL INC,QDMI
QDM INTERNATIONAL INC.,QDMI
QHSLAB INC,USAQ
"QHSLAB,",USAQ
"QHSLAB, INC.",USAQ
QIAGEN,QGEN
QIAGEN N.V.,QGEN
QIAGEN NV,QGEN
QIFU,QFIN
QIFU TECHNOLOGY INC,QFIN
"QIFU TECHNOLOGY,",QFIN
"QIFU TECHNOLOGY, INC.",QFIN
QILUN,QLUNF
QILUN GROUP,QLUNF
QILUN GROUP INC,QLUNF
QILUN GROUP INC.,QLUNF
QINHUI,QHT
QINHUI TECHNOLOGY,QHT
QINHUI TECHNOLOGY INTERNATIONAL CO LTD,QHT
QINHUI TECHNOLOGY INTERNATIONAL CO. LTD.,QHT
QMMM,QMMM
QMMM HOLDINGS,QMMM
QMMM HOLDINGS LTD,QMMM
QMSK,QMSK
QMSK TECHNOLOGY,QMSK
QMSK TECHNOLOGY CO,QMSK
"QMSK TECHNOLOGY CO., LTD",QMSK
QNB,QNBC
QNB CORP,QNBC
QNB CORP.,QNBC
QORVO INC,QRVO
"QORVO,",QRVO
"QORVO, INC.",QRVO
QRONS,QRON
QRONS INC,QRON
QRONS INC.,QRON
QS ENERGY INC,QSEP
"QS ENERGY, INC.",QSEP
QT IMAGING HOLDINGS INC,QTIWW
QT IMAGING HOLDINGS INC,QTIH
"QT IMAGING HOLDINGS, INC.",QTIWW
"QT IMAGING HOLDINGS, INC.",QTIH
"QUAD/GRAPHICS,",QUAD
"QUAD/GRAPHICS, INC.",QUAD
QUADGRAPHICS INC,QUAD
QUAINT,QNTO
QUAINT OAK,QNTO
QUAINT OAK BANCORP INC,QNTO
"QUAINT OAK BANCORP, INC.",QNTO
QUAKER,KWR
QUAKER CHEMICAL,KWR
QUAKER CHEMICAL CORP,KWR
QUALCOMM,QCOM
QUALCOMM INC/DE,QCOM
QUALCOMM INCDE,QCOM
QUALIGEN,QLGN
QUALIGEN THERAPEUTICS INC,QLGN
"QUALIGEN THERAPEUTICS,",QLGN
"QUALIGEN THERAPEUTICS, INC.",QLGN
QUALITY,QIND
QUALITY INDUSTRIAL,QIND
QUALITY INDUSTRIAL CORP,QIND
QUALITY INDUSTRIAL CORP.,QIND
QUALYS INC,QLYS
"QUALYS,",QLYS
"QUALYS, INC.",QLYS
QUANEX,NX
QUANEX BUILDING,NX
QUANEX BUILDING PRODUCTS,NX
QUANEX BUILDING PRODUCTS CORP,NX
QUANTA,PWR
QUANTA SERVICES INC,PWR
"QUANTA SERVICES,",PWR
"QUANTA SERVICES, INC.",PWR
QUANTASING,QSG
QUANTASING GROUP,QSG
QUANTASING GROUP LTD,QSG
QUANTERIX,QTRX
QUANTERIX CORP,QTRX
QUANTUM,QNTM
QUANTUM,QUBT
QUANTUM,QMCO
QUANTUM BIOPHARMA,QNTM
QUANTUM BIOPHARMA LTD,QNTM
QUANTUM BIOPHARMA LTD.,QNTM
QUANTUM COMPUTING,QUBT
QUANTUM COMPUTING INC,QUBT
QUANTUM COMPUTING INC.,QUBT
QUANTUM CORP,QMCO
QUANTUM CORP /DE/,QMCO
QUANTUM CORP DE,QMCO
QUANTUM-SI,QSIAW
QUANTUM-SI,QSI
QUANTUM-SI INC,QSI
QUANTUM-SI INC,QSIAW
QUANTUMSCAPE,QS
QUANTUMSCAPE CORP,QS
QUANTUMSI,QSIAW
QUANTUMSI,QSI
QUANTUMSPHERE,QUMS
QUANTUMSPHERE ACQUISITION,QUMS
QUANTUMSPHERE ACQUISITION CORP,QUMS
QUANTUMZYME,QTZM
QUANTUMZYME CORP,QTZM
QUANTUMZYME CORP.,QTZM
"QUARTA-RAD,",QURT
"QUARTA-RAD, INC.",QURT
QUARTARAD INC,QURT
QUARTZ,QZMRF
QUARTZ MOUNTAIN,QZMRF
QUARTZ MOUNTAIN RESOURCES,QZMRF
QUARTZ MOUNTAIN RESOURCES LTD,QZMRF
QUARTZSEA,QSEAR
QUARTZSEA,QSEAU
QUARTZSEA,QSEA
QUARTZSEA ACQUISITION,QSEAU
QUARTZSEA ACQUISITION,QSEA
QUARTZSEA ACQUISITION,QSEAR
QUARTZSEA ACQUISITION CORP,QSEAU
QUARTZSEA ACQUISITION CORP,QSEA
QUARTZSEA ACQUISITION CORP,QSEAR
QUDIAN,QD
QUDIAN INC,QD
QUDIAN INC.,QD
QUEBECOR,QBCAF
QUEBECOR,QBCRF
QUEBECOR MEDIA,QBCRF
QUEBECOR MEDIA,QBCAF
QUEBECOR MEDIA INC,QBCRF
QUEBECOR MEDIA INC,QBCAF
QUEST,QRHC
QUEST,QWTR
QUEST,QPRC
QUEST,DGX
QUEST DIAGNOSTICS,DGX
QUEST DIAGNOSTICS INC,DGX
QUEST PATENT,QPRC
QUEST PATENT RESEARCH,QPRC
QUEST PATENT RESEARCH CORP,QPRC
QUEST RESOURCE,QRHC
QUEST RESOURCE HOLDING,QRHC
QUEST RESOURCE HOLDING CORP,QRHC
QUEST WATER,QWTR
QUEST WATER GLOBAL INC,QWTR
"QUEST WATER GLOBAL, INC.",QWTR
QUETTA,QETA
QUETTA,QETAR
QUETTA,QETAU
QUETTA ACQUISITION,QETAU
QUETTA ACQUISITION,QETAR
QUETTA ACQUISITION,QETA
QUETTA ACQUISITION CORP,QETAU
QUETTA ACQUISITION CORP,QETA
QUETTA ACQUISITION CORP,QETAR
QUHUO,QH
QUHUO LTD,QH
QUICKLOGIC,QUIK
QUICKLOGIC CORP,QUIK
QUIDELORTHO,QDEL
QUIDELORTHO CORP,QDEL
QUINCE,QNCX
QUINCE THERAPEUTICS INC,QNCX
"QUINCE THERAPEUTICS,",QNCX
"QUINCE THERAPEUTICS, INC.",QNCX
QUINSTREET,QNST
"QUINSTREET,",QNST
"QUINSTREET, INC",QNST
QUIPT,QIPT
QUIPT HOME,QIPT
QUIPT HOME MEDICAL CORP,QIPT
QUIPT HOME MEDICAL CORP.,QIPT
QUOIN,QNRX
QUOIN PHARMACEUTICALS LTD,QNRX
"QUOIN PHARMACEUTICALS,",QNRX
"QUOIN PHARMACEUTICALS, LTD.",QNRX
QUOTEMEDIA,QMCI
QUOTEMEDIA INC,QMCI
QUTOUTIAO,QTTOY
QUTOUTIAO INC,QTTOY
QUTOUTIAO INC.,QTTOY
QVC,QVCD
QVC,QVCGB
QVC,QVCC
QVC,QVCGA
QVC,QVCGP
QVC GROUP INC,QVCGB
QVC GROUP INC,QVCGA
QVC GROUP INC,QVCGP
"QVC GROUP,",QVCGP
"QVC GROUP,",QVCGB
"QVC GROUP,",QVCGA
"QVC GROUP, INC.",QVCGP
"QVC GROUP, INC.",QVCGA
"QVC GROUP, INC.",QVCGB
QVC INC,QVCC
QVC INC,QVCD
QWEST,CTBB
QWEST,CTDD
QWEST CORP,CTBB
QWEST CORP,CTDD
QXO INC,QXO
"QXO,",QXO
"QXO, INC.",QXO
QYOU,QYOUF
QYOU MEDIA,QYOUF
QYOU MEDIA INC,QYOUF
QYOU MEDIA INC.,QYOUF
R F,RFIL
R F INDUSTRIES LTD,RFIL
RAADR INC,RDAR
"RAADR,",RDAR
"RAADR, INC.",RDAR
RACKSPACE,RXT
RACKSPACE TECHNOLOGY INC,RXT
"RACKSPACE TECHNOLOGY,",RXT
"RACKSPACE TECHNOLOGY, INC.",RXT
RADCOM,RDCM
RADCOM LTD,RDCM
RADIAN,RDN
RADIAN GROUP,RDN
RADIAN GROUP INC,RDN
RADIANT,RLGT
RADIANT LOGISTICS,RLGT
"RADIANT LOGISTICS,",RLGT
"RADIANT LOGISTICS, INC",RLGT
RADIOPHARM,RADX
RADIOPHARM,RDPTF
RADIOPHARM THERANOSTICS,RDPTF
RADIOPHARM THERANOSTICS,RADX
RADIOPHARM THERANOSTICS LTD,RADX
RADIOPHARM THERANOSTICS LTD,RDPTF
RADIUS,RDUS
RADIUS RECYCLING INC,RDUS
"RADIUS RECYCLING,",RDUS
"RADIUS RECYCLING, INC.",RDUS
RADNET INC,RDNT
"RADNET,",RDNT
"RADNET, INC.",RDNT
RADWARE,RDWR
RADWARE LTD,RDWR
RAFAEL,RFL
RAFAEL HOLDINGS INC,RFL
"RAFAEL HOLDINGS,",RFL
"RAFAEL HOLDINGS, INC.",RFL
RAIL,RVSNW
RAIL,RVSN
RAIL VISION,RVSNW
RAIL VISION,RVSN
RAIL VISION LTD,RVSNW
RAIL VISION LTD,RVSN
RAIL VISION LTD.,RVSN
RAIL VISION LTD.,RVSNW
RAIN,RAINW
RAIN,RAIN
RAIN ENHANCEMENT,RAIN
RAIN ENHANCEMENT,RAINW
RAIN ENHANCEMENT TECHNOLOGIES HOLDCO INC,RAINW
RAIN ENHANCEMENT TECHNOLOGIES HOLDCO INC,RAIN
"RAIN ENHANCEMENT TECHNOLOGIES HOLDCO, INC.",RAINW
"RAIN ENHANCEMENT TECHNOLOGIES HOLDCO, INC.",RAIN
RAINBOW,RNBW
RAINBOW CAPITAL,RNBW
RAINBOW CAPITAL HOLDINGS LTD,RNBW
RAINMAKER,RAKR
RAINMAKER WORLDWIDE,RAKR
RAINMAKER WORLDWIDE INC,RAKR
RAINMAKER WORLDWIDE INC.,RAKR
RAKUTEN,RKUNY
RAKUTEN,RKUNF
RAKUTEN GROUP INC,RKUNY
RAKUTEN GROUP INC,RKUNF
"RAKUTEN GROUP,",RKUNY
"RAKUTEN GROUP,",RKUNF
"RAKUTEN GROUP, INC.",RKUNY
"RAKUTEN GROUP, INC.",RKUNF
RALLIANT,RAL
RALLIANT CORP,RAL
RALLYBIO,RLYB
RALLYBIO CORP,RLYB
RALPH,RL
RALPH LAUREN,RL
RALPH LAUREN CORP,RL
RAMACO,METCZ
RAMACO,METCB
RAMACO,METCL
RAMACO,METC
RAMACO RESOURCES INC,METC
RAMACO RESOURCES INC,METCB
RAMACO RESOURCES INC,METCZ
RAMACO RESOURCES INC,METCL
"RAMACO RESOURCES,",METCB
"RAMACO RESOURCES,",METCL
"RAMACO RESOURCES,",METCZ
"RAMACO RESOURCES,",METC
"RAMACO RESOURCES, INC.",METCZ
"RAMACO RESOURCES, INC.",METC
"RAMACO RESOURCES, INC.",METCL
"RAMACO RESOURCES, INC.",METCB
RAMBUS,RMBS
RAMBUS INC,RMBS
RAND,RAND
RAND CAPITAL,RAND
RAND CAPITAL CORP,RAND
RANGE,RRC
RANGE,RANGU
RANGE,RANGR
RANGE,RNGE
RANGE,RANG
RANGE CAPITAL,RANG
RANGE CAPITAL,RANGU
RANGE CAPITAL,RANGR
RANGE CAPITAL ACQUISITION CORP,RANGU
RANGE CAPITAL ACQUISITION CORP,RANGR
RANGE CAPITAL ACQUISITION CORP,RANG
RANGE CAPITAL ACQUISITION CORP.,RANGR
RANGE CAPITAL ACQUISITION CORP.,RANG
RANGE CAPITAL ACQUISITION CORP.,RANGU
RANGE IMPACT INC,RNGE
"RANGE IMPACT,",RNGE
"RANGE IMPACT, INC.",RNGE
RANGE RESOURCES,RRC
RANGE RESOURCES CORP,RRC
RANGER,RNGR
RANGER,RNGC
RANGER ENERGY,RNGR
RANGER ENERGY SERVICES INC,RNGR
"RANGER ENERGY SERVICES, INC.",RNGR
RANGER GOLD,RNGC
RANGER GOLD CORP,RNGC
RANGER GOLD CORP.,RNGC
RANI,RANI
RANI THERAPEUTICS,RANI
RANI THERAPEUTICS HOLDINGS INC,RANI
"RANI THERAPEUTICS HOLDINGS, INC.",RANI
RANMARINE,RAN
RANMARINE TECHNOLOGY,RAN
RANMARINE TECHNOLOGY B.V.,RAN
RANMARINE TECHNOLOGY BV,RAN
RANPAK,PACK
RANPAK HOLDINGS,PACK
RANPAK HOLDINGS CORP,PACK
RANPAK HOLDINGS CORP.,PACK
RAPHAEL,RAPH
RAPHAEL PHARMACEUTICAL,RAPH
RAPHAEL PHARMACEUTICAL INC,RAPH
RAPHAEL PHARMACEUTICAL INC.,RAPH
RAPID,RPDL
RAPID,RTSL
RAPID,RPID
RAPID LINE,RPDL
RAPID LINE INC,RPDL
RAPID LINE INC.,RPDL
RAPID MICRO,RPID
RAPID MICRO BIOSYSTEMS INC,RPID
"RAPID MICRO BIOSYSTEMS, INC.",RPID
RAPID THERAPEUTIC,RTSL
RAPID THERAPEUTIC SCIENCE LABORATORIES INC,RTSL
"RAPID THERAPEUTIC SCIENCE LABORATORIES, INC.",RTSL
RAPID7 INC,RPD
"RAPID7,",RPD
"RAPID7, INC.",RPD
RAPPORT,RAPP
RAPPORT THERAPEUTICS INC,RAPP
"RAPPORT THERAPEUTICS,",RAPP
"RAPPORT THERAPEUTICS, INC.",RAPP
RAPT,RAPT
RAPT THERAPEUTICS INC,RAPT
"RAPT THERAPEUTICS,",RAPT
"RAPT THERAPEUTICS, INC.",RAPT
RARE,REEMF
RARE ELEMENT,REEMF
RARE ELEMENT RESOURCES,REEMF
RARE ELEMENT RESOURCES LTD,REEMF
RAVE,RAVE
RAVE RESTAURANT,RAVE
RAVE RESTAURANT GROUP INC,RAVE
"RAVE RESTAURANT GROUP, INC.",RAVE
RAYMOND,RJF
RAYMOND JAMES,RJF
RAYMOND JAMES FINANCIAL INC,RJF
RAYONIER,RYAM
RAYONIER,RYN
RAYONIER ADVANCED,RYAM
RAYONIER ADVANCED MATERIALS INC,RYAM
RAYONIER ADVANCED MATERIALS INC.,RYAM
RAYONIER INC,RYN
RAYTECH,RAY
RAYTECH HOLDING,RAY
RAYTECH HOLDING LTD,RAY
RB GLOBAL INC,RBA
RB GLOBAL INC.,RBA
RBB,RBB
RBB BANCORP,RBB
RBC,RBC
RBC BEARINGS,RBC
RBC BEARINGS INC,RBC
RCI,RICK
RCI HOSPITALITY,RICK
RCI HOSPITALITY HOLDINGS INC,RICK
"RCI HOSPITALITY HOLDINGS, INC.",RICK
RCM,RCMT
RCM TECHNOLOGIES INC,RCMT
"RCM TECHNOLOGIES,",RCMT
"RCM TECHNOLOGIES, INC.",RCMT
RE/MAX,RMAX
"RE/MAX HOLDINGS,",RMAX
"RE/MAX HOLDINGS, INC.",RMAX
READING,RDIB
READING,RDI
READING INTERNATIONAL,RDIB
READING INTERNATIONAL,RDI
READING INTERNATIONAL INC,RDIB
READING INTERNATIONAL INC,RDI
READY,RC-PE
READY,RC
READY,RCD
READY,RCB
READY,RCC
READY,RC-PC
READY CAPITAL,RCB
READY CAPITAL,RC-PE
READY CAPITAL,RC-PC
READY CAPITAL,RCC
READY CAPITAL,RC
READY CAPITAL,RCD
READY CAPITAL CORP,RC
READY CAPITAL CORP,RC-PE
READY CAPITAL CORP,RCC
READY CAPITAL CORP,RC-PC
READY CAPITAL CORP,RCD
READY CAPITAL CORP,RCB
REAL,RAAQW
REAL,RAAQU
REAL,RMSGW
REAL,RAAQ
REAL,REAX
REAL,RMSG
REAL ASSET,RAAQW
REAL ASSET,RAAQU
REAL ASSET,RAAQ
REAL ASSET ACQUISITION CORP,RAAQW
REAL ASSET ACQUISITION CORP,RAAQU
REAL ASSET ACQUISITION CORP,RAAQ
REAL ASSET ACQUISITION CORP.,RAAQW
REAL ASSET ACQUISITION CORP.,RAAQU
REAL ASSET ACQUISITION CORP.,RAAQ
REAL BROKERAGE,REAX
REAL BROKERAGE INC,REAX
REAL MESSENGER,RMSGW
REAL MESSENGER,RMSG
REAL MESSENGER CORP,RMSGW
REAL MESSENGER CORP,RMSG
REALPHA,AIRE
REALPHA TECH,AIRE
REALPHA TECH CORP,AIRE
REALPHA TECH CORP.,AIRE
REALTY,O
REALTY INCOME,O
REALTY INCOME CORP,O
REAVES,UTG
REAVES UTILITY,UTG
REAVES UTILITY INCOME FUND,UTG
REBORN,REBN
REBORN COFFEE INC,REBN
"REBORN COFFEE,",REBN
"REBORN COFFEE, INC.",REBN
RECHARGE,RECHF
RECHARGE RESOURCES,RECHF
RECHARGE RESOURCES LTD,RECHF
RECHARGE RESOURCES LTD.,RECHF
RECON,RCON
RECON TECHNOLOGY,RCON
"RECON TECHNOLOGY,",RCON
"RECON TECHNOLOGY, LTD",RCON
RECTITUDE,RECT
RECTITUDE HOLDINGS,RECT
RECTITUDE HOLDINGS LTD,RECT
RECTITUDE HOLDINGS LTD.,RECT
RECURSION,RXRX
RECURSION PHARMACEUTICALS INC,RXRX
"RECURSION PHARMACEUTICALS,",RXRX
"RECURSION PHARMACEUTICALS, INC.",RXRX
RED,RCAT
RED,RDEIF
RED,RMESF
RED,RRR
RED,RDVT
RED,RDEIY
RED,REDRF
RED,RRBI
RED,RRGB
RED CANYON,REDRF
RED CANYON RESOURCES LTD,REDRF
RED CANYON RESOURCES LTD.,REDRF
RED CAT,RCAT
RED CAT HOLDINGS INC,RCAT
"RED CAT HOLDINGS, INC.",RCAT
RED ELECTRICA,RDEIY
RED ELECTRICA,RDEIF
RED ELECTRICA CORPORACION SA/ADR,RDEIF
RED ELECTRICA CORPORACION SA/ADR,RDEIY
RED ELECTRICA CORPORACION SAADR,RDEIY
RED ELECTRICA CORPORACION SAADR,RDEIF
RED METAL,RMESF
RED METAL RESOURCES LTD,RMESF
"RED METAL RESOURCES, LTD.",RMESF
RED RIVER,RRBI
RED RIVER BANCSHARES,RRBI
RED RIVER BANCSHARES INC,RRBI
RED ROBIN,RRGB
RED ROBIN GOURMET BURGERS,RRGB
RED ROBIN GOURMET BURGERS INC,RRGB
RED ROCK,RRR
RED ROCK RESORTS INC,RRR
"RED ROCK RESORTS, INC.",RRR
RED VIOLET INC,RDVT
"RED VIOLET,",RDVT
"RED VIOLET, INC.",RDVT
REDCLOUD,RCT
REDCLOUD HOLDINGS,RCT
REDCLOUD HOLDINGS PLC,RCT
REDDIT INC,RDDT
"REDDIT,",RDDT
"REDDIT, INC.",RDDT
REDFIN,RDFN
REDFIN CORP,RDFN
REDHILL,RDHL
REDHILL BIOPHARMA,RDHL
REDHILL BIOPHARMA LTD,RDHL
REDHILL BIOPHARMA LTD.,RDHL
REDOX,ITOR
REDOX INTERNATIONAL,ITOR
REDOX INTERNATIONAL GROUP CORP,ITOR
"REDOX INTERNATIONAL GROUP, CORP.",ITOR
REDWIRE,RDW
REDWIRE CORP,RDW
REDWOOD,RWTP
REDWOOD,RWT
REDWOOD,RWTO
REDWOOD,RWTN
REDWOOD TRUST,RWTN
REDWOOD TRUST,RWTO
REDWOOD TRUST,RWTP
REDWOOD TRUST,RWT
REDWOOD TRUST INC,RWTO
REDWOOD TRUST INC,RWTN
REDWOOD TRUST INC,RWTP
REDWOOD TRUST INC,RWT
REE,REE
REE AUTOMOTIVE,REE
REE AUTOMOTIVE LTD,REE
REE AUTOMOTIVE LTD.,REE
REECE,REECF
REECE,RECCY
REECE LIMITED/ADR,RECCY
REECE LIMITED/ADR,REECF
REECE LIMITEDADR,RECCY
REECE LIMITEDADR,REECF
"REED'S,",REED
"REED'S, INC.",REED
REEDS INC,REED
REFLECT,RSCF
REFLECT SCIENTIFIC INC,RSCF
"REFLECT SCIENTIFIC,",RSCF
"REFLECT SCIENTIFIC, INC.",RSCF
REGAL,RRX
REGAL REXNORD,RRX
REGAL REXNORD CORP,RRX
REGEN,RGBPP
REGEN,RGBP
REGEN BIOPHARMA,RGBPP
REGEN BIOPHARMA,RGBP
REGEN BIOPHARMA INC,RGBPP
REGEN BIOPHARMA INC,RGBP
REGENCELL,RGC
REGENCELL BIOSCIENCE,RGC
REGENCELL BIOSCIENCE HOLDINGS LTD,RGC
REGENCY,RSMXF
REGENCY,REG
REGENCY,REGCP
REGENCY,REGCO
REGENCY CENTERS,REG
REGENCY CENTERS,REGCP
REGENCY CENTERS,REGCO
REGENCY CENTERS CORP,REGCO
REGENCY CENTERS CORP,REGCP
REGENCY CENTERS CORP,REG
REGENCY SILVER,RSMXF
REGENCY SILVER CORP,RSMXF
REGENCY SILVER CORP.,RSMXF
REGENERATIVE,RMTG
REGENERATIVE MEDICAL,RMTG
REGENERATIVE MEDICAL TECHNOLOGY GROUP INC,RMTG
REGENERATIVE MEDICAL TECHNOLOGY GROUP INC.,RMTG
REGENEREX,RGPX
REGENEREX PHARMA INC,RGPX
"REGENEREX PHARMA,",RGPX
"REGENEREX PHARMA, INC.",RGPX
REGENERON,REGN
REGENERON PHARMACEUTICALS INC,REGN
"REGENERON PHARMACEUTICALS,",REGN
"REGENERON PHARMACEUTICALS, INC.",REGN
REGENTIS,RGNT
REGENTIS BIOMATERIALS,RGNT
REGENTIS BIOMATERIALS LTD,RGNT
REGENTIS BIOMATERIALS LTD.,RGNT
REGENXBIO,RGNX
REGENXBIO INC,RGNX
REGENXBIO INC.,RGNX
REGIONAL,RM
REGIONAL,RHEPB
REGIONAL,RHEPA
REGIONAL,RHEP
REGIONAL HEALTH,RHEPA
REGIONAL HEALTH,RHEPB
REGIONAL HEALTH,RHEP
REGIONAL HEALTH PROPERTIES,RHEPB
REGIONAL HEALTH PROPERTIES,RHEP
REGIONAL HEALTH PROPERTIES,RHEPA
"REGIONAL HEALTH PROPERTIES, INC",RHEP
"REGIONAL HEALTH PROPERTIES, INC",RHEPB
"REGIONAL HEALTH PROPERTIES, INC",RHEPA
REGIONAL MANAGEMENT,RM
REGIONAL MANAGEMENT CORP,RM
REGIONAL MANAGEMENT CORP.,RM
REGIONS,RF-PC
REGIONS,RF
REGIONS,RF-PF
REGIONS,RF-PE
REGIONS FINANCIAL,RF-PE
REGIONS FINANCIAL,RF-PC
REGIONS FINANCIAL,RF
REGIONS FINANCIAL,RF-PF
REGIONS FINANCIAL CORP,RF
REGIONS FINANCIAL CORP,RF-PF
REGIONS FINANCIAL CORP,RF-PE
REGIONS FINANCIAL CORP,RF-PC
REGIS,RGS
REGIS CORP,RGS
REGO,RPMT
REGO PAYMENT,RPMT
REGO PAYMENT ARCHITECTURES INC,RPMT
"REGO PAYMENT ARCHITECTURES, INC.",RPMT
REGULUS,RGLS
REGULUS THERAPEUTICS,RGLS
REGULUS THERAPEUTICS INC,RGLS
REGULUS THERAPEUTICS INC.,RGLS
REIN,RNTX
REIN THERAPEUTICS INC,RNTX
"REIN THERAPEUTICS,",RNTX
"REIN THERAPEUTICS, INC.",RNTX
REINSURANCE,RGA
REINSURANCE,RZC
REINSURANCE,RZB
REINSURANCE GROUP,RGA
REINSURANCE GROUP,RZC
REINSURANCE GROUP,RZB
REINSURANCE GROUP OF AMERICA,RGA
REINSURANCE GROUP OF AMERICA,RZC
REINSURANCE GROUP OF AMERICA,RZB
REINSURANCE GROUP OF AMERICA INC,RGA
REINSURANCE GROUP OF AMERICA INC,RZB
REINSURANCE GROUP OF AMERICA INC,RZC
REITAR,RITR
REITAR LOGTECH,RITR
REITAR LOGTECH HOLDINGS LTD,RITR
REKOR,REKR
REKOR SYSTEMS INC,REKR
"REKOR SYSTEMS,",REKR
"REKOR SYSTEMS, INC.",REKR
RELAY,RLAY
RELAY THERAPEUTICS INC,RLAY
"RELAY THERAPEUTICS,",RLAY
"RELAY THERAPEUTICS, INC.",RLAY
RELEVANT,RGCCF
RELEVANT GOLD,RGCCF
RELEVANT GOLD CORP,RGCCF
RELEVANT GOLD CORP.,RGCCF
RELIABILITY,RLBY
RELIABILITY INC,RLBY
RELIANCE,RELIW
RELIANCE,RELI
RELIANCE GLOBAL,RELIW
RELIANCE GLOBAL,RELI
RELIANCE GLOBAL GROUP INC,RELI
RELIANCE GLOBAL GROUP INC,RELIW
"RELIANCE GLOBAL GROUP, INC.",RELIW
"RELIANCE GLOBAL GROUP, INC.",RELI
RELIANCE INC,RS
"RELIANCE,",RS
"RELIANCE, INC.",RS
RELIEF,RLFTY
RELIEF,RLFTF
RELIEF THERAPEUTICS,RLFTF
RELIEF THERAPEUTICS,RLFTY
RELIEF THERAPEUTICS HOLDING,RLFTY
RELIEF THERAPEUTICS HOLDING,RLFTF
RELIEF THERAPEUTICS HOLDING SA,RLFTF
RELIEF THERAPEUTICS HOLDING SA,RLFTY
RELMADA,RLMD
RELMADA THERAPEUTICS INC,RLMD
"RELMADA THERAPEUTICS,",RLMD
"RELMADA THERAPEUTICS, INC.",RLMD
RELX,RLXXF
RELX,RELX
RELX PLC,RELX
RELX PLC,RLXXF
REMARK,MARK
REMARK HOLDINGS INC,MARK
"REMARK HOLDINGS,",MARK
"REMARK HOLDINGS, INC.",MARK
REMAX HOLDINGS INC,RMAX
REMITLY,RELY
REMITLY GLOBAL INC,RELY
"REMITLY GLOBAL,",RELY
"REMITLY GLOBAL, INC.",RELY
REMSLEEP,RMSL
REMSLEEP HOLDINGS,RMSL
REMSLEEP HOLDINGS INC,RMSL
REMSLEEP HOLDINGS INC.,RMSL
RENAISSANCERE,RNR
RENAISSANCERE HOLDINGS,RNR
RENAISSANCERE HOLDINGS LTD,RNR
RENALYTIX,RENXF
RENALYTIX,RNLXY
RENALYTIX PLC,RENXF
RENALYTIX PLC,RNLXY
RENASANT,RNST
RENASANT CORP,RNST
RENATUS,RTACU
RENATUS,RTACW
RENATUS,RTAC
RENATUS TACTICAL,RTACU
RENATUS TACTICAL,RTACW
RENATUS TACTICAL,RTAC
RENATUS TACTICAL ACQUISITION CORP I,RTACW
RENATUS TACTICAL ACQUISITION CORP I,RTACU
RENATUS TACTICAL ACQUISITION CORP I,RTAC
RENEW,RNWWW
RENEW,RNW
RENEW ENERGY,RNWWW
RENEW ENERGY,RNW
RENEW ENERGY GLOBAL,RNW
RENEW ENERGY GLOBAL,RNWWW
RENEW ENERGY GLOBAL PLC,RNWWW
RENEW ENERGY GLOBAL PLC,RNW
RENN,RCG
RENN FUND INC,RCG
"RENN FUND,",RCG
"RENN FUND, INC.",RCG
RENOVARO,RENB
RENOVARO INC,RENB
RENOVARO INC.,RENB
RENOVORX INC,RNXT
"RENOVORX,",RNXT
"RENOVORX, INC.",RNXT
RENT,RENT
RENT THE,RENT
RENT THE RUNWAY INC,RENT
"RENT THE RUNWAY, INC.",RENT
RENTOKIL,RTO
RENTOKIL,RKLIF
RENTOKIL INITIAL,RTO
RENTOKIL INITIAL,RKLIF
RENTOKIL INITIAL PLC /FI,RTO
RENTOKIL INITIAL PLC /FI,RKLIF
RENTOKIL INITIAL PLC FI,RKLIF
RENTOKIL INITIAL PLC FI,RTO
REOSTAR,REOS
REOSTAR ENERGY,REOS
REOSTAR ENERGY CORP,REOS
REPARE,RPTX
REPARE THERAPEUTICS,RPTX
REPARE THERAPEUTICS INC,RPTX
REPARE THERAPEUTICS INC.,RPTX
REPAY,RPAY
REPAY HOLDINGS,RPAY
REPAY HOLDINGS CORP,RPAY
REPLIGEN,RGEN
REPLIGEN CORP,RGEN
REPLIMUNE,REPL
REPLIMUNE GROUP INC,REPL
"REPLIMUNE GROUP,",REPL
"REPLIMUNE GROUP, INC.",REPL
REPOSITRAK INC,TRAK
"REPOSITRAK,",TRAK
"REPOSITRAK, INC.",TRAK
REPUBLIC,RDAGW
REPUBLIC,RBCAA
REPUBLIC,RDAG
REPUBLIC,RDAGU
REPUBLIC,RSG
REPUBLIC BANCORP,RBCAA
REPUBLIC BANCORP INC /KY/,RBCAA
REPUBLIC BANCORP INC KY,RBCAA
REPUBLIC DIGITAL,RDAGW
REPUBLIC DIGITAL,RDAGU
REPUBLIC DIGITAL,RDAG
REPUBLIC DIGITAL ACQUISITION,RDAGU
REPUBLIC DIGITAL ACQUISITION,RDAGW
REPUBLIC DIGITAL ACQUISITION,RDAG
REPUBLIC DIGITAL ACQUISITION CO,RDAG
REPUBLIC DIGITAL ACQUISITION CO,RDAGU
REPUBLIC DIGITAL ACQUISITION CO,RDAGW
REPUBLIC SERVICES INC,RSG
"REPUBLIC SERVICES,",RSG
"REPUBLIC SERVICES, INC.",RSG
RESEARCH,RSSS
RESEARCH,REFR
RESEARCH FRONTIERS,REFR
RESEARCH FRONTIERS INC,REFR
RESEARCH SOLUTIONS INC,RSSS
"RESEARCH SOLUTIONS,",RSSS
"RESEARCH SOLUTIONS, INC.",RSSS
RESERVE,RSRV
RESERVE PETROLEUM,RSRV
RESERVE PETROLEUM CO,RSRV
RESERVOIR,RSVR
RESERVOIR,RSVRW
RESERVOIR MEDIA INC,RSVRW
RESERVOIR MEDIA INC,RSVR
"RESERVOIR MEDIA,",RSVRW
"RESERVOIR MEDIA,",RSVR
"RESERVOIR MEDIA, INC.",RSVR
"RESERVOIR MEDIA, INC.",RSVRW
RESHAPE,RSLS
RESHAPE LIFESCIENCES,RSLS
RESHAPE LIFESCIENCES INC,RSLS
RESHAPE LIFESCIENCES INC.,RSLS
RESIDEO,REZI
RESIDEO TECHNOLOGIES INC,REZI
"RESIDEO TECHNOLOGIES,",REZI
"RESIDEO TECHNOLOGIES, INC.",REZI
RESMED,RSMDF
RESMED,RMD
RESMED INC,RSMDF
RESMED INC,RMD
RESOLUTE,RHLD
RESOLUTE HOLDINGS,RHLD
RESOLUTE HOLDINGS MANAGEMENT INC,RHLD
"RESOLUTE HOLDINGS MANAGEMENT, INC.",RHLD
RESONA,RSHGY
RESONA,RSNHF
RESONA HOLDINGS,RSNHF
RESONA HOLDINGS,RSHGY
RESONA HOLDINGS INC,RSHGY
RESONA HOLDINGS INC,RSNHF
RESONATE,KOAN
RESONATE BLENDS INC,KOAN
"RESONATE BLENDS,",KOAN
"RESONATE BLENDS, INC.",KOAN
RESOURCES,RGP
RESOURCES CONNECTION INC,RGP
"RESOURCES CONNECTION,",RGP
"RESOURCES CONNECTION, INC.",RGP
REST,RTEZ
REST EZ INC,RTEZ
REST EZ INC.,RTEZ
RESTAURANT,QSR
RESTAURANT,RSTRF
RESTAURANT BRANDS,RSTRF
RESTAURANT BRANDS,QSR
RESTAURANT BRANDS INTERNATIONAL INC,QSR
RESTAURANT BRANDS INTERNATIONAL INC.,QSR
RESTAURANT BRANDS INTERNATIONAL LIMITED PARTNERSHIP,RSTRF
RETICULATE,RMXI
RETICULATE MICRO INC,RMXI
"RETICULATE MICRO,",RMXI
"RETICULATE MICRO, INC.",RMXI
RETINALGENIX,RTGN
RETINALGENIX TECHNOLOGIES,RTGN
RETINALGENIX TECHNOLOGIES INC,RTGN
RETINALGENIX TECHNOLOGIES INC.,RTGN
RETO,RETO
"RETO ECO-SOLUTIONS,",RETO
"RETO ECO-SOLUTIONS, INC.",RETO
RETO ECOSOLUTIONS INC,RETO
RETRACTABLE,RVP
RETRACTABLE TECHNOLOGIES,RVP
RETRACTABLE TECHNOLOGIES INC,RVP
RETRIEVE,RMHI
RETRIEVE MEDICAL,RMHI
RETRIEVE MEDICAL HOLDINGS INC,RMHI
"RETRIEVE MEDICAL HOLDINGS, INC.",RMHI
REV,REVG
REV GROUP INC,REVG
"REV GROUP,",REVG
"REV GROUP, INC.",REVG
REVELATION,REVB
REVELATION,REVBW
REVELATION BIOSCIENCES INC,REVB
REVELATION BIOSCIENCES INC,REVBW
"REVELATION BIOSCIENCES,",REVBW
"REVELATION BIOSCIENCES,",REVB
"REVELATION BIOSCIENCES, INC.",REVB
"REVELATION BIOSCIENCES, INC.",REVBW
REVIUM,RVRC
REVIUM RX,RVRC
REVIUM RX.,RVRC
REVIVA,RVPHW
REVIVA,RVPH
REVIVA PHARMACEUTICALS,RVPH
REVIVA PHARMACEUTICALS,RVPHW
REVIVA PHARMACEUTICALS HOLDINGS INC,RVPH
REVIVA PHARMACEUTICALS HOLDINGS INC,RVPHW
"REVIVA PHARMACEUTICALS HOLDINGS, INC.",RVPHW
"REVIVA PHARMACEUTICALS HOLDINGS, INC.",RVPH
REVIVAL,RVLGF
REVIVAL GOLD,RVLGF
REVIVAL GOLD INC,RVLGF
REVIVAL GOLD INC.,RVLGF
REVOLUTION,RVMDW
REVOLUTION,RVMD
REVOLUTION MEDICINES INC,RVMDW
REVOLUTION MEDICINES INC,RVMD
"REVOLUTION MEDICINES,",RVMDW
"REVOLUTION MEDICINES,",RVMD
"REVOLUTION MEDICINES, INC.",RVMDW
"REVOLUTION MEDICINES, INC.",RVMD
REVOLVE,RVLV
REVOLVE GROUP INC,RVLV
"REVOLVE GROUP,",RVLV
"REVOLVE GROUP, INC.",RVLV
REVVITY INC,RVTY
"REVVITY,",RVTY
"REVVITY, INC.",RVTY
REX,REX
REX AMERICAN,REX
REX AMERICAN RESOURCES,REX
REX AMERICAN RESOURCES CORP,REX
REXFORD,REXR
REXFORD INDUSTRIAL,REXR
REXFORD INDUSTRIAL REALTY INC,REXR
"REXFORD INDUSTRIAL REALTY, INC.",REXR
REYNOLDS,REYN
REYNOLDS CONSUMER,REYN
REYNOLDS CONSUMER PRODUCTS INC,REYN
REYNOLDS CONSUMER PRODUCTS INC.,REYN
REZOLUTE INC,RZLT
"REZOLUTE,",RZLT
"REZOLUTE, INC.",RZLT
REZOLVE,RZLVW
REZOLVE,RZLV
REZOLVE AI,RZLV
REZOLVE AI,RZLVW
REZOLVE AI PLC,RZLV
REZOLVE AI PLC,RZLVW
RF ACQUISITION CORP II,RFAIR
RF ACQUISITION CORP II,RFAI
RF ACQUISITION CORP II,RFAIU
RGC,RGCO
RGC RESOURCES,RGCO
RGC RESOURCES INC,RGCO
RH,RH
RHINEBECK,RBKB
RHINEBECK BANCORP INC,RBKB
"RHINEBECK BANCORP,",RBKB
"RHINEBECK BANCORP, INC.",RBKB
RHYTHM,RYTM
RHYTHM PHARMACEUTICALS INC,RYTM
"RHYTHM PHARMACEUTICALS,",RYTM
"RHYTHM PHARMACEUTICALS, INC.",RYTM
RIBBON,RIBB
RIBBON,RIBBR
RIBBON,RBBN
RIBBON,RIBBU
RIBBON ACQUISITION,RIBBR
RIBBON ACQUISITION,RIBB
RIBBON ACQUISITION,RIBBU
RIBBON ACQUISITION CORP,RIBBU
RIBBON ACQUISITION CORP,RIBB
RIBBON ACQUISITION CORP,RIBBR
RIBBON ACQUISITION CORP.,RIBBU
RIBBON ACQUISITION CORP.,RIBB
RIBBON ACQUISITION CORP.,RIBBR
RIBBON COMMUNICATIONS,RBBN
RIBBON COMMUNICATIONS INC,RBBN
RIBBON COMMUNICATIONS INC.,RBBN
RICH,ANPA
RICH SPARKLE,ANPA
RICH SPARKLE HOLDINGS LTD,ANPA
RICHARDSON,RELL
RICHARDSON ELECTRONICS LTD,RELL
"RICHARDSON ELECTRONICS,",RELL
"RICHARDSON ELECTRONICS, LTD.",RELL
RICHMOND,RMBI
RICHMOND MUTUAL,RMBI
RICHMOND MUTUAL BANCORPORATION INC,RMBI
"RICHMOND MUTUAL BANCORPORATION, INC.",RMBI
RICHTECH,RR
RICHTECH ROBOTICS,RR
RICHTECH ROBOTICS INC,RR
RICHTECH ROBOTICS INC.,RR
RIDGEFIELD,RDGA
RIDGEFIELD ACQUISITION,RDGA
RIDGEFIELD ACQUISITION CORP,RDGA
RIDGELINE,RDGMF
RIDGELINE MINERALS,RDGMF
RIDGELINE MINERALS CORP,RDGMF
RIDGETECH,RDGT
RIDGETECH INC,RDGT
RIDGETECH INC.,RDGT
RIDGEWOOD,RDWQS
RIDGEWOOD ENERGY,RDWQS
RIDGEWOOD ENERGY Q FUND,RDWQS
RIDGEWOOD ENERGY Q FUND LLC,RDWQS
RIGEL,RRACF
RIGEL,RIGL
RIGEL,RRAUF
RIGEL,RRAWF
RIGEL PHARMACEUTICALS,RIGL
RIGEL PHARMACEUTICALS INC,RIGL
RIGEL RESOURCE,RRAWF
RIGEL RESOURCE,RRAUF
RIGEL RESOURCE,RRACF
RIGEL RESOURCE ACQUISITION CORP,RRAUF
RIGEL RESOURCE ACQUISITION CORP,RRAWF
RIGEL RESOURCE ACQUISITION CORP,RRACF
RIGEL RESOURCE ACQUISITION CORP.,RRAWF
RIGEL RESOURCE ACQUISITION CORP.,RRACF
RIGEL RESOURCE ACQUISITION CORP.,RRAUF
RIGETTI,RGTIW
RIGETTI,RGTI
RIGETTI COMPUTING INC,RGTI
RIGETTI COMPUTING INC,RGTIW
"RIGETTI COMPUTING,",RGTIW
"RIGETTI COMPUTING,",RGTI
"RIGETTI COMPUTING, INC.",RGTI
"RIGETTI COMPUTING, INC.",RGTIW
RIGHT,RTON
RIGHT ON BRANDS INC,RTON
"RIGHT ON BRANDS, INC.",RTON
RILEY,RLYGF
RILEY,REPX
RILEY EXPLORATION,REPX
RILEY EXPLORATION PERMIAN INC,REPX
"RILEY EXPLORATION PERMIAN, INC.",REPX
RILEY GOLD,RLYGF
RILEY GOLD CORP,RLYGF
RILEY GOLD CORP.,RLYGF
RIMINI,RMNI
RIMINI STREET INC,RMNI
"RIMINI STREET,",RMNI
"RIMINI STREET, INC.",RMNI
RING,REI
RING ENERGY INC,REI
"RING ENERGY,",REI
"RING ENERGY, INC.",REI
RINGCENTRAL INC,RNG
"RINGCENTRAL,",RNG
"RINGCENTRAL, INC.",RNG
RIO,RTPPF
RIO,RTNTF
RIO,RIO
RIO TINTO,RTNTF
RIO TINTO,RTPPF
RIO TINTO,RIO
RIO TINTO LTD,RTNTF
RIO TINTO PLC,RTPPF
RIO TINTO PLC,RIO
RIO2,RIOFF
RIO2 LTD,RIOFF
RIOT,RIOT
RIOT PLATFORMS INC,RIOT
"RIOT PLATFORMS,",RIOT
"RIOT PLATFORMS, INC.",RIOT
RISE,RYES
RISE GOLD,RYES
RISE GOLD CORP,RYES
RISE GOLD CORP.,RYES
RISING,RDACU
RISING,RDAC
RISING,RDACR
RISING DRAGON,RDACR
RISING DRAGON,RDACU
RISING DRAGON,RDAC
RISING DRAGON ACQUISITION CORP,RDACR
RISING DRAGON ACQUISITION CORP,RDAC
RISING DRAGON ACQUISITION CORP,RDACU
RISING DRAGON ACQUISITION CORP.,RDAC
RISING DRAGON ACQUISITION CORP.,RDACR
RISING DRAGON ACQUISITION CORP.,RDACU
RISKIFIED,RSKD
RISKIFIED LTD,RSKD
RISKIFIED LTD.,RSKD
RITHM,RITM
RITHM,RAC
RITHM,RPT
RITHM ACQUISITION,RAC
RITHM ACQUISITION CORP,RAC
RITHM ACQUISITION CORP.,RAC
RITHM CAPITAL,RITM
RITHM CAPITAL CORP,RITM
RITHM CAPITAL CORP.,RITM
RITHM PROPERTY,RPT
RITHM PROPERTY TRUST INC,RPT
RITHM PROPERTY TRUST INC.,RPT
RIVER,RVRF
RIVER FINANCIAL,RVRF
RIVER FINANCIAL CORP,RVRF
RIVERNORTH,RMMZ
RIVERNORTH,RMI
RIVERNORTH,RIV
RIVERNORTH,RMM
RIVERNORTH,RSF
RIVERNORTH,RFMZ
RIVERNORTH,RFM
RIVERNORTH CAPITAL,RSF
RIVERNORTH CAPITAL  INCOME FUND INC,RSF
"RIVERNORTH CAPITAL & INCOME FUND, INC.",RSF
RIVERNORTH FLEXIBLE,RFMZ
RIVERNORTH FLEXIBLE,RFM
RIVERNORTH FLEXIBLE MUNICIPAL INCOME FUND II INC,RFMZ
"RIVERNORTH FLEXIBLE MUNICIPAL INCOME FUND II, INC.",RFMZ
RIVERNORTH FLEXIBLE MUNICIPAL INCOME FUND INC,RFM
"RIVERNORTH FLEXIBLE MUNICIPAL INCOME FUND, INC.",RFM
RIVERNORTH MANAGED,RMM
RIVERNORTH MANAGED,RMMZ
RIVERNORTH MANAGED DURATION MUNICIPAL INCOME FUND II INC,RMMZ
"RIVERNORTH MANAGED DURATION MUNICIPAL INCOME FUND II, INC.",RMMZ
RIVERNORTH MANAGED DURATION MUNICIPAL INCOME FUND INC,RMM
"RIVERNORTH MANAGED DURATION MUNICIPAL INCOME FUND, INC.",RMM
RIVERNORTH OPPORTUNISTIC,RMI
RIVERNORTH OPPORTUNISTIC MUNICIPAL INCOME FUND INC,RMI
"RIVERNORTH OPPORTUNISTIC MUNICIPAL INCOME FUND, INC.",RMI
RIVERNORTH OPPORTUNITIES,RIV
RIVERNORTH OPPORTUNITIES FUND INC,RIV
"RIVERNORTH OPPORTUNITIES FUND, INC.",RIV
RIVERNORTH/DOUBLELINE,OPP
RIVERNORTH/DOUBLELINE STRATEGIC,OPP
"RIVERNORTH/DOUBLELINE STRATEGIC OPPORTUNITY FUND, INC.",OPP
RIVERNORTHDOUBLELINE STRATEGIC OPPORTUNITY FUND INC,OPP
RIVERVIEW,RVSB
RIVERVIEW BANCORP,RVSB
RIVERVIEW BANCORP INC,RVSB
RIVIAN,RIVN
RIVIAN AUTOMOTIVE INC  DE,RIVN
"RIVIAN AUTOMOTIVE,",RIVN
"RIVIAN AUTOMOTIVE, INC. / DE",RIVN
RLI,RLI
RLI CORP,RLI
RLJ,RLJ
RLJ LODGING,RLJ
RLJ LODGING TRUST,RLJ
RLX,RLX
RLX TECHNOLOGY,RLX
RLX TECHNOLOGY INC,RLX
RLX TECHNOLOGY INC.,RLX
RMR,RMR
RMR GROUP,RMR
RMR GROUP INC,RMR
RMR GROUP INC.,RMR
ROADZEN,RDZN
ROADZEN,RDZNW
ROADZEN INC,RDZNW
ROADZEN INC,RDZN
ROADZEN INC.,RDZNW
ROADZEN INC.,RDZN
ROBERT,RHI
ROBERT HALF,RHI
ROBERT HALF INC,RHI
ROBERT HALF INC.,RHI
ROBEX,RSRBF
ROBEX RESOURCES,RSRBF
ROBEX RESOURCES INC,RSRBF
ROBEX RESOURCES INC.,RSRBF
ROBIN,RBNE
ROBIN ENERGY,RBNE
ROBIN ENERGY LTD,RBNE
ROBIN ENERGY LTD.,RBNE
ROBINHOOD,HOOD
ROBINHOOD MARKETS INC,HOOD
"ROBINHOOD MARKETS,",HOOD
"ROBINHOOD MARKETS, INC.",HOOD
ROBLOX,RBLX
ROBLOX CORP,RBLX
ROBOT,LAWR
ROBOT CONSULTING,LAWR
ROBOT CONSULTING CO LTD,LAWR
"ROBOT CONSULTING CO., LTD.",LAWR
ROCKET,RKLB
ROCKET,RKT
ROCKET,RCKTW
ROCKET,RCKT
ROCKET COMPANIES INC,RKT
"ROCKET COMPANIES,",RKT
"ROCKET COMPANIES, INC.",RKT
ROCKET LAB,RKLB
ROCKET LAB CORP,RKLB
ROCKET PHARMACEUTICALS INC,RCKTW
ROCKET PHARMACEUTICALS INC,RCKT
"ROCKET PHARMACEUTICALS,",RCKTW
"ROCKET PHARMACEUTICALS,",RCKT
"ROCKET PHARMACEUTICALS, INC.",RCKT
"ROCKET PHARMACEUTICALS, INC.",RCKTW
ROCKHAVEN,RKHNF
ROCKHAVEN RESOURCES,RKHNF
ROCKHAVEN RESOURCES LTD,RKHNF
ROCKWELL,ROK
ROCKWELL,RMTI
ROCKWELL AUTOMATION,ROK
"ROCKWELL AUTOMATION,",ROK
"ROCKWELL AUTOMATION, INC",ROK
ROCKWELL MEDICAL INC,RMTI
"ROCKWELL MEDICAL,",RMTI
"ROCKWELL MEDICAL, INC.",RMTI
ROCKWOOL,RKWAD
ROCKWOOL,RCWBY
ROCKWOOL,RKWBF
ROCKWOOL,RCWLY
ROCKWOOL A/S/ADR,RCWLY
ROCKWOOL A/S/ADR,RKWBF
ROCKWOOL A/S/ADR,RKWAD
ROCKWOOL A/S/ADR,RCWBY
ROCKWOOL ASADR,RCWBY
ROCKWOOL ASADR,RKWBF
ROCKWOOL ASADR,RKWAD
ROCKWOOL ASADR,RCWLY
ROCKY,RCKY
ROCKY,RMCF
ROCKY BRANDS INC,RCKY
"ROCKY BRANDS,",RCKY
"ROCKY BRANDS, INC.",RCKY
ROCKY MOUNTAIN,RMCF
ROCKY MOUNTAIN CHOCOLATE FACTORY INC,RMCF
"ROCKY MOUNTAIN CHOCOLATE FACTORY, INC.",RMCF
ROGERS,RCI
ROGERS,RCIAF
ROGERS,ROG
ROGERS COMMUNICATIONS,RCI
ROGERS COMMUNICATIONS,RCIAF
ROGERS COMMUNICATIONS INC,RCI
ROGERS COMMUNICATIONS INC,RCIAF
ROGERS CORP,ROG
ROHM,ROHCF
ROHM CO LTD,ROHCF
"ROHM CO.,",ROHCF
"ROHM CO., LTD.",ROHCF
ROIVANT,ROIV
ROIVANT SCIENCES,ROIV
ROIVANT SCIENCES LTD,ROIV
ROIVANT SCIENCES LTD.,ROIV
ROKU,ROKU
"ROKU,",ROKU
"ROKU, INC",ROKU
ROLLINS,ROL
ROLLINS INC,ROL
ROMA,ROMA
ROMA GREEN,ROMA
ROMA GREEN FINANCE,ROMA
ROMA GREEN FINANCE LTD,ROMA
ROMAN,DRDBU
ROMAN,DRDB
ROMAN,DRDBW
ROMAN DBDR,DRDBW
ROMAN DBDR,DRDB
ROMAN DBDR,DRDBU
ROMAN DBDR ACQUISITION CORP II,DRDBU
ROMAN DBDR ACQUISITION CORP II,DRDB
ROMAN DBDR ACQUISITION CORP II,DRDBW
ROMAN DBDR ACQUISITION CORP. II,DRDB
ROMAN DBDR ACQUISITION CORP. II,DRDBU
ROMAN DBDR ACQUISITION CORP. II,DRDBW
ROOT INC,ROOT
"ROOT,",ROOT
"ROOT, INC.",ROOT
ROPER,ROP
ROPER TECHNOLOGIES,ROP
ROPER TECHNOLOGIES INC,ROP
ROSS,ROST
ROSS STORES INC,ROST
"ROSS STORES,",ROST
"ROSS STORES, INC.",ROST
ROTH,USCTF
ROTH,USTWF
ROTH CH ACQUISITION CO,USTWF
ROTH CH ACQUISITION CO,USCTF
ROTH CH ACQUISITION CO.,USCTF
ROTH CH ACQUISITION CO.,USTWF
ROVER,ROVMD
ROVER METALS,ROVMD
ROVER METALS CORP,ROVMD
ROVER METALS CORP.,ROVMD
ROYAL,RYLBF
ROYAL,RBMCF
ROYAL,ROYMY
ROYAL,RY
ROYAL,ROYMF
ROYAL,RCL
ROYAL,RGLD
ROYAL BANK,RY
ROYAL BANK,RBMCF
ROYAL BANK,RYLBF
ROYAL BANK OF CANADA,RYLBF
ROYAL BANK OF CANADA,RY
ROYAL BANK OF CANADA,RBMCF
ROYAL CARIBBEAN,RCL
ROYAL CARIBBEAN CRUISES,RCL
ROYAL CARIBBEAN CRUISES LTD,RCL
ROYAL GOLD,RGLD
ROYAL GOLD INC,RGLD
ROYAL MAIL,ROYMF
ROYAL MAIL,ROYMY
ROYAL MAIL PLC/ADR,ROYMF
ROYAL MAIL PLC/ADR,ROYMY
ROYAL MAIL PLCADR,ROYMY
ROYAL MAIL PLCADR,ROYMF
ROYALAND,RLNDF
ROYALAND CO LTD,RLNDF
ROYALAND CO LTD.,RLNDF
ROYALE,ROYL
ROYALE ENERGY INC,ROYL
"ROYALE ENERGY,",ROYL
"ROYALE ENERGY, INC.",ROYL
ROYALTY,RMCOW
ROYALTY,RMCO
ROYALTY,RPRX
ROYALTY MANAGEMENT,RMCOW
ROYALTY MANAGEMENT,RMCO
ROYALTY MANAGEMENT HOLDING,RMCO
ROYALTY MANAGEMENT HOLDING,RMCOW
ROYALTY MANAGEMENT HOLDING CORP,RMCOW
ROYALTY MANAGEMENT HOLDING CORP,RMCO
ROYALTY PHARMA,RPRX
ROYALTY PHARMA PLC,RPRX
ROYCE,RMT
ROYCE,RGT
ROYCE,RVT
ROYCE GLOBAL,RGT
ROYCE GLOBAL TRUST INC,RGT
"ROYCE GLOBAL TRUST, INC.",RGT
ROYCE MICRO-CAP,RMT
"ROYCE MICRO-CAP TRUST, INC.",RMT
ROYCE MICROCAP TRUST INC,RMT
ROYCE SMALL-CAP,RVT
"ROYCE SMALL-CAP TRUST, INC.",RVT
ROYCE SMALLCAP TRUST INC,RVT
RPC,RES
RPC INC,RES
RPM,RPM
RPM INTERNATIONAL,RPM
RPM INTERNATIONAL INC/DE/,RPM
RPM INTERNATIONAL INCDE,RPM
RTG,RTTGF
RTG MINING,RTTGF
RTG MINING INC,RTTGF
RTG MINING INC.,RTTGF
RTX,RTX
RTX CORP,RTX
RUA,NZAUF
RUA GOLD,NZAUF
RUA GOLD INC,NZAUF
RUA GOLD INC.,NZAUF
RUANYUN,RYET
RUANYUN EDAI,RYET
RUANYUN EDAI TECHNOLOGY INC,RYET
RUANYUN EDAI TECHNOLOGY INC.,RYET
RUBBER,RLEA
RUBBER LEAF,RLEA
RUBBER LEAF INC,RLEA
RUBICO,RUBI
RUBICO INC,RUBI
RUBICO INC.,RUBI
RUBICON,RBCN
RUBICON,ROMJF
RUBICON ORGANICS,ROMJF
RUBICON ORGANICS INC,ROMJF
RUBICON ORGANICS INC.,ROMJF
RUBICON TECHNOLOGY INC,RBCN
"RUBICON TECHNOLOGY,",RBCN
"RUBICON TECHNOLOGY, INC.",RBCN
RUBRIK INC,RBRK
"RUBRIK,",RBRK
"RUBRIK, INC.",RBRK
RUMBLE,RUMBW
RUMBLE,RUM
RUMBLE INC,RUMBW
RUMBLE INC,RUM
RUMBLE INC.,RUM
RUMBLE INC.,RUMBW
RUMBLEON INC,RMBL
"RUMBLEON,",RMBL
"RUMBLEON, INC.",RMBL
RUNWAY,RWAYL
RUNWAY,RWAYZ
RUNWAY,RWAY
RUNWAY GROWTH,RWAYL
RUNWAY GROWTH,RWAYZ
RUNWAY GROWTH,RWAY
RUNWAY GROWTH FINANCE CORP,RWAY
RUNWAY GROWTH FINANCE CORP,RWAYZ
RUNWAY GROWTH FINANCE CORP,RWAYL
RUNWAY GROWTH FINANCE CORP.,RWAY
RUNWAY GROWTH FINANCE CORP.,RWAYZ
RUNWAY GROWTH FINANCE CORP.,RWAYL
RUPERT,RUPRF
RUPERT RESOURCES,RUPRF
RUPERT RESOURCES LTD,RUPRF
RUSH,RSI
RUSH,RUSHB
RUSH,RUSHA
RUSH ENTERPRISES,RUSHA
RUSH ENTERPRISES,RUSHB
RUSH ENTERPRISES INC TX,RUSHB
RUSH ENTERPRISES INC TX,RUSHA
RUSH STREET,RSI
RUSH STREET INTERACTIVE INC,RSI
"RUSH STREET INTERACTIVE, INC.",RSI
RXO INC,RXO
"RXO,",RXO
"RXO, INC.",RXO
RXSIGHT INC,RXST
"RXSIGHT,",RXST
"RXSIGHT, INC.",RXST
RYAN,RYAN
RYAN SPECIALTY,RYAN
RYAN SPECIALTY HOLDINGS INC,RYAN
"RYAN SPECIALTY HOLDINGS, INC.",RYAN
RYANAIR,RYAAY
RYANAIR,RYAOF
RYANAIR HOLDINGS,RYAOF
RYANAIR HOLDINGS,RYAAY
RYANAIR HOLDINGS PLC,RYAAY
RYANAIR HOLDINGS PLC,RYAOF
RYDE,RYDE
RYDE GROUP,RYDE
RYDE GROUP LTD,RYDE
RYDER,R
RYDER SYSTEM,R
RYDER SYSTEM INC,R
RYERSON,RYI
RYERSON HOLDING,RYI
RYERSON HOLDING CORP,RYI
RYMAN,RHP
RYMAN HOSPITALITY,RHP
RYMAN HOSPITALITY PROPERTIES INC,RHP
"RYMAN HOSPITALITY PROPERTIES, INC.",RHP
RYOJBABA,RYOJ
RYOJBABA CO LTD,RYOJ
"RYOJBABA CO.,",RYOJ
"RYOJBABA CO., LTD.",RYOJ
RYVYL,RVYL
RYVYL INC,RVYL
RYVYL INC.,RVYL
S&P,SPGI
S&P GLOBAL,SPGI
S&P GLOBAL INC.,SPGI
S&T,STBA
S&T BANCORP,STBA
S&T BANCORP INC,STBA
S&W,SANW
S&W SEED,SANW
S&W SEED CO,SANW
SAAB,SAABF
SAAB AB/ADR,SAABF
SAAB ABADR,SAABF
SAB,SABSW
SAB,SABS
SAB BIOTHERAPEUTICS INC,SABS
SAB BIOTHERAPEUTICS INC,SABSW
"SAB BIOTHERAPEUTICS,",SABS
"SAB BIOTHERAPEUTICS,",SABSW
"SAB BIOTHERAPEUTICS, INC.",SABSW
"SAB BIOTHERAPEUTICS, INC.",SABS
SABA,SABA
SABA,BRW
SABA CAPITAL,SABA
SABA CAPITAL,BRW
SABA CAPITAL INCOME  OPPORTUNITIES FUND,BRW
SABA CAPITAL INCOME  OPPORTUNITIES FUND II,SABA
SABA CAPITAL INCOME & OPPORTUNITIES FUND,BRW
SABA CAPITAL INCOME & OPPORTUNITIES FUND II,SABA
SABINE,SBR
SABINE ROYALTY,SBR
SABINE ROYALTY TRUST,SBR
SABIO,SABOF
SABIO HOLDINGS,SABOF
SABIO HOLDINGS INC,SABOF
SABIO HOLDINGS INC.,SABOF
SABLE,SOC
SABLE OFFSHORE,SOC
SABLE OFFSHORE CORP,SOC
SABLE OFFSHORE CORP.,SOC
SABRA,SBRA
SABRA HEALTH,SBRA
SABRA HEALTH CARE REIT INC,SBRA
"SABRA HEALTH CARE REIT, INC.",SBRA
SABRE,SABR
SABRE CORP,SABR
SACHEM,SCCF
SACHEM,SCCG
SACHEM,SCCE
SACHEM,SACH
SACHEM,SCCC
SACHEM,SCCD
SACHEM CAPITAL,SCCC
SACHEM CAPITAL,SCCG
SACHEM CAPITAL,SACH
SACHEM CAPITAL,SCCE
SACHEM CAPITAL,SCCF
SACHEM CAPITAL,SCCD
SACHEM CAPITAL CORP,SACH
SACHEM CAPITAL CORP,SCCG
SACHEM CAPITAL CORP,SCCD
SACHEM CAPITAL CORP,SCCE
SACHEM CAPITAL CORP,SCCF
SACHEM CAPITAL CORP,SCCC
SACHEM CAPITAL CORP.,SCCC
SACHEM CAPITAL CORP.,SCCE
SACHEM CAPITAL CORP.,SCCF
SACHEM CAPITAL CORP.,SCCG
SACHEM CAPITAL CORP.,SCCD
SACHEM CAPITAL CORP.,SACH
SADDLE,SRMX
SADDLE RANCH,SRMX
SADDLE RANCH MEDIA INC,SRMX
"SADDLE RANCH MEDIA, INC.",SRMX
SADOT,SDOT
SADOT GROUP,SDOT
SADOT GROUP INC,SDOT
SADOT GROUP INC.,SDOT
SAFE,SPAI
SAFE,SB-PC
SAFE,SB
SAFE,SB-PD
SAFE,SGD
SAFE,SGBX
SAFE  GREEN DEVELOPMENT,SGD
SAFE  GREEN HOLDINGS CORP,SGBX
SAFE & GREEN DEVELOPMENT CORP,SGD
SAFE & GREEN HOLDINGS CORP.,SGBX
SAFE BULKERS INC,SB-PC
SAFE BULKERS INC,SB
SAFE BULKERS INC,SB-PD
"SAFE BULKERS,",SB-PC
"SAFE BULKERS,",SB-PD
"SAFE BULKERS,",SB
"SAFE BULKERS, INC.",SB-PC
"SAFE BULKERS, INC.",SB-PD
"SAFE BULKERS, INC.",SB
SAFE PRO,SPAI
SAFE PRO GROUP INC,SPAI
SAFE PRO GROUP INC.,SPAI
SAFEGUARD,SFES
SAFEGUARD SCIENTIFICS,SFES
SAFEGUARD SCIENTIFICS INC,SFES
SAFEHOLD,SAFE
SAFEHOLD INC,SAFE
SAFEHOLD INC.,SAFE
SAFESPACE,SSGC
SAFESPACE GLOBAL,SSGC
SAFESPACE GLOBAL CORP,SSGC
SAFETY,SHOTW
SAFETY,SHOT
SAFETY,SAFT
SAFETY INSURANCE,SAFT
SAFETY INSURANCE GROUP INC,SAFT
SAFETY SHOT INC,SHOTW
SAFETY SHOT INC,SHOT
"SAFETY SHOT,",SHOTW
"SAFETY SHOT,",SHOT
"SAFETY SHOT, INC.",SHOTW
"SAFETY SHOT, INC.",SHOT
SAGA,SGA
SAGA COMMUNICATIONS,SGA
SAGA COMMUNICATIONS INC,SGA
SAGE,SAGE
SAGE THERAPEUTICS INC,SAGE
"SAGE THERAPEUTICS,",SAGE
"SAGE THERAPEUTICS, INC.",SAGE
SAGIMET,SGMT
SAGIMET BIOSCIENCES,SGMT
SAGIMET BIOSCIENCES INC,SGMT
SAGIMET BIOSCIENCES INC.,SGMT
SAGTEC,SAGT
SAGTEC GLOBAL,SAGT
SAGTEC GLOBAL LTD,SAGT
SAIA,SAIA
SAIA INC,SAIA
SAIHEAT,SAIHW
SAIHEAT,SAIH
SAIHEAT LTD,SAIH
SAIHEAT LTD,SAIHW
SAILPOINT INC,SAIL
"SAILPOINT,",SAIL
"SAILPOINT, INC.",SAIL
SAKER,SKAS
SAKER AVIATION,SKAS
SAKER AVIATION SERVICES INC,SKAS
"SAKER AVIATION SERVICES, INC.",SKAS
SALARIUS,SLRX
SALARIUS PHARMACEUTICALS INC,SLRX
"SALARIUS PHARMACEUTICALS,",SLRX
"SALARIUS PHARMACEUTICALS, INC.",SLRX
SALAZAR,SRLZF
SALAZAR RESOURCES,SRLZF
SALAZAR RESOURCES LTD,SRLZF
SALEM,SALM
SALEM MEDIA,SALM
SALEM MEDIA GROUP INC DE,SALM
"SALEM MEDIA GROUP, INC. /DE/",SALM
SALESFORCE INC,CRM
"SALESFORCE,",CRM
"SALESFORCE, INC.",CRM
SALLY,SBH
SALLY BEAUTY,SBH
SALLY BEAUTY HOLDINGS INC,SBH
"SALLY BEAUTY HOLDINGS, INC.",SBH
SAMFINE,SFHG
SAMFINE CREATION,SFHG
SAMFINE CREATION HOLDINGS GROUP LTD,SFHG
SAMPO,SAXPF
SAMPO OYJ,SAXPF
SAMSARA,SAML
SAMSARA,IOT
SAMSARA INC,IOT
SAMSARA INC.,IOT
SAMSARA LUGGAGE INC,SAML
"SAMSARA LUGGAGE,",SAML
"SAMSARA LUGGAGE, INC.",SAML
SAMSONITE,SMSOF
SAMSONITE,SMSEY
SAMSONITE INTERNATIONAL,SMSOF
SAMSONITE INTERNATIONAL,SMSEY
SAMSONITE INTERNATIONAL SA/ADR,SMSEY
SAMSONITE INTERNATIONAL SA/ADR,SMSOF
SAMSONITE INTERNATIONAL SAADR,SMSOF
SAMSONITE INTERNATIONAL SAADR,SMSEY
SAN,SJT
SAN JUAN,SJT
SAN JUAN BASIN ROYALTY TRUST,SJT
SANA,SANA
SANA BIOTECHNOLOGY INC,SANA
"SANA BIOTECHNOLOGY,",SANA
"SANA BIOTECHNOLOGY, INC.",SANA
SANARA,SMTI
SANARA MEDTECH,SMTI
SANARA MEDTECH INC,SMTI
SANARA MEDTECH INC.,SMTI
SANDISK,SNDK
SANDISK CORP,SNDK
SANDOZ,SDZNY
SANDOZ,SDZXF
SANDOZ GROUP,SDZNY
SANDOZ GROUP,SDZXF
SANDOZ GROUP AG,SDZXF
SANDOZ GROUP AG,SDZNY
SANDRIDGE,SD
SANDRIDGE ENERGY,SD
SANDRIDGE ENERGY INC,SD
SANDSTORM,SAND
SANDSTORM GOLD,SAND
SANDSTORM GOLD LTD,SAND
SANFILIPPO,JBSS
SANFILIPPO JOHN,JBSS
SANFILIPPO JOHN B  SON,JBSS
SANFILIPPO JOHN B & SON INC,JBSS
SANGAMO,SGMO
SANGAMO THERAPEUTICS,SGMO
"SANGAMO THERAPEUTICS,",SGMO
"SANGAMO THERAPEUTICS, INC",SGMO
SANGOMA,SANG
SANGOMA TECHNOLOGIES,SANG
SANGOMA TECHNOLOGIES CORP,SANG
SANMINA,SANM
SANMINA CORP,SANM
SANOFI,SNYNF
SANOFI,SNY
SANRIO,SNROY
SANRIO,SNROF
SANRIO COMPANY LTDADR,SNROF
SANRIO COMPANY LTDADR,SNROY
"SANRIO COMPANY,",SNROY
"SANRIO COMPANY,",SNROF
"SANRIO COMPANY, LTD./ADR",SNROF
"SANRIO COMPANY, LTD./ADR",SNROY
SANTANDER,SNTUF
SANTANDER,STNDF
SANTANDER UK,SNTUF
SANTANDER UK,STNDF
SANTANDER UK PLC,STNDF
SANTANDER UK PLC,SNTUF
SANTECH,STEC
SANTECH HOLDINGS,STEC
SANTECH HOLDINGS LTD,STEC
SANUWAVE,SNWV
SANUWAVE HEALTH INC,SNWV
"SANUWAVE HEALTH,",SNWV
"SANUWAVE HEALTH, INC.",SNWV
SANWIRE,SNWR
SANWIRE CORP,SNWR
SAP,SAP
SAP,SAPGF
SAP SE,SAP
SAP SE,SAPGF
SAPIENS,SPNS
SAPIENS INTERNATIONAL,SPNS
SAPIENS INTERNATIONAL CORP N V,SPNS
SARATOGA,SAR
SARATOGA,SAY
SARATOGA,SAT
SARATOGA,SAJ
SARATOGA,SAZ
SARATOGA INVESTMENT,SAZ
SARATOGA INVESTMENT,SAR
SARATOGA INVESTMENT,SAY
SARATOGA INVESTMENT,SAT
SARATOGA INVESTMENT,SAJ
SARATOGA INVESTMENT CORP,SAT
SARATOGA INVESTMENT CORP,SAR
SARATOGA INVESTMENT CORP,SAZ
SARATOGA INVESTMENT CORP,SAY
SARATOGA INVESTMENT CORP,SAJ
SARATOGA INVESTMENT CORP.,SAR
SARATOGA INVESTMENT CORP.,SAY
SARATOGA INVESTMENT CORP.,SAJ
SARATOGA INVESTMENT CORP.,SAZ
SARATOGA INVESTMENT CORP.,SAT
SAREPTA,SRPT
SAREPTA THERAPEUTICS INC,SRPT
"SAREPTA THERAPEUTICS,",SRPT
"SAREPTA THERAPEUTICS, INC.",SRPT
SARTORIUS,SOAGY
SARTORIUS AG/ADR,SOAGY
SARTORIUS AGADR,SOAGY
SASOL,SSL
SASOL,SASOF
SASOL LTD,SSL
SASOL LTD,SASOF
SATELLOGIC,SATLW
SATELLOGIC,SATL
SATELLOGIC INC,SATL
SATELLOGIC INC,SATLW
SATELLOGIC INC.,SATL
SATELLOGIC INC.,SATLW
SATELLOS,MSCLF
SATELLOS BIOSCIENCE,MSCLF
SATELLOS BIOSCIENCE INC,MSCLF
SATELLOS BIOSCIENCE INC.,MSCLF
SATIVUS,SATT
SATIVUS TECH,SATT
SATIVUS TECH CORP,SATT
SATIVUS TECH CORP.,SATT
SATIXFY,STXYF
SATIXFY,SATX
SATIXFY COMMUNICATIONS,STXYF
SATIXFY COMMUNICATIONS,SATX
SATIXFY COMMUNICATIONS LTD,SATX
SATIXFY COMMUNICATIONS LTD,STXYF
SATIXFY COMMUNICATIONS LTD.,SATX
SATIXFY COMMUNICATIONS LTD.,STXYF
SATURN,OILSF
SATURN OIL,OILSF
SATURN OIL  GAS INC,OILSF
SATURN OIL & GAS INC.,OILSF
SAUL,BFS
SAUL CENTERS INC,BFS
"SAUL CENTERS,",BFS
"SAUL CENTERS, INC.",BFS
SAVARA,SVRA
SAVARA INC,SVRA
SAVERONE,SVRE
SAVERONE,SVREW
SAVERONE 2014,SVREW
SAVERONE 2014,SVRE
SAVERONE 2014 LTD,SVRE
SAVERONE 2014 LTD,SVREW
SAVERONE 2014 LTD.,SVREW
SAVERONE 2014 LTD.,SVRE
SAVERS,SVV
SAVERS VALUE,SVV
SAVERS VALUE VILLAGE INC,SVV
"SAVERS VALUE VILLAGE, INC.",SVV
SAXON,SCGX
SAXON CAPITAL,SCGX
SAXON CAPITAL GROUP INC,SCGX
SAYONA,SYAXF
SAYONA MINING,SYAXF
SAYONA MINING LTD,SYAXF
SB FINANCIAL GROUP INC,SBFG
"SB FINANCIAL GROUP, INC.",SBFG
SBA,SBAC
SBA COMMUNICATIONS,SBAC
SBA COMMUNICATIONS CORP,SBAC
SBC,SBC
SBC,SBCWW
SBC MEDICAL,SBC
SBC MEDICAL,SBCWW
SBC MEDICAL GROUP,SBCWW
SBC MEDICAL GROUP,SBC
SBC MEDICAL GROUP HOLDINGS INC,SBCWW
SBC MEDICAL GROUP HOLDINGS INC,SBC
SCAGE,SCAG
SCAGE FUTURE,SCAG
SCANDIUM,SCYYF
SCANDIUM INTERNATIONAL,SCYYF
SCANDIUM INTERNATIONAL MINING CORP,SCYYF
SCANDIUM INTERNATIONAL MINING CORP.,SCYYF
SCANSOURCE INC,SCSC
"SCANSOURCE,",SCSC
"SCANSOURCE, INC.",SCSC
SCANTECH,STAI
SCANTECH AI SYSTEMS INC,STAI
SCANTECH AI SYSTEMS INC.,STAI
SCB,SCXBF
SCB,SCBXY
SCB X PUBLIC CO,SCBXY
SCB X PUBLIC CO,SCXBF
SCB X PUBLIC CO LTD,SCXBF
SCB X PUBLIC CO LTD,SCBXY
SCEPTER,BRZL
SCEPTER,BRZLD
SCEPTER HOLDINGS INC,BRZL
SCEPTER HOLDINGS INC,BRZLD
"SCEPTER HOLDINGS,",BRZLD
"SCEPTER HOLDINGS,",BRZL
"SCEPTER HOLDINGS, INC. NV",BRZLD
"SCEPTER HOLDINGS, INC. NV",BRZL
SCHIBSTED,SBBTF
SCHIBSTED,SBSNF
SCHIBSTED ASA,SBSNF
SCHIBSTED ASA,SBBTF
SCHIBSTED ASA  ADR,SBSNF
SCHIBSTED ASA  ADR,SBBTF
SCHIBSTED ASA / ADR,SBSNF
SCHIBSTED ASA / ADR,SBBTF
SCHINDLER,SHLRF
SCHINDLER,SHLAF
SCHINDLER HOLDING,SHLAF
SCHINDLER HOLDING,SHLRF
SCHINDLER HOLDING AG/ADR,SHLAF
SCHINDLER HOLDING AG/ADR,SHLRF
SCHINDLER HOLDING AGADR,SHLAF
SCHINDLER HOLDING AGADR,SHLRF
SCHLUMBERGER,SLB
SCHLUMBERGER LIMITED/NV,SLB
SCHLUMBERGER LIMITEDNV,SLB
SCHMID,SHMDW
SCHMID,SHMD
SCHMID GROUP,SHMDW
SCHMID GROUP,SHMD
SCHMID GROUP N.V.,SHMDW
SCHMID GROUP N.V.,SHMD
SCHMID GROUP NV,SHMDW
SCHMID GROUP NV,SHMD
SCHNEIDER,SNDR
SCHNEIDER NATIONAL INC,SNDR
"SCHNEIDER NATIONAL,",SNDR
"SCHNEIDER NATIONAL, INC.",SNDR
SCHOLAR,SRRK
SCHOLAR ROCK,SRRK
SCHOLAR ROCK HOLDING,SRRK
SCHOLAR ROCK HOLDING CORP,SRRK
SCHOLASTIC,SCHL
SCHOLASTIC CORP,SCHL
SCHOTT,STTPF
SCHOTT,SHTPY
SCHOTT PHARMA,SHTPY
SCHOTT PHARMA,STTPF
SCHOTT PHARMA AG  CO KGAAADR,SHTPY
SCHOTT PHARMA AG  CO KGAAADR,STTPF
SCHOTT PHARMA AG & CO. KGAA/ADR,SHTPY
SCHOTT PHARMA AG & CO. KGAA/ADR,STTPF
SCHRODINGER INC,SDGR
"SCHRODINGER,",SDGR
"SCHRODINGER, INC.",SDGR
SCHWAB,SCHW
SCHWAB CHARLES,SCHW
SCHWAB CHARLES CORP,SCHW
SCI,SCIA
SCI ENGINEERED,SCIA
SCI ENGINEERED MATERIALS INC,SCIA
"SCI ENGINEERED MATERIALS, INC.",SCIA
SCIENCE,SAIC
SCIENCE APPLICATIONS,SAIC
SCIENCE APPLICATIONS INTERNATIONAL CORP,SAIC
SCIENJOY,SJ
SCIENJOY HOLDING,SJ
SCIENJOY HOLDING CORP,SJ
SCIENTIFIC,SCND
SCIENTIFIC,SCGY
SCIENTIFIC ENERGY,SCGY
"SCIENTIFIC ENERGY,",SCGY
"SCIENTIFIC ENERGY, INC",SCGY
SCIENTIFIC INDUSTRIES,SCND
SCIENTIFIC INDUSTRIES INC,SCND
SCIENTURE,SCNX
SCIENTURE HOLDINGS INC,SCNX
"SCIENTURE HOLDINGS,",SCNX
"SCIENTURE HOLDINGS, INC.",SCNX
SCILEX,SCLX
SCILEX,SCLXW
SCILEX HOLDING,SCLX
SCILEX HOLDING,SCLXW
SCILEX HOLDING CO,SCLXW
SCILEX HOLDING CO,SCLX
SCINAI,SCNI
SCINAI IMMUNOTHERAPEUTICS,SCNI
SCINAI IMMUNOTHERAPEUTICS LTD,SCNI
SCINAI IMMUNOTHERAPEUTICS LTD.,SCNI
SCISPARC,SPRC
SCISPARC LTD,SPRC
SCISPARC LTD.,SPRC
SCORPIO,STNG
SCORPIO TANKERS,STNG
SCORPIO TANKERS INC,STNG
SCORPIO TANKERS INC.,STNG
SCORPIUS,SCPX
SCORPIUS HOLDINGS INC,SCPX
"SCORPIUS HOLDINGS,",SCPX
"SCORPIUS HOLDINGS, INC.",SCPX
SCOTTS,SMG
SCOTTS MIRACLE-GRO,SMG
SCOTTS MIRACLE-GRO CO,SMG
SCOTTS MIRACLEGRO,SMG
SCPHARMACEUTICALS,SCPH
SCPHARMACEUTICALS INC,SCPH
SCPHARMACEUTICALS INC.,SCPH
SCSK,SCSKF
SCSK,SCSXY
SCSK CORPORATION/ADR,SCSXY
SCSK CORPORATION/ADR,SCSKF
SCSK CORPORATIONADR,SCSXY
SCSK CORPORATIONADR,SCSKF
SCULLY,SRL
SCULLY ROYALTY,SRL
SCULLY ROYALTY LTD,SRL
SCULLY ROYALTY LTD.,SRL
SCWORX,WORX
SCWORX CORP,WORX
SCWORX CORP.,WORX
SCYNEXIS,SCYX
SCYNEXIS INC,SCYX
SEA,SE
SEA LTD,SE
SEABOARD,SEB
SEABOARD CORP,SEB
SEABOARD CORP /DE/,SEB
SEABOARD CORP DE,SEB
SEABRIDGE,SA
SEABRIDGE GOLD,SA
SEABRIDGE GOLD INC,SA
SEACOAST,SBCF
SEACOAST BANKING,SBCF
SEACOAST BANKING CORP OF FLORIDA,SBCF
SEACOR,SMHI
SEACOR MARINE,SMHI
SEACOR MARINE HOLDINGS INC,SMHI
SEACOR MARINE HOLDINGS INC.,SMHI
SEADRILL,SDRL
SEADRILL LTD,SDRL
SEAFARER,SFRX
SEAFARER EXPLORATION,SFRX
SEAFARER EXPLORATION CORP,SFRX
SEAGATE,STX
SEAGATE TECHNOLOGY,STX
SEAGATE TECHNOLOGY HOLDINGS PLC,STX
SEALED,SEE
SEALED AIR,SEE
SEALED AIR CORP/DE,SEE
SEALED AIR CORPDE,SEE
SEALSQ,LAES
SEALSQ CORP,LAES
SEANERGY,SHIP
SEANERGY MARITIME,SHIP
SEANERGY MARITIME HOLDINGS CORP,SHIP
SEANERGY MARITIME HOLDINGS CORP.,SHIP
SEAPORT,SEG
SEAPORT ENTERTAINMENT,SEG
SEAPORT ENTERTAINMENT GROUP INC,SEG
SEAPORT ENTERTAINMENT GROUP INC.,SEG
SEASTAR,ICUCW
SEASTAR,ICU
SEASTAR MEDICAL,ICU
SEASTAR MEDICAL,ICUCW
SEASTAR MEDICAL HOLDING,ICU
SEASTAR MEDICAL HOLDING,ICUCW
SEASTAR MEDICAL HOLDING CORP,ICUCW
SEASTAR MEDICAL HOLDING CORP,ICU
SEATECH,SEAV
SEATECH VENTURES,SEAV
SEATECH VENTURES CORP,SEAV
SEATECH VENTURES CORP.,SEAV
SECTRA,STKTF
SECTRA,SCTAY
SECTRA AB/ADR,SCTAY
SECTRA AB/ADR,STKTF
SECTRA ABADR,SCTAY
SECTRA ABADR,STKTF
SECURETECH,SCTH
SECURETECH INNOVATIONS INC,SCTH
"SECURETECH INNOVATIONS,",SCTH
"SECURETECH INNOVATIONS, INC.",SCTH
SECURITY,SFDL
SECURITY,SNFCA
SECURITY FEDERAL,SFDL
SECURITY FEDERAL CORP,SFDL
SECURITY NATIONAL,SNFCA
SECURITY NATIONAL FINANCIAL CORP,SNFCA
SEEK,SKLTF
SEEK LTD,SKLTF
SEER INC,SEER
"SEER,",SEER
"SEER, INC.",SEER
SEI,SEIC
SEI INVESTMENTS,SEIC
SEI INVESTMENTS CO,SEIC
SEKUR,SWISF
SEKUR PRIVATE,SWISF
SEKUR PRIVATE DATA LTD,SWISF
SEKUR PRIVATE DATA LTD.,SWISF
SELECT,SEM
SELECT,WTTR
SELECT MEDICAL,SEM
SELECT MEDICAL HOLDINGS CORP,SEM
SELECT WATER,WTTR
SELECT WATER SOLUTIONS INC,WTTR
"SELECT WATER SOLUTIONS, INC.",WTTR
SELECTIS,GBCS
SELECTIS HEALTH INC,GBCS
"SELECTIS HEALTH,",GBCS
"SELECTIS HEALTH, INC.",GBCS
SELECTIVE,SIGIP
SELECTIVE,SIGI
SELECTIVE INSURANCE,SIGI
SELECTIVE INSURANCE,SIGIP
SELECTIVE INSURANCE GROUP INC,SIGIP
SELECTIVE INSURANCE GROUP INC,SIGI
SELECTQUOTE INC,SLQT
"SELECTQUOTE,",SLQT
"SELECTQUOTE, INC.",SLQT
SELLAS,SLS
SELLAS LIFE,SLS
SELLAS LIFE SCIENCES GROUP INC,SLS
"SELLAS LIFE SCIENCES GROUP, INC.",SLS
SEMILEDS,LEDS
SEMILEDS CORP,LEDS
SEMILUX,SELX
SEMILUX INTERNATIONAL,SELX
SEMILUX INTERNATIONAL LTD,SELX
SEMILUX INTERNATIONAL LTD.,SELX
SEMLER,SMLR
SEMLER SCIENTIFIC INC,SMLR
"SEMLER SCIENTIFIC,",SMLR
"SEMLER SCIENTIFIC, INC.",SMLR
SEMPRA,SREA
SEMPRA,SRE
SEMRUSH,SEMR
SEMRUSH HOLDINGS INC,SEMR
"SEMRUSH HOLDINGS,",SEMR
"SEMRUSH HOLDINGS, INC.",SEMR
SEMTECH,SMTC
SEMTECH CORP,SMTC
SENDAS,ASAIY
SENDAS DISTRIBUTOR,ASAIY
SENDAS DISTRIBUTOR S.A.,ASAIY
SENDAS DISTRIBUTOR SA,ASAIY
SENECA,SNNF
SENECA,SENEA
SENECA,SENEM
SENECA,SENEL
SENECA,SENEB
SENECA BANCORP INC,SNNF
"SENECA BANCORP,",SNNF
"SENECA BANCORP, INC.",SNNF
SENECA FOODS,SENEA
SENECA FOODS,SENEL
SENECA FOODS,SENEB
SENECA FOODS,SENEM
SENECA FOODS CORP,SENEB
SENECA FOODS CORP,SENEA
SENECA FOODS CORP,SENEL
SENECA FOODS CORP,SENEM
SENESTECH INC,SNES
"SENESTECH,",SNES
"SENESTECH, INC.",SNES
SENIOR,SNIRF
SENIOR PLC,SNIRF
SENMIAO,AIHS
SENMIAO TECHNOLOGY,AIHS
SENMIAO TECHNOLOGY LTD,AIHS
SENSATA,ST
SENSATA TECHNOLOGIES,ST
SENSATA TECHNOLOGIES HOLDING,ST
SENSATA TECHNOLOGIES HOLDING PLC,ST
SENSEI,SNSE
SENSEI BIOTHERAPEUTICS INC,SNSE
"SENSEI BIOTHERAPEUTICS,",SNSE
"SENSEI BIOTHERAPEUTICS, INC.",SNSE
SENSEONICS,SENS
SENSEONICS HOLDINGS INC,SENS
"SENSEONICS HOLDINGS,",SENS
"SENSEONICS HOLDINGS, INC.",SENS
SENSIENT,SXT
SENSIENT TECHNOLOGIES,SXT
SENSIENT TECHNOLOGIES CORP,SXT
SENSTAR,SNT
SENSTAR TECHNOLOGIES,SNT
SENSTAR TECHNOLOGIES CORP,SNT
SENSUS,SRTS
SENSUS HEALTHCARE INC,SRTS
"SENSUS HEALTHCARE,",SRTS
"SENSUS HEALTHCARE, INC.",SRTS
SENTAGE,SNTG
SENTAGE HOLDINGS,SNTG
SENTAGE HOLDINGS INC,SNTG
SENTAGE HOLDINGS INC.,SNTG
SENTI,SNTI
SENTI BIOSCIENCES INC,SNTI
"SENTI BIOSCIENCES,",SNTI
"SENTI BIOSCIENCES, INC.",SNTI
SENTIENT,SNBH
SENTIENT BRANDS,SNBH
SENTIENT BRANDS HOLDINGS INC,SNBH
SENTIENT BRANDS HOLDINGS INC.,SNBH
SENTINEL,SNTL
SENTINEL HOLDINGS,SNTL
SENTINEL HOLDINGS LTD,SNTL
SENTINEL HOLDINGS LTD.,SNTL
SENTINELONE INC,S
"SENTINELONE,",S
"SENTINELONE, INC.",S
SEPTERNA INC,SEPN
"SEPTERNA,",SEPN
"SEPTERNA, INC.",SEPN
SEQUANS,SQNS
SEQUANS COMMUNICATIONS,SQNS
SERA,SERA
SERA PROGNOSTICS INC,SERA
"SERA PROGNOSTICS,",SERA
"SERA PROGNOSTICS, INC.",SERA
SERES,MCRB
SERES THERAPEUTICS INC,MCRB
"SERES THERAPEUTICS,",MCRB
"SERES THERAPEUTICS, INC.",MCRB
SERINA,SER
SERINA THERAPEUTICS INC,SER
"SERINA THERAPEUTICS,",SER
"SERINA THERAPEUTICS, INC.",SER
SERITAGE,SRG
SERITAGE GROWTH,SRG
SERITAGE GROWTH PROPERTIES,SRG
SERNOVA,SEOVF
SERNOVA CORP,SEOVF
SERNOVA CORP.,SEOVF
SERVE,SERV
SERVE ROBOTICS,SERV
SERVE ROBOTICS INC DE,SERV
SERVE ROBOTICS INC. /DE/,SERV
SERVICE,SCI
SERVICE,SVC
SERVICE CORP,SCI
SERVICE CORP INTERNATIONAL,SCI
SERVICE PROPERTIES,SVC
SERVICE PROPERTIES TRUST,SVC
SERVICENOW INC,NOW
"SERVICENOW,",NOW
"SERVICENOW, INC.",NOW
SERVICETITAN INC,TTAN
"SERVICETITAN,",TTAN
"SERVICETITAN, INC.",TTAN
SERVISFIRST,SFBS
SERVISFIRST BANCSHARES INC,SFBS
"SERVISFIRST BANCSHARES,",SFBS
"SERVISFIRST BANCSHARES, INC.",SFBS
SERVOTRONICS,SVT
SERVOTRONICS INC,SVT
SERVOTRONICS INC /DE/,SVT
SERVOTRONICS INC DE,SVT
SES,SGBAF
SES,SES
SES AI,SES
SES AI CORP,SES
SES S.A.,SGBAF
SES SA,SGBAF
SEVEN,SVNDF
SEVEN,SEVN
SEVEN  I HOLDINGS CO,SVNDF
SEVEN & I HOLDINGS CO LTD,SVNDF
SEVEN HILLS,SEVN
SEVEN HILLS REALTY TRUST,SEVN
SEZZLE,SEZL
SEZZLE INC,SEZL
SEZZLE INC.,SEZL
SFL,SFL
SFL CORP,SFL
SFL CORP LTD,SFL
SFL CORP LTD.,SFL
SHAKE,SHAK
SHAKE SHACK,SHAK
SHAKE SHACK INC,SHAK
SHAKE SHACK INC.,SHAK
SHANGHAI,SFDMF
SHANGHAI,SFDMY
SHANGHAI FUDAN,SFDMF
SHANGHAI FUDAN,SFDMY
SHANGHAI FUDAN MICROELECTRONICS CO LIMITED/ADR/,SFDMF
SHANGHAI FUDAN MICROELECTRONICS CO LIMITED/ADR/,SFDMY
SHANGHAI FUDAN MICROELECTRONICS CO LIMITEDADR,SFDMY
SHANGHAI FUDAN MICROELECTRONICS CO LIMITEDADR,SFDMF
SHARKNINJA INC,SN
"SHARKNINJA,",SN
"SHARKNINJA, INC.",SN
SHARPLINK,SBET
SHARPLINK GAMING INC,SBET
"SHARPLINK GAMING,",SBET
"SHARPLINK GAMING, INC.",SBET
SHARPS,STSS
SHARPS,STSSW
SHARPS TECHNOLOGY,STSS
SHARPS TECHNOLOGY,STSSW
SHARPS TECHNOLOGY INC,STSS
SHARPS TECHNOLOGY INC,STSSW
SHARPS TECHNOLOGY INC.,STSSW
SHARPS TECHNOLOGY INC.,STSS
SHATTUCK,STTK
SHATTUCK LABS INC,STTK
"SHATTUCK LABS,",STTK
"SHATTUCK LABS, INC.",STTK
SHELL,RYDAF
SHELL,SHEL
SHELL PLC,RYDAF
SHELL PLC,SHEL
SHENANDOAH,SHEN
SHENANDOAH TELECOMMUNICATIONS,SHEN
SHENANDOAH TELECOMMUNICATIONS CO/VA/,SHEN
SHENANDOAH TELECOMMUNICATIONS COVA,SHEN
SHENGFENG,SFWL
SHENGFENG DEVELOPMENT,SFWL
SHENGFENG DEVELOPMENT LTD,SFWL
SHERWIN,SHW
SHERWIN WILLIAMS,SHW
SHERWIN WILLIAMS CO,SHW
SHF,SHFSW
SHF,SHFS
SHF HOLDINGS INC,SHFS
SHF HOLDINGS INC,SHFSW
"SHF HOLDINGS,",SHFS
"SHF HOLDINGS,",SHFSW
"SHF HOLDINGS, INC.",SHFS
"SHF HOLDINGS, INC.",SHFSW
SHIFT4,FOUR
SHIFT4 PAYMENTS INC,FOUR
"SHIFT4 PAYMENTS,",FOUR
"SHIFT4 PAYMENTS, INC.",FOUR
SHIMADZU,SHMZF
SHIMADZU,SHMXY
SHIMADZU CORPORATION/ADR,SHMZF
SHIMADZU CORPORATION/ADR,SHMXY
SHIMADZU CORPORATIONADR,SHMZF
SHIMADZU CORPORATIONADR,SHMXY
SHIMMICK,SHIM
SHIMMICK CORP,SHIM
SHINECO INC,SISI
"SHINECO,",SISI
"SHINECO, INC.",SISI
SHINHAN,SHG
SHINHAN FINANCIAL,SHG
SHINHAN FINANCIAL GROUP CO,SHG
SHINHAN FINANCIAL GROUP CO LTD,SHG
SHIONOGI,SGIOF
SHIONOGI  CO,SGIOF
SHIONOGI & CO LTD,SGIOF
SHOALS,SHLS
SHOALS TECHNOLOGIES,SHLS
SHOALS TECHNOLOGIES GROUP INC,SHLS
"SHOALS TECHNOLOGIES GROUP, INC.",SHLS
SHOE,SCVL
SHOE CARNIVAL,SCVL
SHOE CARNIVAL INC,SCVL
SHOPIFY,SHOP
SHOPIFY INC,SHOP
SHOPIFY INC.,SHOP
SHORE,SHBI
SHORE BANCSHARES,SHBI
SHORE BANCSHARES INC,SHBI
SHOREPOWER,SPEV
SHOREPOWER TECHNOLOGIES,SPEV
SHOREPOWER TECHNOLOGIES INC,SPEV
SHOREPOWER TECHNOLOGIES INC.,SPEV
SHOULDERUP,SUAC
SHOULDERUP,SUACU
SHOULDERUP,SUACW
SHOULDERUP TECHNOLOGY,SUACW
SHOULDERUP TECHNOLOGY,SUACU
SHOULDERUP TECHNOLOGY,SUAC
SHOULDERUP TECHNOLOGY ACQUISITION CORP,SUAC
SHOULDERUP TECHNOLOGY ACQUISITION CORP,SUACU
SHOULDERUP TECHNOLOGY ACQUISITION CORP,SUACW
SHOULDERUP TECHNOLOGY ACQUISITION CORP.,SUACU
SHOULDERUP TECHNOLOGY ACQUISITION CORP.,SUAC
SHOULDERUP TECHNOLOGY ACQUISITION CORP.,SUACW
SHUTTERSTOCK INC,SSTK
"SHUTTERSTOCK,",SSTK
"SHUTTERSTOCK, INC.",SSTK
SHUTTLE,SHPH
SHUTTLE PHARMACEUTICALS,SHPH
SHUTTLE PHARMACEUTICALS HOLDINGS INC,SHPH
"SHUTTLE PHARMACEUTICALS HOLDINGS, INC.",SHPH
SHYFT,SHYF
SHYFT GROUP INC,SHYF
"SHYFT GROUP,",SHYF
"SHYFT GROUP, INC.",SHYF
"SI-BONE,",SIBN
"SI-BONE, INC.",SIBN
SIAM,CPAXF
SIAM,CPXTF
SIAM MAKRO,CPAXF
SIAM MAKRO,CPXTF
SIAM MAKRO PUBLIC CO LIMITED/ADR,CPXTF
SIAM MAKRO PUBLIC CO LIMITED/ADR,CPAXF
SIAM MAKRO PUBLIC CO LIMITEDADR,CPXTF
SIAM MAKRO PUBLIC CO LIMITEDADR,CPAXF
SIBANNAC INC,SNNC
"SIBANNAC,",SNNC
"SIBANNAC, INC.",SNNC
SIBANYE,SBYSF
SIBANYE,SBSW
SIBANYE STILLWATER,SBYSF
SIBANYE STILLWATER,SBSW
SIBANYE STILLWATER LTD,SBYSF
SIBANYE STILLWATER LTD,SBSW
SIBONE INC,SIBN
SIDDHI,SDHIR
SIDDHI,SDHIU
SIDDHI,SDHI
SIDDHI ACQUISITION,SDHIR
SIDDHI ACQUISITION,SDHI
SIDDHI ACQUISITION,SDHIU
SIDDHI ACQUISITION CORP (CAYMAN ISLANDS),SDHIR
SIDDHI ACQUISITION CORP (CAYMAN ISLANDS),SDHIU
SIDDHI ACQUISITION CORP (CAYMAN ISLANDS),SDHI
SIDDHI ACQUISITION CORP CAYMAN ISLANDS,SDHI
SIDDHI ACQUISITION CORP CAYMAN ISLANDS,SDHIU
SIDDHI ACQUISITION CORP CAYMAN ISLANDS,SDHIR
SIDECHANNEL INC,SDCH
"SIDECHANNEL,",SDCH
"SIDECHANNEL, INC.",SDCH
SIDUS,SIDU
SIDUS SPACE,SIDU
SIDUS SPACE INC,SIDU
SIDUS SPACE INC.,SIDU
SIEBERT,SIEB
SIEBERT FINANCIAL,SIEB
SIEBERT FINANCIAL CORP,SIEB
SIERRA,BSRR
SIERRA,SMTSF
SIERRA BANCORP,BSRR
SIERRA METALS,SMTSF
SIERRA METALS INC,SMTSF
SIERRA METALS INC.,SMTSF
SIFCO,SIF
SIFCO INDUSTRIES,SIF
SIFCO INDUSTRIES INC,SIF
SIFY,SIFY
SIFY TECHNOLOGIES,SIFY
SIFY TECHNOLOGIES LTD,SIFY
SIGA,SIGA
SIGA TECHNOLOGIES,SIGA
SIGA TECHNOLOGIES INC,SIGA
SIGHT,SGHT
SIGHT SCIENCES INC,SGHT
"SIGHT SCIENCES,",SGHT
"SIGHT SCIENCES, INC.",SGHT
SIGMA,SGML
SIGMA LITHIUM,SGML
SIGMA LITHIUM CORP,SGML
SIGMATRON,SGMA
SIGMATRON INTERNATIONAL,SGMA
SIGMATRON INTERNATIONAL INC,SGMA
SIGNET,SIG
SIGNET JEWELERS,SIG
SIGNET JEWELERS LTD,SIG
SIGNING,SGN
SIGNING DAY,SGN
SIGNING DAY SPORTS INC,SGN
"SIGNING DAY SPORTS, INC.",SGN
SIGYN,SIGY
SIGYN THERAPEUTICS INC,SIGY
"SIGYN THERAPEUTICS,",SIGY
"SIGYN THERAPEUTICS, INC.",SIGY
SILA,SILA
SILA REALTY,SILA
SILA REALTY TRUST INC,SILA
"SILA REALTY TRUST, INC.",SILA
SILENCE,SLNCF
SILENCE,SLN
SILENCE THERAPEUTICS,SLNCF
SILENCE THERAPEUTICS,SLN
SILENCE THERAPEUTICS PLC,SLNCF
SILENCE THERAPEUTICS PLC,SLN
SILEXION,SLXNW
SILEXION,SLXN
SILEXION THERAPEUTICS,SLXNW
SILEXION THERAPEUTICS,SLXN
SILEXION THERAPEUTICS CORP,SLXNW
SILEXION THERAPEUTICS CORP,SLXN
SILGAN,SLGN
SILGAN HOLDINGS,SLGN
SILGAN HOLDINGS INC,SLGN
SILICOM,SILC
SILICOM LTD,SILC
SILICOM LTD.,SILC
SILICON,SIMO
SILICON,SLAB
SILICON LABORATORIES,SLAB
SILICON LABORATORIES INC,SLAB
SILICON LABORATORIES INC.,SLAB
SILICON MOTION,SIMO
SILICON MOTION TECHNOLOGY,SIMO
SILICON MOTION TECHNOLOGY CORP,SIMO
SILO,SILO
SILO PHARMA INC,SILO
"SILO PHARMA,",SILO
"SILO PHARMA, INC.",SILO
SILVACO,SVCO
SILVACO GROUP INC,SVCO
"SILVACO GROUP,",SVCO
"SILVACO GROUP, INC.",SVCO
SILVER,SVBL
SILVER,AGMWF
SILVER,AGMRF
SILVER,HAMRF
SILVER,SILEF
SILVER,TARSF
SILVER,VIPRF
SILVER,SVRSF
SILVER,AGXPF
SILVER BULL,SVBL
SILVER BULL RESOURCES INC,SVBL
"SILVER BULL RESOURCES, INC.",SVBL
SILVER ELEPHANT,SILEF
SILVER ELEPHANT MINING CORP,SILEF
SILVER ELEPHANT MINING CORP.,SILEF
SILVER HAMMER,HAMRF
SILVER HAMMER MINING,HAMRF
SILVER HAMMER MINING CORP,HAMRF
SILVER MOUNTAIN,AGMRF
SILVER MOUNTAIN,AGMWF
SILVER MOUNTAIN RESOURCES INC,AGMRF
SILVER MOUNTAIN RESOURCES INC,AGMWF
"SILVER MOUNTAIN RESOURCES, INC.",AGMWF
"SILVER MOUNTAIN RESOURCES, INC.",AGMRF
SILVER NORTH,TARSF
SILVER NORTH RESOURCES LTD,TARSF
SILVER NORTH RESOURCES LTD.,TARSF
SILVER STORM,SVRSF
SILVER STORM MINING LTD,SVRSF
SILVER STORM MINING LTD.,SVRSF
SILVER VIPER,VIPRF
SILVER VIPER MINERALS CORP,VIPRF
SILVER VIPER MINERALS CORP.,VIPRF
SILVER X MINING CORP,AGXPF
SILVER X MINING CORP.,AGXPF
SILVERBOX,SBXD
SILVERBOX CORP,SBXD
SILVERBOX CORP IV,SBXD
SILVERCORP,SVM
SILVERCORP METALS,SVM
SILVERCORP METALS INC,SVM
SILVERCREST,SAMG
SILVERCREST ASSET,SAMG
SILVERCREST ASSET MANAGEMENT GROUP INC,SAMG
SILVERCREST ASSET MANAGEMENT GROUP INC.,SAMG
SILVERTON,SLTN
SILVERTON ENERGY INC,SLTN
"SILVERTON ENERGY,",SLTN
"SILVERTON ENERGY, INC.",SLTN
SILYNXCOM,SYNX
SILYNXCOM LTD,SYNX
SILYNXCOM LTD.,SYNX
SIM,SIMA
SIM,SIMAW
SIM,SIMAU
SIM ACQUISITION,SIMA
SIM ACQUISITION,SIMAW
SIM ACQUISITION,SIMAU
SIM ACQUISITION CORP I,SIMAW
SIM ACQUISITION CORP I,SIMA
SIM ACQUISITION CORP I,SIMAU
SIM ACQUISITION CORP. I,SIMAW
SIM ACQUISITION CORP. I,SIMAU
SIM ACQUISITION CORP. I,SIMA
SIMILARWEB,SMWB
SIMILARWEB LTD,SMWB
SIMILARWEB LTD.,SMWB
SIMMONS,SFNC
SIMMONS FIRST,SFNC
SIMMONS FIRST NATIONAL,SFNC
SIMMONS FIRST NATIONAL CORP,SFNC
SIMON,SPG
SIMON PROPERTY,SPG
SIMON PROPERTY GROUP INC /DE/,SPG
SIMON PROPERTY GROUP INC DE,SPG
SIMPLY,TRBRF
SIMPLY,SMPL
SIMPLY,SBBCF
SIMPLY BETTER,TRBRF
SIMPLY BETTER,SBBCF
SIMPLY BETTER BRANDS CORP,TRBRF
SIMPLY BETTER BRANDS CORP,SBBCF
SIMPLY BETTER BRANDS CORP.,SBBCF
SIMPLY BETTER BRANDS CORP.,TRBRF
SIMPLY GOOD,SMPL
SIMPLY GOOD FOODS,SMPL
SIMPLY GOOD FOODS CO,SMPL
SIMPPLE,SPPL
SIMPPLE LTD,SPPL
SIMPPLE LTD.,SPPL
SIMPSON,SSD
SIMPSON MANUFACTURING,SSD
SIMPSON MANUFACTURING CO INC,SSD
"SIMPSON MANUFACTURING CO., INC.",SSD
SIMULATIONS,SLP
SIMULATIONS PLUS INC,SLP
"SIMULATIONS PLUS,",SLP
"SIMULATIONS PLUS, INC.",SLP
SINCERITY,SINC
SINCERITY APPLIED,SINC
SINCERITY APPLIED MATERIALS HOLDINGS CORP,SINC
SINCERITY APPLIED MATERIALS HOLDINGS CORP.,SINC
SINCLAIR INC,SBGI
"SINCLAIR,",SBGI
"SINCLAIR, INC.",SBGI
SINGLEPOINT,SING
SINGLEPOINT INC,SING
SINGLEPOINT INC.,SING
SINGULARITY,SGLY
SINGULARITY FUTURE,SGLY
SINGULARITY FUTURE TECHNOLOGY LTD,SGLY
SINGULARITY FUTURE TECHNOLOGY LTD.,SGLY
SINO,SGLA
SINO GREEN,SGLA
SINO GREEN LAND CORP,SGLA
SINO GREEN LAND CORP.,SGLA
SINOPEC,SPTJF
SINOPEC SHANGHAI,SPTJF
SINOPEC SHANGHAI PETROCHEMICAL CO,SPTJF
SINOPEC SHANGHAI PETROCHEMICAL CO LTD,SPTJF
SINOVAC,SVA
SINOVAC BIOTECH,SVA
SINOVAC BIOTECH LTD,SVA
SINTX,SINT
SINTX TECHNOLOGIES INC,SINT
"SINTX TECHNOLOGIES,",SINT
"SINTX TECHNOLOGIES, INC.",SINT
SIONNA,SION
SIONNA THERAPEUTICS INC,SION
"SIONNA THERAPEUTICS,",SION
"SIONNA THERAPEUTICS, INC.",SION
SIPP,SIPN
SIPP INTERNATIONAL,SIPN
SIPP INTERNATIONAL INDUSTRIES INC,SIPN
"SIPP INTERNATIONAL INDUSTRIES, INC.",SIPN
SIRIOS,SIREF
SIRIOS RESOURCES,SIREF
SIRIOS RESOURCES INC,SIREF
SIRIOS RESOURCES INC.,SIREF
SIRIUS,SIRI
SIRIUS XM HOLDINGS INC,SIRI
SIRIUS XM HOLDINGS INC.,SIRI
SIRIUSPOINT,SSPFF
SIRIUSPOINT,SPNT
SIRIUSPOINT LTD,SSPFF
SIRIUSPOINT LTD,SPNT
SITE,SITC
SITE CENTERS,SITC
SITE CENTERS CORP,SITC
SITE CENTERS CORP.,SITC
SITEONE,SITE
SITEONE LANDSCAPE,SITE
SITEONE LANDSCAPE SUPPLY INC,SITE
"SITEONE LANDSCAPE SUPPLY, INC.",SITE
SITIME,SITM
SITIME CORP,SITM
SITIO,STR
SITIO ROYALTIES,STR
SITIO ROYALTIES CORP,STR
SITIO ROYALTIES CORP.,STR
SITKA,SITKF
SITKA GOLD,SITKF
SITKA GOLD CORP,SITKF
SITKA GOLD CORP.,SITKF
SIX,FUN
SIX FLAGS,FUN
SIX FLAGS ENTERTAINMENT CORPORATION/NEW,FUN
SIX FLAGS ENTERTAINMENT CORPORATIONNEW,FUN
SIXTH,TSLX
SIXTH STREET,TSLX
SIXTH STREET SPECIALTY LENDING INC,TSLX
"SIXTH STREET SPECIALTY LENDING, INC.",TSLX
SIYATA,SYTA
SIYATA,SYTAW
SIYATA MOBILE,SYTAW
SIYATA MOBILE,SYTA
SIYATA MOBILE INC,SYTA
SIYATA MOBILE INC,SYTAW
SIYATA MOBILE INC.,SYTA
SIYATA MOBILE INC.,SYTAW
SIZZLE,SZZL
SIZZLE,SZZLR
SIZZLE,SZZLU
SIZZLE ACQUISITION,SZZL
SIZZLE ACQUISITION,SZZLR
SIZZLE ACQUISITION,SZZLU
SIZZLE ACQUISITION CORP II,SZZLR
SIZZLE ACQUISITION CORP II,SZZL
SIZZLE ACQUISITION CORP II,SZZLU
SIZZLE ACQUISITION CORP. II,SZZL
SIZZLE ACQUISITION CORP. II,SZZLR
SIZZLE ACQUISITION CORP. II,SZZLU
SK TELECOM CO,SKM
SK TELECOM CO,SKMTF
SK TELECOM CO LTD,SKM
SK TELECOM CO LTD,SKMTF
SKAN,SKNGY
SKAN GROUP,SKNGY
SKAN GROUP AG/ADR,SKNGY
SKAN GROUP AGADR,SKNGY
SKECHERS,SKX
SKECHERS USA,SKX
SKECHERS USA INC,SKX
SKEENA,SKE
SKEENA RESOURCES,SKE
SKEENA RESOURCES LTD,SKE
SKILLFUL,EDTK
SKILLFUL CRAFTSMAN,EDTK
SKILLFUL CRAFTSMAN EDUCATION TECHNOLOGY,EDTK
SKILLFUL CRAFTSMAN EDUCATION TECHNOLOGY LTD,EDTK
SKILLSOFT,SKIL
SKILLSOFT,SKILW
SKILLSOFT CORP,SKIL
SKILLSOFT CORP,SKILW
SKILLSOFT CORP.,SKILW
SKILLSOFT CORP.,SKIL
SKILLZ,SKLZ
SKILLZ INC,SKLZ
SKILLZ INC.,SKLZ
SKINVISIBLE INC,SKVI
"SKINVISIBLE,",SKVI
"SKINVISIBLE, INC.",SKVI
SKK,SKK
SKK HOLDINGS,SKK
SKK HOLDINGS LTD,SKK
SKKYNET,SKKY
SKKYNET CLOUD,SKKY
SKKYNET CLOUD SYSTEMS INC,SKKY
"SKKYNET CLOUD SYSTEMS, INC.",SKKY
SKY,SKYI
SKY,SKYQ
SKY,SKYH
SKY CENTURY,SKYI
SKY CENTURY INVESTMENT INC,SKYI
"SKY CENTURY INVESTMENT, INC.",SKYI
SKY HARBOUR,SKYH
SKY HARBOUR GROUP CORP,SKYH
SKY QUARRY,SKYQ
SKY QUARRY INC,SKYQ
SKY QUARRY INC.,SKYQ
SKYCORP,PN
SKYCORP SOLAR,PN
SKYCORP SOLAR GROUP LTD,PN
SKYE,SKYE
SKYE BIOSCIENCE INC,SKYE
"SKYE BIOSCIENCE,",SKYE
"SKYE BIOSCIENCE, INC.",SKYE
SKYHARBOUR,SYHBF
SKYHARBOUR RESOURCES,SYHBF
SKYHARBOUR RESOURCES LTD,SYHBF
SKYLINE,SLBK
SKYLINE,SKBL
SKYLINE BANKSHARES INC,SLBK
"SKYLINE BANKSHARES,",SLBK
"SKYLINE BANKSHARES, INC.",SLBK
SKYLINE BUILDERS,SKBL
SKYLINE BUILDERS GROUP HOLDING,SKBL
SKYLINE BUILDERS GROUP HOLDING LTD,SKBL
SKYWARD,SKWD
SKYWARD SPECIALTY,SKWD
SKYWARD SPECIALTY INSURANCE GROUP INC,SKWD
"SKYWARD SPECIALTY INSURANCE GROUP, INC.",SKWD
SKYWATER,SKYT
SKYWATER TECHNOLOGY,SKYT
"SKYWATER TECHNOLOGY,",SKYT
"SKYWATER TECHNOLOGY, INC",SKYT
SKYWEST,SKYW
SKYWEST INC,SKYW
SKYWORKS,SWKS
SKYWORKS SOLUTIONS INC,SWKS
"SKYWORKS SOLUTIONS,",SWKS
"SKYWORKS SOLUTIONS, INC.",SWKS
SKYX,SKYX
SKYX PLATFORMS,SKYX
SKYX PLATFORMS CORP,SKYX
SKYX PLATFORMS CORP.,SKYX
SL GREEN REALTY,SLG
SL GREEN REALTY CORP,SLG
SLAM,SLMWF
SLAM,SLAMF
SLAM,SLMUF
SLAM CORP,SLMWF
SLAM CORP,SLMUF
SLAM CORP,SLAMF
SLAM CORP.,SLMUF
SLAM CORP.,SLMWF
SLAM CORP.,SLAMF
SLEEP,SNBR
SLEEP NUMBER,SNBR
SLEEP NUMBER CORP,SNBR
SLIDE,SLDE
SLIDE INSURANCE,SLDE
SLIDE INSURANCE HOLDINGS INC,SLDE
"SLIDE INSURANCE HOLDINGS, INC.",SLDE
SLM,SLM
SLM,SLMBP
SLM CORP,SLMBP
SLM CORP,SLM
SLR,SLRC
SLR INVESTMENT,SLRC
SLR INVESTMENT CORP,SLRC
SLR INVESTMENT CORP.,SLRC
SM ENERGY,SM
SM ENERGY CO,SM
SM PRIME HOLDINGS INC./ADR,SPHXF
SM PRIME HOLDINGS INC./ADR,SMPHY
SM PRIME HOLDINGS INCADR,SPHXF
SM PRIME HOLDINGS INCADR,SMPHY
SMA,SMTGF
SMA SOLAR,SMTGF
SMA SOLAR TECHNOLOGY AG/ADR,SMTGF
SMA SOLAR TECHNOLOGY AGADR,SMTGF
SMART,SND
SMART,SDM
SMART,EM
SMART,CREG
SMART,SMFL
SMART DIGITAL,SDM
SMART DIGITAL GROUP LTD,SDM
SMART FOR,SMFL
SMART FOR LIFE INC,SMFL
"SMART FOR LIFE, INC.",SMFL
SMART POWERR,CREG
SMART POWERR CORP,CREG
SMART POWERR CORP.,CREG
SMART SAND INC,SND
"SMART SAND,",SND
"SMART SAND, INC.",SND
SMART SHARE,EM
SMART SHARE GLOBAL,EM
SMART SHARE GLOBAL LTD,EM
SMARTCARD,SMKG
SMARTCARD MARKETING,SMKG
SMARTCARD MARKETING SYSTEMS INC,SMKG
SMARTFINANCIAL,SMBK
SMARTFINANCIAL INC,SMBK
SMARTFINANCIAL INC.,SMBK
SMARTKEM INC,SMTK
"SMARTKEM,",SMTK
"SMARTKEM, INC.",SMTK
SMARTRENT INC,SMRT
"SMARTRENT,",SMRT
"SMARTRENT, INC.",SMRT
SMARTSTOP,SSST
SMARTSTOP,STSFF
SMARTSTOP,SMA
SMARTSTOP SELF,SSST
SMARTSTOP SELF,SMA
SMARTSTOP SELF,STSFF
SMARTSTOP SELF STORAGE REIT INC,SSST
SMARTSTOP SELF STORAGE REIT INC,STSFF
SMARTSTOP SELF STORAGE REIT INC,SMA
"SMARTSTOP SELF STORAGE REIT, INC.",SSST
"SMARTSTOP SELF STORAGE REIT, INC.",STSFF
"SMARTSTOP SELF STORAGE REIT, INC.",SMA
SMC,SMCE
SMC ENTERTAINMENT INC,SMCE
"SMC ENTERTAINMENT,",SMCE
"SMC ENTERTAINMENT, INC.",SMCE
SMITH,AOS
SMITH,SMSI
SMITH,SNNUF
SMITH,SWBI
SMITH,SDHC
SMITH,SNN
SMITH,SMID
SMITH  NEPHEW,SNN
SMITH  NEPHEW,SNNUF
SMITH  WESSON BRANDS INC,SWBI
SMITH & NEPHEW PLC,SNN
SMITH & NEPHEW PLC,SNNUF
"SMITH & WESSON BRANDS, INC.",SWBI
SMITH A O,AOS
SMITH A O CORP,AOS
SMITH DOUGLAS,SDHC
SMITH DOUGLAS HOMES CORP,SDHC
SMITH DOUGLAS HOMES CORP.,SDHC
SMITH MICRO,SMSI
SMITH MICRO SOFTWARE INC,SMSI
"SMITH MICRO SOFTWARE, INC.",SMSI
SMITH MIDLAND,SMID
SMITH MIDLAND CORP,SMID
SMITHFIELD,SFD
SMITHFIELD FOODS,SFD
SMITHFIELD FOODS INC,SFD
SMURFIT,SW
SMURFIT WESTROCK,SW
SMURFIT WESTROCK PLC,SW
SMX,SMX
SMX,SMXWW
SMX (SECURITY,SMX
SMX (SECURITY,SMXWW
SMX (SECURITY MATTERS) PUBLIC LTD CO,SMX
SMX (SECURITY MATTERS) PUBLIC LTD CO,SMXWW
SMX SECURITY MATTERS PUBLIC,SMXWW
SMX SECURITY MATTERS PUBLIC,SMX
SNAIL INC,SNAL
"SNAIL,",SNAL
"SNAIL, INC.",SNAL
SNAP,SNAP
SNAP INC,SNAP
SNAP-ON,SNA
SNAP-ON INC,SNA
SNAPON,SNA
SNDL,SNDL
SNDL INC,SNDL
SNDL INC.,SNDL
SNOW,LITM
SNOW LAKE,LITM
SNOW LAKE RESOURCES LTD,LITM
SNOW LAKE RESOURCES LTD.,LITM
SNOWFLAKE,SNOW
SNOWFLAKE INC,SNOW
SNOWFLAKE INC.,SNOW
SO-YOUNG,SY
SO-YOUNG INTERNATIONAL,SY
SO-YOUNG INTERNATIONAL INC.,SY
SOBR,SOBR
SOBR SAFE INC,SOBR
"SOBR SAFE,",SOBR
"SOBR SAFE, INC.",SOBR
SOCIETY,SOPA
SOCIETY PASS,SOPA
SOCIETY PASS INCORPORATED,SOPA
SOCIETY PASS INCORPORATED.,SOPA
SOCKET,SCKT
SOCKET MOBILE INC,SCKT
"SOCKET MOBILE,",SCKT
"SOCKET MOBILE, INC.",SCKT
SOFI,SOFI
SOFI TECHNOLOGIES INC,SOFI
"SOFI TECHNOLOGIES,",SOFI
"SOFI TECHNOLOGIES, INC.",SOFI
SOFTWARE,SFWJ
SOFTWARE EFFECTIVE,SFWJ
SOFTWARE EFFECTIVE SOLUTIONS CORP,SFWJ
"SOFTWARE EFFECTIVE SOLUTIONS, CORP.",SFWJ
SOHO,SHCO
SOHO HOUSE,SHCO
SOHO HOUSE  CO INC,SHCO
SOHO HOUSE & CO INC.,SHCO
SOHU.COM,SOHU
SOHU.COM LTD,SOHU
SOHUCOM,SOHU
SOL,CYFRF
SOL STRATEGIES,CYFRF
SOL STRATEGIES INC,CYFRF
SOL STRATEGIES INC.,CYFRF
SOL-GEL,SLGL
SOL-GEL TECHNOLOGIES,SLGL
SOL-GEL TECHNOLOGIES LTD.,SLGL
SOLARBANK,SUUN
SOLARBANK CORP,SUUN
SOLAREDGE,SEDG
SOLAREDGE TECHNOLOGIES INC,SEDG
"SOLAREDGE TECHNOLOGIES,",SEDG
"SOLAREDGE TECHNOLOGIES, INC.",SEDG
SOLARIS,SEI
SOLARIS,SLSR
SOLARIS ENERGY,SEI
SOLARIS ENERGY INFRASTRUCTURE INC,SEI
"SOLARIS ENERGY INFRASTRUCTURE, INC.",SEI
SOLARIS RESOURCES,SLSR
SOLARIS RESOURCES INC,SLSR
SOLARIS RESOURCES INC.,SLSR
SOLARMAX,SMXT
SOLARMAX TECHNOLOGY INC,SMXT
"SOLARMAX TECHNOLOGY,",SMXT
"SOLARMAX TECHNOLOGY, INC.",SMXT
SOLARWINDOW,WNDW
SOLARWINDOW TECHNOLOGIES INC,WNDW
"SOLARWINDOW TECHNOLOGIES,",WNDW
"SOLARWINDOW TECHNOLOGIES, INC.",WNDW
SOLENO,SLNO
SOLENO THERAPEUTICS,SLNO
SOLENO THERAPEUTICS INC,SLNO
SOLESENCE INC,SLSN
"SOLESENCE,",SLSN
"SOLESENCE, INC.",SLSN
SOLGEL TECHNOLOGIES LTD,SLGL
SOLID,SLDP
SOLID,SLDB
SOLID,SLDPW
SOLID BIOSCIENCES,SLDB
SOLID BIOSCIENCES INC,SLDB
SOLID BIOSCIENCES INC.,SLDB
SOLID POWER INC,SLDP
SOLID POWER INC,SLDPW
"SOLID POWER,",SLDPW
"SOLID POWER,",SLDP
"SOLID POWER, INC.",SLDP
"SOLID POWER, INC.",SLDPW
SOLIDION,STI
SOLIDION TECHNOLOGY,STI
SOLIDION TECHNOLOGY INC,STI
SOLIDION TECHNOLOGY INC.,STI
SOLIGENIX INC,SNGX
"SOLIGENIX,",SNGX
"SOLIGENIX, INC.",SNGX
SOLITARIO,XPL
SOLITARIO RESOURCES,XPL
SOLITARIO RESOURCES CORP,XPL
SOLITARIO RESOURCES CORP.,XPL
SOLITRON,SODI
SOLITRON DEVICES,SODI
SOLITRON DEVICES INC,SODI
SOLO,DTCB
SOLO BRANDS INC,DTCB
"SOLO BRANDS,",DTCB
"SOLO BRANDS, INC.",DTCB
SOLOWIN,SWIN
SOLOWIN HOLDINGS LTD,SWIN
"SOLOWIN HOLDINGS,",SWIN
"SOLOWIN HOLDINGS, LTD.",SWIN
SOLUNA,SLNH
SOLUNA,SLNHP
SOLUNA HOLDINGS,SLNH
SOLUNA HOLDINGS,SLNHP
"SOLUNA HOLDINGS,",SLNH
"SOLUNA HOLDINGS,",SLNHP
"SOLUNA HOLDINGS, INC",SLNHP
"SOLUNA HOLDINGS, INC",SLNH
SOLVAY,SVYSF
SOLVAY S A /ADR/,SVYSF
SOLVAY S A ADR,SVYSF
SOLVENTUM,SOLV
SOLVENTUM CORP,SOLV
SOMNIGROUP,SGI
SOMNIGROUP INTERNATIONAL,SGI
SOMNIGROUP INTERNATIONAL INC,SGI
SOMNIGROUP INTERNATIONAL INC.,SGI
SONDER,SONDW
SONDER,SOND
SONDER HOLDINGS,SONDW
SONDER HOLDINGS,SOND
SONDER HOLDINGS INC,SOND
SONDER HOLDINGS INC,SONDW
SONDER HOLDINGS INC.,SONDW
SONDER HOLDINGS INC.,SOND
SONIC,SAH
SONIC AUTOMOTIVE,SAH
SONIC AUTOMOTIVE INC,SAH
SONIDA,SNDA
SONIDA SENIOR,SNDA
SONIDA SENIOR LIVING INC,SNDA
"SONIDA SENIOR LIVING, INC.",SNDA
SONIM,SONM
SONIM TECHNOLOGIES,SONM
SONIM TECHNOLOGIES INC,SONM
SONNET,SONN
SONNET BIOTHERAPEUTICS,SONN
SONNET BIOTHERAPEUTICS HOLDINGS INC,SONN
"SONNET BIOTHERAPEUTICS HOLDINGS, INC.",SONN
SONO,SOTK
SONO,SEVCF
SONO GROUP,SEVCF
SONO GROUP N.V.,SEVCF
SONO GROUP NV,SEVCF
SONO TEK,SOTK
SONO TEK CORP,SOTK
SONOCO,SON
SONOCO PRODUCTS,SON
SONOCO PRODUCTS CO,SON
SONOMA,SNOA
SONOMA PHARMACEUTICALS INC,SNOA
"SONOMA PHARMACEUTICALS,",SNOA
"SONOMA PHARMACEUTICALS, INC.",SNOA
SONORO,SMOFF
SONORO GOLD,SMOFF
SONORO GOLD CORP,SMOFF
SONORO GOLD CORP.,SMOFF
SONOS,SONO
SONOS INC,SONO
SONY,SNEJF
SONY,SONY
SONY GROUP,SNEJF
SONY GROUP,SONY
SONY GROUP CORP,SNEJF
SONY GROUP CORP,SONY
SOPHIA,SOPH
SOPHIA GENETICS,SOPH
SOPHIA GENETICS SA,SOPH
SOS,SOS
SOS LTD,SOS
SOTERA,SHC
SOTERA HEALTH,SHC
SOTERA HEALTH CO,SHC
SOTHERLY,SOHOB
SOTHERLY,SOHON
SOTHERLY,SOHOO
SOTHERLY,SOHO
SOTHERLY HOTELS,SOHOO
SOTHERLY HOTELS,SOHO
SOTHERLY HOTELS,SOHON
SOTHERLY HOTELS,SOHOB
SOTHERLY HOTELS INC,SOHON
SOTHERLY HOTELS INC,SOHOB
SOTHERLY HOTELS INC,SOHO
SOTHERLY HOTELS INC,SOHOO
SOTHERLY HOTELS INC.,SOHON
SOTHERLY HOTELS INC.,SOHO
SOTHERLY HOTELS INC.,SOHOO
SOTHERLY HOTELS INC.,SOHOB
SOULPOWER,SOUL
SOULPOWER ACQUISITION,SOUL
SOULPOWER ACQUISITION CORP,SOUL
SOULPOWER ACQUISITION CORP.,SOUL
SOUND,SOGP
SOUND,SPMC
SOUND,SPMA
SOUND,SFBC
SOUND FINANCIAL,SFBC
SOUND FINANCIAL BANCORP INC,SFBC
"SOUND FINANCIAL BANCORP, INC.",SFBC
SOUND GROUP,SOGP
SOUND GROUP INC,SOGP
SOUND GROUP INC.,SOGP
SOUND POINT,SPMA
SOUND POINT,SPMC
SOUND POINT MERIDIAN CAPITAL INC,SPMC
SOUND POINT MERIDIAN CAPITAL INC,SPMA
"SOUND POINT MERIDIAN CAPITAL, INC.",SPMC
"SOUND POINT MERIDIAN CAPITAL, INC.",SPMA
SOUNDHOUND,SOUNW
SOUNDHOUND,SOUN
SOUNDHOUND AI INC,SOUN
SOUNDHOUND AI INC,SOUNW
"SOUNDHOUND AI,",SOUNW
"SOUNDHOUND AI,",SOUN
"SOUNDHOUND AI, INC.",SOUN
"SOUNDHOUND AI, INC.",SOUNW
SOUNDTHINKING INC,SSTI
"SOUNDTHINKING,",SSTI
"SOUNDTHINKING, INC.",SSTI
SOURCE,SOR
SOURCE CAPITAL,SOR
SOURCE CAPITAL /DE/,SOR
SOURCE CAPITAL DE,SOR
SOUTH,SDSYA
SOUTH,SOBO
SOUTH,STSBF
SOUTH,SPFI
SOUTH BOW,SOBO
SOUTH BOW CORP,SOBO
SOUTH DAKOTA,SDSYA
SOUTH DAKOTA SOYBEAN PROCESSORS,SDSYA
SOUTH DAKOTA SOYBEAN PROCESSORS LLC,SDSYA
SOUTH PLAINS,SPFI
SOUTH PLAINS FINANCIAL INC,SPFI
"SOUTH PLAINS FINANCIAL, INC.",SPFI
SOUTH STAR,STSBF
SOUTH STAR BATTERY METALS CORP,STSBF
SOUTH STAR BATTERY METALS CORP.,STSBF
SOUTHEAST,ASR
SOUTHEAST,ASRMF
SOUTHEAST AIRPORT,ASR
SOUTHEAST AIRPORT,ASRMF
SOUTHEAST AIRPORT GROUP,ASRMF
SOUTHEAST AIRPORT GROUP,ASR
SOUTHERN,SMBC
SOUTHERN,SOJC
SOUTHERN,SCCO
SOUTHERN,SO
SOUTHERN,SOCGM
SOUTHERN,SITS
SOUTHERN,MWSNF
SOUTHERN,SOJF
SOUTHERN,SSBK
SOUTHERN,SOJE
SOUTHERN,SFCO
SOUTHERN,SOJD
SOUTHERN,SOCGP
SOUTHERN,SFST
SOUTHERN,SSVFF
SOUTHERN CALIFORNIA,SOCGP
SOUTHERN CALIFORNIA,SOCGM
SOUTHERN CALIFORNIA GAS,SOCGM
SOUTHERN CALIFORNIA GAS,SOCGP
SOUTHERN CALIFORNIA GAS CO,SOCGP
SOUTHERN CALIFORNIA GAS CO,SOCGM
SOUTHERN CO,SOJD
SOUTHERN CO,SOJC
SOUTHERN CO,SO
SOUTHERN CO,SOJE
SOUTHERN CO,SOJF
SOUTHERN COPPER,SCCO
SOUTHERN COPPER CORP,SCCO
SOUTHERN COPPER CORP/,SCCO
SOUTHERN CROSS,MWSNF
SOUTHERN CROSS GOLD CONSOLIDATED LTD,MWSNF
SOUTHERN CROSS GOLD CONSOLIDATED LTD.,MWSNF
SOUTHERN FINANCIAL,SFCO
SOUTHERN FINANCIAL CORP,SFCO
SOUTHERN FIRST,SFST
SOUTHERN FIRST BANCSHARES,SFST
SOUTHERN FIRST BANCSHARES INC,SFST
SOUTHERN ITS,SITS
SOUTHERN ITS INTERNATIONAL INC,SITS
"SOUTHERN ITS INTERNATIONAL, INC.",SITS
SOUTHERN MISSOURI,SMBC
SOUTHERN MISSOURI BANCORP INC,SMBC
"SOUTHERN MISSOURI BANCORP, INC.",SMBC
SOUTHERN SILVER,SSVFF
SOUTHERN SILVER EXPLORATION,SSVFF
SOUTHERN SILVER EXPLORATION CORP,SSVFF
SOUTHERN STATES,SSBK
SOUTHERN STATES BANCSHARES INC,SSBK
"SOUTHERN STATES BANCSHARES, INC.",SSBK
SOUTHLAND,SLND
SOUTHLAND HOLDINGS INC,SLND
"SOUTHLAND HOLDINGS,",SLND
"SOUTHLAND HOLDINGS, INC.",SLND
SOUTHPORT,PORT
SOUTHPORT,PORTU
SOUTHPORT,PORTW
SOUTHPORT ACQUISITION,PORTW
SOUTHPORT ACQUISITION,PORT
SOUTHPORT ACQUISITION,PORTU
SOUTHPORT ACQUISITION CORP,PORTU
SOUTHPORT ACQUISITION CORP,PORTW
SOUTHPORT ACQUISITION CORP,PORT
SOUTHSIDE,SBSI
SOUTHSIDE BANCSHARES,SBSI
SOUTHSIDE BANCSHARES INC,SBSI
SOUTHSTATE,SSB
SOUTHSTATE CORP,SSB
SOUTHWEST,SWX
SOUTHWEST,LUV
SOUTHWEST AIRLINES,LUV
SOUTHWEST AIRLINES CO,LUV
SOUTHWEST GAS,SWX
SOUTHWEST GAS HOLDINGS INC,SWX
"SOUTHWEST GAS HOLDINGS, INC.",SWX
SOW,SOWG
SOW GOOD,SOWG
SOW GOOD INC,SOWG
SOW GOOD INC.,SOWG
SOYOUNG INTERNATIONAL INC,SY
SP GLOBAL INC,SPGI
SPANISH,SPAUF
SPANISH MOUNTAIN,SPAUF
SPANISH MOUNTAIN GOLD LTD,SPAUF
SPANISH MOUNTAIN GOLD LTD.,SPAUF
SPAR,SGRP
SPAR GROUP INC,SGRP
"SPAR GROUP,",SGRP
"SPAR GROUP, INC.",SGRP
SPARK,SPKLW
SPARK,SPKL
SPARK,SPKLU
SPARK I ACQUISITION,SPKL
SPARK I ACQUISITION,SPKLW
SPARK I ACQUISITION,SPKLU
SPARK I ACQUISITION CORP,SPKLW
SPARK I ACQUISITION CORP,SPKL
SPARK I ACQUISITION CORP,SPKLU
SPARTA,SRCO
SPARTA COMMERCIAL,SRCO
SPARTA COMMERCIAL SERVICES INC,SRCO
"SPARTA COMMERCIAL SERVICES, INC.",SRCO
SPARTANNASH,SPTN
SPARTANNASH CO,SPTN
SPARX,SHGI
SPARX HOLDINGS,SHGI
SPARX HOLDINGS GROUP INC,SHGI
"SPARX HOLDINGS GROUP, INC.",SHGI
SPDR,GLD
SPDR,DIA
SPDR,MDY
SPDR,SPY
SPDR DOW,DIA
SPDR DOW JONES INDUSTRIAL AVERAGE ETF TRUST,DIA
SPDR GOLD,GLD
SPDR GOLD TRUST,GLD
SPDR S&P,MDY
SPDR S&P,SPY
SPDR S&P 500 ETF TRUST,SPY
SPDR S&P MIDCAP 400 ETF TRUST,MDY
SPDR SP 500 ETF TRUST,SPY
SPDR SP MIDCAP 400 ETF TRUST,MDY
SPECIAL,SPE
SPECIAL OPPORTUNITIES,SPE
SPECIAL OPPORTUNITIES FUND INC,SPE
"SPECIAL OPPORTUNITIES FUND, INC.",SPE
SPECIFICITY INC,SPTY
"SPECIFICITY,",SPTY
"SPECIFICITY, INC.",SPTY
SPECTRAL,FCCN
SPECTRAL,MDAIW
SPECTRAL,SMIP
SPECTRAL,MDAI
SPECTRAL AI INC,MDAI
SPECTRAL AI INC,MDAIW
"SPECTRAL AI,",MDAI
"SPECTRAL AI,",MDAIW
"SPECTRAL AI, INC.",MDAIW
"SPECTRAL AI, INC.",MDAI
SPECTRAL CAPITAL,FCCN
SPECTRAL CAPITAL CORP,FCCN
SPECTRAL IP INC,SMIP
"SPECTRAL IP,",SMIP
"SPECTRAL IP, INC.",SMIP
SPECTRUM,SPB
SPECTRUM BRANDS,SPB
SPECTRUM BRANDS HOLDINGS INC,SPB
"SPECTRUM BRANDS HOLDINGS, INC.",SPB
SPERO,SPRO
SPERO THERAPEUTICS INC,SPRO
"SPERO THERAPEUTICS,",SPRO
"SPERO THERAPEUTICS, INC.",SPRO
SPHERE,ANY
SPHERE,SPHR
SPHERE 3D CORP,ANY
SPHERE 3D CORP.,ANY
SPHERE ENTERTAINMENT,SPHR
SPHERE ENTERTAINMENT CO,SPHR
SPHERE ENTERTAINMENT CO.,SPHR
SPI,SPIEF
SPI ENERGY,SPIEF
SPI ENERGY CO LTD,SPIEF
"SPI ENERGY CO., LTD.",SPIEF
SPINDLETOP,SPND
SPINDLETOP OIL,SPND
SPINDLETOP OIL  GAS,SPND
SPINDLETOP OIL & GAS CO,SPND
SPIRAX-SARCO,SPXSF
SPIRAX-SARCO ENGINEERING,SPXSF
SPIRAX-SARCO ENGINEERING PLC/ADR,SPXSF
SPIRAXSARCO ENGINEERING PLCADR,SPXSF
SPIRE,SR
SPIRE,SPIR
SPIRE,SR-PA
SPIRE GLOBAL INC,SPIR
"SPIRE GLOBAL,",SPIR
"SPIRE GLOBAL, INC.",SPIR
SPIRE INC,SR
SPIRE INC,SR-PA
SPIRIT,SPR
SPIRIT,FLYY
SPIRIT AEROSYSTEMS,SPR
SPIRIT AEROSYSTEMS HOLDINGS INC,SPR
"SPIRIT AEROSYSTEMS HOLDINGS, INC.",SPR
SPIRIT AVIATION,FLYY
SPIRIT AVIATION HOLDINGS INC,FLYY
"SPIRIT AVIATION HOLDINGS, INC.",FLYY
SPIRITS,SRSG
SPIRITS TIME,SRSG
SPIRITS TIME INTERNATIONAL INC,SRSG
"SPIRITS TIME INTERNATIONAL, INC.",SRSG
SPLASH,SBEV
SPLASH BEVERAGE,SBEV
SPLASH BEVERAGE GROUP INC,SBEV
"SPLASH BEVERAGE GROUP, INC.",SBEV
SPOK,SPOK
SPOK HOLDINGS,SPOK
"SPOK HOLDINGS,",SPOK
"SPOK HOLDINGS, INC",SPOK
SPORTRADAR,SRAD
SPORTRADAR GROUP,SRAD
SPORTRADAR GROUP AG,SRAD
SPORTSMAN'S,SPWH
SPORTSMAN'S WAREHOUSE,SPWH
"SPORTSMAN'S WAREHOUSE HOLDINGS, INC.",SPWH
SPORTSMANS WAREHOUSE HOLDINGS INC,SPWH
SPORTSQUEST INC,SPQS
"SPORTSQUEST,",SPQS
"SPORTSQUEST, INC.",SPQS
SPOTIFY,SPOT
SPOTIFY TECHNOLOGY,SPOT
SPOTIFY TECHNOLOGY S.A.,SPOT
SPOTIFY TECHNOLOGY SA,SPOT
SPRING,SVII
SPRING,SVIIW
SPRING,SVIIU
SPRING,SVIIR
SPRING VALLEY,SVIIW
SPRING VALLEY,SVII
SPRING VALLEY,SVIIR
SPRING VALLEY,SVIIU
SPRING VALLEY ACQUISITION CORP II,SVII
SPRING VALLEY ACQUISITION CORP II,SVIIW
SPRING VALLEY ACQUISITION CORP II,SVIIR
SPRING VALLEY ACQUISITION CORP II,SVIIU
SPRING VALLEY ACQUISITION CORP. II,SVIIR
SPRING VALLEY ACQUISITION CORP. II,SVII
SPRING VALLEY ACQUISITION CORP. II,SVIIW
SPRING VALLEY ACQUISITION CORP. II,SVIIU
SPRINGBIG,SBIGW
SPRINGBIG,SBIG
SPRINGBIG HOLDINGS INC,SBIG
SPRINGBIG HOLDINGS INC,SBIGW
"SPRINGBIG HOLDINGS,",SBIGW
"SPRINGBIG HOLDINGS,",SBIG
"SPRINGBIG HOLDINGS, INC.",SBIG
"SPRINGBIG HOLDINGS, INC.",SBIGW
SPRINGER,SPGNY
SPRINGER,SPGDF
SPRINGER NATURE,SPGNY
SPRINGER NATURE,SPGDF
SPRINGER NATURE AG  CO KGAAADR,SPGNY
SPRINGER NATURE AG  CO KGAAADR,SPGDF
SPRINGER NATURE AG & CO. KGAA/ADR,SPGNY
SPRINGER NATURE AG & CO. KGAA/ADR,SPGDF
SPRINGVIEW,SPHL
SPRINGVIEW HOLDINGS,SPHL
SPRINGVIEW HOLDINGS LTD,SPHL
SPRINGWORKS,SWTX
SPRINGWORKS THERAPEUTICS INC,SWTX
"SPRINGWORKS THERAPEUTICS,",SWTX
"SPRINGWORKS THERAPEUTICS, INC.",SWTX
SPRINKLR INC,CXM
"SPRINKLR,",CXM
"SPRINKLR, INC.",CXM
SPROTT,PHYS
SPROTT,CEF
SPROTT,SPPP
SPROTT,FUND
SPROTT,SII
SPROTT,PSLV
SPROTT FOCUS,FUND
SPROTT FOCUS TRUST INC,FUND
SPROTT FOCUS TRUST INC.,FUND
SPROTT INC,SII
SPROTT INC.,SII
SPROTT PHYSICAL,CEF
SPROTT PHYSICAL,PHYS
SPROTT PHYSICAL,PSLV
SPROTT PHYSICAL,SPPP
SPROTT PHYSICAL GOLD  SILVER TRUST,CEF
SPROTT PHYSICAL GOLD & SILVER TRUST,CEF
SPROTT PHYSICAL GOLD TRUST,PHYS
SPROTT PHYSICAL PLATINUM  PALLADIUM TRUST,SPPP
SPROTT PHYSICAL PLATINUM & PALLADIUM TRUST,SPPP
SPROTT PHYSICAL SILVER TRUST,PSLV
SPROUT,SPT
SPROUT SOCIAL INC,SPT
"SPROUT SOCIAL,",SPT
"SPROUT SOCIAL, INC.",SPT
SPROUTS,SFM
SPROUTS FARMERS,SFM
SPROUTS FARMERS MARKET INC,SFM
"SPROUTS FARMERS MARKET, INC.",SFM
SPRUCE,SPRU
SPRUCE,SPRB
SPRUCE BIOSCIENCES INC,SPRB
"SPRUCE BIOSCIENCES,",SPRB
"SPRUCE BIOSCIENCES, INC.",SPRB
SPRUCE POWER,SPRU
SPRUCE POWER HOLDING,SPRU
SPRUCE POWER HOLDING CORP,SPRU
SPS,SPSC
SPS COMMERCE,SPSC
SPS COMMERCE INC,SPSC
SPX,SPXC
SPX TECHNOLOGIES INC,SPXC
"SPX TECHNOLOGIES,",SPXC
"SPX TECHNOLOGIES, INC.",SPXC
SPYRE,SYRE
SPYRE THERAPEUTICS INC,SYRE
"SPYRE THERAPEUTICS,",SYRE
"SPYRE THERAPEUTICS, INC.",SYRE
SQUIRREL,SQEI
SQUIRREL ENLIVENED,SQEI
SQUIRREL ENLIVENED INTERNATIONAL CO,SQEI
"SQUIRREL ENLIVENED INTERNATIONAL CO., LTD",SQEI
SR BANCORP INC,SRBK
"SR BANCORP, INC.",SRBK
SRH,STEW
SRH TOTAL,STEW
SRH TOTAL RETURN FUND INC,STEW
"SRH TOTAL RETURN FUND, INC.",STEW
SRIVARU,SVUHF
SRIVARU,SVUWF
SRIVARU HOLDING,SVUWF
SRIVARU HOLDING,SVUHF
SRIVARU HOLDING LTD,SVUWF
SRIVARU HOLDING LTD,SVUHF
SRM,SRM
SRM ENTERTAINMENT INC,SRM
"SRM ENTERTAINMENT,",SRM
"SRM ENTERTAINMENT, INC.",SRM
SRX,SRXH
SRX HEALTH,SRXH
SRX HEALTH SOLUTIONS INC,SRXH
"SRX HEALTH SOLUTIONS, INC.",SRXH
SS INNOVATIONS INTERNATIONAL INC,SSII
"SS INNOVATIONS INTERNATIONAL, INC.",SSII
SS&C,SSNC
SS&C TECHNOLOGIES,SSNC
SS&C TECHNOLOGIES HOLDINGS INC,SSNC
SSC,SSNC
SSHT,SSHT
SSHT S&T,SSHT
SSHT S&T GROUP LTD.,SSHT
SSHT ST GROUP LTD,SSHT
SSP,SSPPF
SSP,SSPGY
SSP GROUP,SSPPF
SSP GROUP,SSPGY
SSP GROUP PLC/ADR,SSPPF
SSP GROUP PLC/ADR,SSPGY
SSP GROUP PLCADR,SSPPF
SSP GROUP PLCADR,SSPGY
SSR,SSRM
SSR,SSRGF
SSR MINING,SSRM
SSR MINING,SSRGF
SSR MINING INC,SSRGF
SSR MINING INC,SSRM
SSR MINING INC.,SSRM
SSR MINING INC.,SSRGF
ST BANCORP,STBA
ST JOE,JOE
ST JOE CO,JOE
STAAR,STAA
STAAR SURGICAL,STAA
STAAR SURGICAL CO,STAA
STABILIS,SLNG
STABILIS SOLUTIONS INC,SLNG
"STABILIS SOLUTIONS,",SLNG
"STABILIS SOLUTIONS, INC.",SLNG
STAG,STAG
STAG INDUSTRIAL INC,STAG
"STAG INDUSTRIAL,",STAG
"STAG INDUSTRIAL, INC.",STAG
STAGWELL,STGW
STAGWELL INC,STGW
STAK,STAK
STAK INC,STAK
STAK INC.,STAK
STANDARD,SMP
STANDARD,SLFPY
STANDARD,SLI
STANDARD,STTDF
STANDARD,LAB
STANDARD,SLFPF
STANDARD,SPFX
STANDARD,TUTH
STANDARD BIOTOOLS,LAB
STANDARD BIOTOOLS INC,LAB
STANDARD BIOTOOLS INC.,LAB
STANDARD DENTAL,TUTH
STANDARD DENTAL LABS INC,TUTH
STANDARD DENTAL LABS INC.,TUTH
STANDARD LIFE,SLFPF
STANDARD LIFE,SLFPY
STANDARD LIFE PLC,SLFPY
STANDARD LIFE PLC,SLFPF
STANDARD LITHIUM,SLI
STANDARD LITHIUM LTD,SLI
STANDARD LITHIUM LTD.,SLI
STANDARD MOTOR,SMP
STANDARD MOTOR PRODUCTS INC,SMP
"STANDARD MOTOR PRODUCTS, INC.",SMP
STANDARD PREMIUM,SPFX
STANDARD PREMIUM FINANCE HOLDINGS INC,SPFX
"STANDARD PREMIUM FINANCE HOLDINGS, INC.",SPFX
STANDARD URANIUM,STTDF
STANDARD URANIUM LTD,STTDF
STANDARD URANIUM LTD.,STTDF
STANDARDAERO INC,SARO
"STANDARDAERO,",SARO
"STANDARDAERO, INC.",SARO
STANDEX,SXI
STANDEX INTERNATIONAL,SXI
STANDEX INTERNATIONAL CORP/DE/,SXI
STANDEX INTERNATIONAL CORPDE,SXI
STANLEY,SWK
STANLEY BLACK,SWK
STANLEY BLACK  DECKER INC,SWK
"STANLEY BLACK & DECKER, INC.",SWK
STANTEC,STN
STANTEC INC,STN
STAR,SGU
STAR,SBLK
STAR,SRGZ
STAR,STRRP
STAR,STFS
STAR,STHO
STAR,STRR
STAR,JETR
STAR BULK,SBLK
STAR BULK CARRIERS CORP,SBLK
STAR BULK CARRIERS CORP.,SBLK
STAR EQUITY,STRR
STAR EQUITY,STRRP
STAR EQUITY HOLDINGS INC,STRRP
STAR EQUITY HOLDINGS INC,STRR
"STAR EQUITY HOLDINGS, INC.",STRRP
"STAR EQUITY HOLDINGS, INC.",STRR
STAR FASHION,STFS
STAR FASHION CULTURE,STFS
STAR FASHION CULTURE HOLDINGS LTD,STFS
STAR GOLD,SRGZ
STAR GOLD CORP,SRGZ
STAR GOLD CORP.,SRGZ
STAR GROUP,SGU
"STAR GROUP,",SGU
"STAR GROUP, L.P.",SGU
STAR HOLDINGS,STHO
STAR JETS,JETR
STAR JETS INTERNATIONAL INC,JETR
STAR JETS INTERNATIONAL INC.,JETR
STARBOX,STBXF
STARBOX GROUP,STBXF
STARBOX GROUP HOLDINGS LTD,STBXF
STARBOX GROUP HOLDINGS LTD.,STBXF
STARBUCKS,SBUX
STARBUCKS CORP,SBUX
STARCO,STCB
STARCO BRANDS INC,STCB
"STARCO BRANDS,",STCB
"STARCO BRANDS, INC.",STCB
STARCORE,SHVLF
STARCORE INTERNATIONAL,SHVLF
STARCORE INTERNATIONAL MINES LTD,SHVLF
STARCORE INTERNATIONAL MINES LTD.,SHVLF
STARDUST,SDSTW
STARDUST,SDST
STARDUST,SUNXF
STARDUST POWER,SDST
STARDUST POWER,SDSTW
STARDUST POWER INC,SDSTW
STARDUST POWER INC,SDST
STARDUST POWER INC.,SDST
STARDUST POWER INC.,SDSTW
STARDUST SOLAR,SUNXF
STARDUST SOLAR ENERGY INC,SUNXF
STARDUST SOLAR ENERGY INC.,SUNXF
STARGUIDE,STRG
STARGUIDE GROUP INC,STRG
"STARGUIDE GROUP,",STRG
"STARGUIDE GROUP, INC.",STRG
STARK,SKFG
STARK FOCUS,SKFG
STARK FOCUS GROUP INC,SKFG
"STARK FOCUS GROUP, INC.",SKFG
STARRY,SSEA
STARRY SEA,SSEA
STARRY SEA ACQUISITION,SSEA
STARRY SEA ACQUISITION CORP,SSEA
START,SATLF
START TODAY,SATLF
START TODAY CO LTDADR,SATLF
"START TODAY CO., LTD./ADR",SATLF
STARTECH,GTIC
STARTECH LABS INC,GTIC
"STARTECH LABS,",GTIC
"STARTECH LABS, INC.",GTIC
STARWOOD,STWD
STARWOOD PROPERTY,STWD
STARWOOD PROPERTY TRUST INC,STWD
"STARWOOD PROPERTY TRUST, INC.",STWD
STARZ,STRZ
STARZ ENTERTAINMENT,STRZ
STARZ ENTERTAINMENT CORP /CN/,STRZ
STARZ ENTERTAINMENT CORP CN,STRZ
STATE,STT
STATE STREET,STT
STATE STREET CORP,STT
STEAKHOLDER,STKH
STEAKHOLDER,MTTCF
STEAKHOLDER FOODS,STKH
STEAKHOLDER FOODS,MTTCF
STEAKHOLDER FOODS LTD,STKH
STEAKHOLDER FOODS LTD,MTTCF
STEAKHOLDER FOODS LTD.,STKH
STEAKHOLDER FOODS LTD.,MTTCF
STEALTHGAS,GASS
STEALTHGAS INC,GASS
STEALTHGAS INC.,GASS
STEEL,SPLPP
STEEL,STLD
STEEL,SPLP
STEEL DYNAMICS,STLD
STEEL DYNAMICS INC,STLD
STEEL PARTNERS,SPLPP
STEEL PARTNERS,SPLP
STEEL PARTNERS HOLDINGS L.P.,SPLPP
STEEL PARTNERS HOLDINGS L.P.,SPLP
STEELCASE,SCS
STEELCASE INC,SCS
STELLANTIS,STLA
STELLANTIS N.V.,STLA
STELLANTIS NV,STLA
STELLAR,SVCC
STELLAR,STEL
STELLAR,SVCCU
STELLAR,SVCCW
STELLAR BANCORP INC,STEL
"STELLAR BANCORP,",STEL
"STELLAR BANCORP, INC.",STEL
STELLAR V CAPITAL CORP CAYMAN ISLANDS,SVCCW
STELLAR V CAPITAL CORP CAYMAN ISLANDS,SVCCU
STELLAR V CAPITAL CORP CAYMAN ISLANDS,SVCC
STELLAR V CAPITAL CORP. (CAYMAN ISLANDS),SVCCW
STELLAR V CAPITAL CORP. (CAYMAN ISLANDS),SVCCU
STELLAR V CAPITAL CORP. (CAYMAN ISLANDS),SVCC
STELLUS,SCM
STELLUS CAPITAL,SCM
STELLUS CAPITAL INVESTMENT,SCM
STELLUS CAPITAL INVESTMENT CORP,SCM
STEM INC,STEM
"STEM,",STEM
"STEM, INC.",STEM
STEMTECH,STEK
STEMTECH CORP,STEK
STEPAN,SCL
STEPAN CO,SCL
STEPSTONE,STEP
STEPSTONE GROUP,STEP
STEPSTONE GROUP INC,STEP
STEPSTONE GROUP INC.,STEP
STEREOTAXIS INC,STXS
"STEREOTAXIS,",STXS
"STEREOTAXIS, INC.",STXS
STERIS,STE
STERIS PLC,STE
STERLING,STRL
STERLING INFRASTRUCTURE INC,STRL
"STERLING INFRASTRUCTURE,",STRL
"STERLING INFRASTRUCTURE, INC.",STRL
STEVANATO,STVN
STEVANATO GROUP,STVN
STEVANATO GROUP S.P.A.,STVN
STEVANATO GROUP SPA,STVN
STEVEN,SHOO
STEVEN MADDEN LTD,SHOO
"STEVEN MADDEN,",SHOO
"STEVEN MADDEN, LTD.",SHOO
STEWART,STC
STEWART INFORMATION,STC
STEWART INFORMATION SERVICES CORP,STC
STIFEL,SFB
STIFEL,SF
STIFEL,SF-PB
STIFEL,SF-PC
STIFEL,SF-PD
STIFEL FINANCIAL,SFB
STIFEL FINANCIAL,SF
STIFEL FINANCIAL,SF-PB
STIFEL FINANCIAL,SF-PD
STIFEL FINANCIAL,SF-PC
STIFEL FINANCIAL CORP,SF
STIFEL FINANCIAL CORP,SF-PC
STIFEL FINANCIAL CORP,SF-PD
STIFEL FINANCIAL CORP,SF-PB
STIFEL FINANCIAL CORP,SFB
STIMCELL,STME
STIMCELL ENERGETICS,STME
STIMCELL ENERGETICS INC,STME
STIMCELL ENERGETICS INC.,STME
STITCH,SFIX
STITCH FIX INC,SFIX
"STITCH FIX,",SFIX
"STITCH FIX, INC.",SFIX
STLLR,STLRF
STLLR GOLD,STLRF
STLLR GOLD INC,STLRF
STLLR GOLD INC.,STLRF
STMICROELECTRONICS,STM
STMICROELECTRONICS,STMEF
STMICROELECTRONICS N.V.,STM
STMICROELECTRONICS N.V.,STMEF
STMICROELECTRONICS NV,STMEF
STMICROELECTRONICS NV,STM
STOCK,SYBT
STOCK YARDS,SYBT
STOCK YARDS BANCORP INC,SYBT
"STOCK YARDS BANCORP, INC.",SYBT
STOKE,STOK
STOKE THERAPEUTICS INC,STOK
"STOKE THERAPEUTICS,",STOK
"STOKE THERAPEUTICS, INC.",STOK
STONE,LENDX
STONE,SRRIX
STONE RIDGE,SRRIX
STONE RIDGE,LENDX
STONE RIDGE TRUST II,SRRIX
STONE RIDGE TRUST V,LENDX
STONEBRIDGE,APAC
STONEBRIDGE ACQUISITION,APAC
STONEBRIDGE ACQUISITION II,APAC
STONEBRIDGE ACQUISITION II CORP,APAC
STONECO,STNE
STONECO LTD,STNE
STONECO LTD.,STNE
STONERIDGE,SRI
STONERIDGE INC,SRI
STONEX,SNEX
STONEX GROUP,SNEX
STONEX GROUP INC,SNEX
STONEX GROUP INC.,SNEX
STRAN,SWAG
STRAN,SWAGW
STRAN  COMPANY INC,SWAG
STRAN  COMPANY INC,SWAGW
"STRAN & COMPANY, INC.",SWAG
"STRAN & COMPANY, INC.",SWAGW
STRATA,SPOWF
STRATA,SSKN
STRATA POWER,SPOWF
STRATA POWER CORP,SPOWF
STRATA SKIN,SSKN
STRATA SKIN SCIENCES INC,SSKN
"STRATA SKIN SCIENCES, INC.",SSKN
STRATASYS,SSYS
STRATASYS LTD,SSYS
STRATASYS LTD.,SSYS
STRATEGIC,SENR
STRATEGIC,STQN
STRATEGIC,STRA
STRATEGIC,STSR
STRATEGIC ACQUISITIONS,STQN
STRATEGIC ACQUISITIONS INC /NV/,STQN
STRATEGIC ACQUISITIONS INC NV,STQN
STRATEGIC EDUCATION INC,STRA
"STRATEGIC EDUCATION,",STRA
"STRATEGIC EDUCATION, INC.",STRA
STRATEGIC ENVIRONMENTAL,SENR
STRATEGIC ENVIRONMENTAL  ENERGY RESOURCES INC,SENR
"STRATEGIC ENVIRONMENTAL & ENERGY RESOURCES, INC.",SENR
STRATEGIC STUDENT,STSR
STRATEGIC STUDENT  SENIOR HOUSING TRUST INC,STSR
"STRATEGIC STUDENT & SENIOR HOUSING TRUST, INC.",STSR
STRATOS,SRNW
STRATOS RENEWABLES,SRNW
STRATOS RENEWABLES CORP,SRNW
STRATS,GJH
STRATS,GJO
STRATS SM TRUST FOR U S CELL CORP SEC SERIES 2004 6,GJH
"STRATS SM TRUST FOR WAL-MART STORES, INC. SECURITIES, SERIES 2005-4",GJO
STRATS SM TRUST FOR WALMART STORES INC SECURITIES SERIES 20054,GJO
STRATS(SM),GJP
STRATS(SM),GJR
STRATS(SM),GJS
STRATS(SM),GJT
STRATS(SM) TRUST,GJT
STRATS(SM) TRUST,GJP
STRATS(SM) TRUST,GJS
STRATS(SM) TRUST,GJR
"STRATS(SM) TRUST FOR ALLSTATE CORP SECURITIES, SERIES 2006-3",GJT
"STRATS(SM) TRUST FOR DOMINION RESOURCES, INC. SECURITIES, SERIES 2005-6",GJP
"STRATS(SM) TRUST FOR GOLDMAN SACHS GROUP SECURITIES, SERIES 2006-2",GJS
"STRATS(SM) TRUST FOR PROCTER & GAMBLE SECURITIES, SERIES 2006-1",GJR
STRATSSM TRUST FOR ALLSTATE CORP SECURITIES SERIES 20063,GJT
STRATSSM TRUST FOR DOMINION RESOURCES INC SECURITIES SERIES 20056,GJP
STRATSSM TRUST FOR GOLDMAN SACHS GROUP SECURITIES SERIES 20062,GJS
STRATSSM TRUST FOR PROCTER  GAMBLE SECURITIES SERIES 20061,GJR
STRATTEC,STRT
STRATTEC SECURITY,STRT
STRATTEC SECURITY CORP,STRT
STRATUS,STRS
STRATUS PROPERTIES,STRS
STRATUS PROPERTIES INC,STRS
STRAWBERRY,STRW
STRAWBERRY FIELDS,STRW
STRAWBERRY FIELDS REIT INC,STRW
"STRAWBERRY FIELDS REIT, INC.",STRW
STREAMLINE,STRM
STREAMLINE HEALTH,STRM
STREAMLINE HEALTH SOLUTIONS INC,STRM
STREAMLINE HEALTH SOLUTIONS INC.,STRM
STRIDE INC,LRN
"STRIDE,",LRN
"STRIDE, INC.",LRN
STRUCTURE,GPCR
STRUCTURE THERAPEUTICS,GPCR
STRUCTURE THERAPEUTICS INC,GPCR
STRUCTURE THERAPEUTICS INC.,GPCR
STRUCTURED,KTH
STRUCTURED,KTN
STRUCTURED PRODUCTS,KTH
STRUCTURED PRODUCTS,KTN
STRUCTURED PRODUCTS CORP CORTS TR FOR PECO ENERGY CAP TR III,KTH
STRUCTURED PRODUCTS CORP CRED ENHANCE CORTS TR FOR AON CAP A,KTN
STRYKER,SYK
STRYKER CORP,SYK
STRYVE,SNAXW
STRYVE,SNAX
STRYVE FOODS INC,SNAXW
STRYVE FOODS INC,SNAX
"STRYVE FOODS,",SNAXW
"STRYVE FOODS,",SNAX
"STRYVE FOODS, INC.",SNAXW
"STRYVE FOODS, INC.",SNAX
STUDIO,MSC
STUDIO CITY,MSC
STUDIO CITY INTERNATIONAL HOLDINGS LTD,MSC
STURM,RGR
STURM RUGER,RGR
STURM RUGER & CO INC,RGR
SU GROUP,SUGP
SU GROUP HOLDINGS LTD,SUGP
SUBURBAN,SPH
SUBURBAN PROPANE,SPH
SUBURBAN PROPANE PARTNERS,SPH
SUBURBAN PROPANE PARTNERS LP,SPH
SUCRO,SUGRF
SUCRO LTD,SUGRF
SUGI,SGIPF
SUGI,SGIHY
SUGI HOLDINGS,SGIPF
SUGI HOLDINGS,SGIHY
SUGI HOLDINGS CO LTDADR,SGIPF
SUGI HOLDINGS CO LTDADR,SGIHY
"SUGI HOLDINGS CO., LTD./ADR",SGIHY
"SUGI HOLDINGS CO., LTD./ADR",SGIPF
SUMITOMO,SMFSY
SUMITOMO,SMFRF
SUMITOMO,SMFG
SUMITOMO,SMFNF
SUMITOMO FORESTRY,SMFSY
SUMITOMO FORESTRY,SMFRF
SUMITOMO FORESTRY CO LTDADR,SMFSY
SUMITOMO FORESTRY CO LTDADR,SMFRF
"SUMITOMO FORESTRY CO., LTD./ADR",SMFRF
"SUMITOMO FORESTRY CO., LTD./ADR",SMFSY
SUMITOMO MITSUI,SMFNF
SUMITOMO MITSUI,SMFG
SUMITOMO MITSUI FINANCIAL GROUP INC,SMFG
SUMITOMO MITSUI FINANCIAL GROUP INC,SMFNF
"SUMITOMO MITSUI FINANCIAL GROUP, INC.",SMFG
"SUMITOMO MITSUI FINANCIAL GROUP, INC.",SMFNF
SUMMIT,SMC
SUMMIT,SNTW
SUMMIT,INN
SUMMIT,SMMT
SUMMIT HOTEL,INN
SUMMIT HOTEL PROPERTIES INC,INN
"SUMMIT HOTEL PROPERTIES, INC.",INN
SUMMIT MIDSTREAM,SMC
SUMMIT MIDSTREAM CORP,SMC
SUMMIT NETWORKS,SNTW
SUMMIT NETWORKS INC,SNTW
SUMMIT NETWORKS INC.,SNTW
SUMMIT THERAPEUTICS,SMMT
SUMMIT THERAPEUTICS INC,SMMT
SUMMIT THERAPEUTICS INC.,SMMT
SUN,SUI
SUN,SLF
SUN,SNPW
SUN,SLFQF
SUN,SUNFF
SUN,SLFIF
SUN,SNCY
SUN COMMUNITIES,SUI
SUN COMMUNITIES INC,SUI
SUN COUNTRY,SNCY
SUN COUNTRY AIRLINES HOLDINGS INC,SNCY
"SUN COUNTRY AIRLINES HOLDINGS, INC.",SNCY
SUN LIFE,SLF
SUN LIFE,SLFQF
SUN LIFE,SUNFF
SUN LIFE,SLFIF
SUN LIFE FINANCIAL INC,SLF
SUN LIFE FINANCIAL INC,SUNFF
SUN LIFE FINANCIAL INC,SLFQF
SUN LIFE FINANCIAL INC,SLFIF
SUN PACIFIC,SNPW
SUN PACIFIC HOLDING CORP,SNPW
SUN PACIFIC HOLDING CORP.,SNPW
SUNATION,SUNE
SUNATION ENERGY INC,SUNE
"SUNATION ENERGY,",SUNE
"SUNATION ENERGY, INC.",SUNE
SUNCAR,SDAWW
SUNCAR,SDA
SUNCAR TECHNOLOGY,SDA
SUNCAR TECHNOLOGY,SDAWW
SUNCAR TECHNOLOGY GROUP INC,SDAWW
SUNCAR TECHNOLOGY GROUP INC,SDA
SUNCAR TECHNOLOGY GROUP INC.,SDA
SUNCAR TECHNOLOGY GROUP INC.,SDAWW
SUNCOKE,SXC
SUNCOKE ENERGY INC,SXC
"SUNCOKE ENERGY,",SXC
"SUNCOKE ENERGY, INC.",SXC
SUNCOR,SU
SUNCOR ENERGY,SU
SUNCOR ENERGY INC,SU
SUNDANCE,SUND
SUNDANCE STRATEGIES INC,SUND
"SUNDANCE STRATEGIES,",SUND
"SUNDANCE STRATEGIES, INC.",SUND
SUNHYDROGEN INC,HYSR
"SUNHYDROGEN,",HYSR
"SUNHYDROGEN, INC.",HYSR
SUNLANDS,STG
SUNLANDS TECHNOLOGY,STG
SUNLANDS TECHNOLOGY GROUP,STG
SUNLINK,SSY
SUNLINK HEALTH,SSY
SUNLINK HEALTH SYSTEMS INC,SSY
SUNNOVA,NOVAQ
SUNNOVA ENERGY,NOVAQ
SUNNOVA ENERGY INTERNATIONAL INC,NOVAQ
SUNNOVA ENERGY INTERNATIONAL INC.,NOVAQ
SUNNY,SOTGY
SUNNY,SNPTF
SUNNY OPTICAL,SNPTF
SUNNY OPTICAL,SOTGY
SUNNY OPTICAL TECHNOLOGY (GROUP) CO LIMITED/ADR,SOTGY
SUNNY OPTICAL TECHNOLOGY (GROUP) CO LIMITED/ADR,SNPTF
SUNNY OPTICAL TECHNOLOGY GROUP CO LIMITEDADR,SNPTF
SUNNY OPTICAL TECHNOLOGY GROUP CO LIMITEDADR,SOTGY
SUNOCO,SUN
SUNOCO LP,SUN
SUNOPTA,STKL
SUNOPTA INC,STKL
SUNOPTA INC.,STKL
SUNRISE,SNRBY
SUNRISE,SUNS
SUNRISE,SNNRF
SUNRISE,EPOW
SUNRISE,SRRE
SUNRISE,SNRE
SUNRISE COMMUNICATIONS,SNRE
SUNRISE COMMUNICATIONS,SNNRF
SUNRISE COMMUNICATIONS,SNRBY
SUNRISE COMMUNICATIONS AG,SNNRF
SUNRISE COMMUNICATIONS AG,SNRBY
SUNRISE COMMUNICATIONS AG,SNRE
SUNRISE NEW,EPOW
SUNRISE NEW ENERGY CO LTD,EPOW
"SUNRISE NEW ENERGY CO., LTD.",EPOW
SUNRISE REAL,SRRE
SUNRISE REAL ESTATE GROUP INC,SRRE
SUNRISE REALTY,SUNS
SUNRISE REALTY TRUST INC,SUNS
"SUNRISE REALTY TRUST, INC.",SUNS
SUNRUN,RUN
SUNRUN INC,RUN
SUNRUN INC.,RUN
SUNSHINE,SBFM
SUNSHINE,SBFMW
SUNSHINE BIOPHARMA,SBFM
SUNSHINE BIOPHARMA,SBFMW
SUNSHINE BIOPHARMA INC,SBFM
SUNSHINE BIOPHARMA INC,SBFMW
SUNSHINE BIOPHARMA INC.,SBFMW
SUNSHINE BIOPHARMA INC.,SBFM
SUNSTOCK INC,SSOK
"SUNSTOCK,",SSOK
"SUNSTOCK, INC.",SSOK
SUNSTONE,SHO
SUNSTONE HOTEL,SHO
SUNSTONE HOTEL INVESTORS INC,SHO
"SUNSTONE HOTEL INVESTORS, INC.",SHO
SUPER,SPHIF
SUPER,HDL
SUPER,SLE
SUPER,SMCI
SUPER,CUPPF
SUPER,SGHC
SUPER COPPER,CUPPF
SUPER COPPER CORP,CUPPF
SUPER COPPER CORP.,CUPPF
SUPER GROUP,SGHC
SUPER GROUP (SGHC) LTD,SGHC
SUPER GROUP SGHC,SGHC
SUPER HI INTERNATIONAL HOLDING LTD,HDL
SUPER HI INTERNATIONAL HOLDING LTD,SPHIF
SUPER HI INTERNATIONAL HOLDING LTD.,HDL
SUPER HI INTERNATIONAL HOLDING LTD.,SPHIF
SUPER LEAGUE,SLE
SUPER LEAGUE ENTERPRISE INC,SLE
"SUPER LEAGUE ENTERPRISE, INC.",SLE
SUPER MICRO,SMCI
SUPER MICRO COMPUTER INC,SMCI
"SUPER MICRO COMPUTER, INC.",SMCI
SUPERCOM,SPCB
SUPERCOM LTD,SPCB
SUPERIOR,SUP
SUPERIOR,SGC
SUPERIOR GROUP,SGC
SUPERIOR GROUP OF COMPANIES INC,SGC
"SUPERIOR GROUP OF COMPANIES, INC.",SGC
SUPERIOR INDUSTRIES,SUP
SUPERIOR INDUSTRIES INTERNATIONAL INC,SUP
SUPERNUS,SUPN
SUPERNUS PHARMACEUTICALS INC,SUPN
"SUPERNUS PHARMACEUTICALS,",SUPN
"SUPERNUS PHARMACEUTICALS, INC.",SUPN
SUPERSTAR,DWIS
SUPERSTAR PLATFORMS,DWIS
SUPERSTAR PLATFORMS INC,DWIS
SUPERSTAR PLATFORMS INC.,DWIS
SURF,SRFM
SURF AIR,SRFM
SURF AIR MOBILITY INC,SRFM
SURF AIR MOBILITY INC.,SRFM
SURGE,SPRS
SURGE COMPONENTS,SPRS
SURGE COMPONENTS INC,SPRS
SURGEPAYS INC,SURG
"SURGEPAYS,",SURG
"SURGEPAYS, INC.",SURG
SURGERY,SGRY
SURGERY PARTNERS INC,SGRY
"SURGERY PARTNERS,",SGRY
"SURGERY PARTNERS, INC.",SGRY
SURMODICS,SRDX
SURMODICS INC,SRDX
SURO,SSSS
SURO,SSSSL
SURO CAPITAL,SSSS
SURO CAPITAL,SSSSL
SURO CAPITAL CORP,SSSS
SURO CAPITAL CORP,SSSSL
SURO CAPITAL CORP.,SSSSL
SURO CAPITAL CORP.,SSSS
SURROZEN INCDE,SRZN
SURROZEN INCDE,SRZNW
"SURROZEN,",SRZN
"SURROZEN,",SRZNW
"SURROZEN, INC./DE",SRZN
"SURROZEN, INC./DE",SRZNW
SUSGLOBAL,SNRG
SUSGLOBAL ENERGY,SNRG
SUSGLOBAL ENERGY CORP,SNRG
SUSGLOBAL ENERGY CORP.,SNRG
SUSTAINABLE,SGTM
SUSTAINABLE GREEN,SGTM
SUSTAINABLE GREEN TEAM LTD,SGTM
"SUSTAINABLE GREEN TEAM, LTD.",SGTM
SUTRO,STRO
SUTRO BIOPHARMA INC,STRO
"SUTRO BIOPHARMA,",STRO
"SUTRO BIOPHARMA, INC.",STRO
SUZANO,SUZ
SUZANO S.A.,SUZ
SUZANO SA,SUZ
SW SEED,SANW
SWEETGREEN INC,SG
"SWEETGREEN,",SG
"SWEETGREEN, INC.",SG
SWK,SWKHL
SWK,SWKH
SWK HOLDINGS,SWKHL
SWK HOLDINGS,SWKH
SWK HOLDINGS CORP,SWKH
SWK HOLDINGS CORP,SWKHL
SWVL,SWVL
SWVL,SWVLW
SWVL HOLDINGS,SWVL
SWVL HOLDINGS,SWVLW
SWVL HOLDINGS CORP,SWVL
SWVL HOLDINGS CORP,SWVLW
SYENSQO,SYNSY
SYENSQO SA/ADR,SYNSY
SYENSQO SAADR,SYNSY
SYLLA,SYGCF
SYLLA GOLD,SYGCF
SYLLA GOLD CORP,SYGCF
SYLLA GOLD CORP.,SYGCF
SYLVAMO,SLVM
SYLVAMO CORP,SLVM
SYMBOTIC,SYM
SYMBOTIC INC,SYM
SYMBOTIC INC.,SYM
SYNAPTICS,SYNA
SYNAPTICS INC,SYNA
SYNAPTOGENIX INC,SNPX
"SYNAPTOGENIX,",SNPX
"SYNAPTOGENIX, INC.",SNPX
SYNBIO,SYIN
SYNBIO INTERNATIONAL INC,SYIN
"SYNBIO INTERNATIONAL,",SYIN
"SYNBIO INTERNATIONAL, INC.",SYIN
SYNCHRONOSS,SNCR
SYNCHRONOSS TECHNOLOGIES,SNCR
SYNCHRONOSS TECHNOLOGIES INC,SNCR
SYNCHRONY,SYF
SYNCHRONY FINANCIAL,SYF
SYNDAX,SNDX
SYNDAX PHARMACEUTICALS,SNDX
SYNDAX PHARMACEUTICALS INC,SNDX
SYNERGY,SNYR
SYNERGY CHC,SNYR
SYNERGY CHC CORP,SNYR
SYNERGY CHC CORP.,SNYR
SYNLOGIC INC,SYBX
"SYNLOGIC,",SYBX
"SYNLOGIC, INC.",SYBX
SYNOPSYS,SNPS
SYNOPSYS INC,SNPS
SYNOVUS,SNV
SYNOVUS FINANCIAL,SNV
SYNOVUS FINANCIAL CORP,SNV
SYNTEC,OPTXW
SYNTEC,OPTX
SYNTEC OPTICS,OPTXW
SYNTEC OPTICS,OPTX
SYNTEC OPTICS HOLDINGS INC,OPTXW
SYNTEC OPTICS HOLDINGS INC,OPTX
"SYNTEC OPTICS HOLDINGS, INC.",OPTXW
"SYNTEC OPTICS HOLDINGS, INC.",OPTX
SYNTHOMER,SYHMY
SYNTHOMER,SYYYF
SYNTHOMER PLC/ADR,SYYYF
SYNTHOMER PLC/ADR,SYHMY
SYNTHOMER PLCADR,SYHMY
SYNTHOMER PLCADR,SYYYF
SYPRIS,SYPR
SYPRIS SOLUTIONS,SYPR
SYPRIS SOLUTIONS INC,SYPR
SYRA,SYRA
SYRA HEALTH,SYRA
SYRA HEALTH CORP,SYRA
SYROS,SYRS
SYROS PHARMACEUTICALS INC,SYRS
"SYROS PHARMACEUTICALS,",SYRS
"SYROS PHARMACEUTICALS, INC.",SYRS
SYSCO,SYY
SYSCO CORP,SYY
SYSMEX,SSMXF
SYSMEX CORPORATION/ADR,SSMXF
SYSMEX CORPORATIONADR,SSMXF
SYSTEM1 INC,SST
SYSTEM1 INC,SSTPW
"SYSTEM1,",SST
"SYSTEM1,",SSTPW
"SYSTEM1, INC.",SST
"SYSTEM1, INC.",SSTPW
T STAMP,IDAI
T STAMP INC,IDAI
T-MOBILE,TMUS
"T-MOBILE US,",TMUS
"T-MOBILE US, INC.",TMUS
T-REX,TRXA
T-REX ACQUISITION,TRXA
T-REX ACQUISITION CORP.,TRXA
T1 ENERGY INC,TE-WT
T1 ENERGY INC,TE
T1 ENERGY INC.,TE
T1 ENERGY INC.,TE-WT
T2 BIOSYSTEMS INC,TTOO
"T2 BIOSYSTEMS, INC.",TTOO
T2 METALS CORP,TWOSF
T2 METALS CORP.,TWOSF
TAAT,TOBAF
TAAT GLOBAL,TOBAF
TAAT GLOBAL ALTERNATIVES INC,TOBAF
TAAT GLOBAL ALTERNATIVES INC.,TOBAF
TABLE,TBTC
TABLE TRAC,TBTC
TABLE TRAC INC,TBTC
TABOOLA.COM,TBLA
TABOOLA.COM,TBLAW
TABOOLA.COM LTD.,TBLA
TABOOLA.COM LTD.,TBLAW
TABOOLACOM LTD,TBLA
TABOOLACOM LTD,TBLAW
TACTILE,TCMD
TACTILE SYSTEMS,TCMD
TACTILE SYSTEMS TECHNOLOGY,TCMD
TACTILE SYSTEMS TECHNOLOGY INC,TCMD
TAITRON,TAIT
TAITRON COMPONENTS,TAIT
TAITRON COMPONENTS INC,TAIT
TAIWAN,TSMWF
TAIWAN,TWN
TAIWAN,TSM
TAIWAN FUND,TWN
TAIWAN FUND INC,TWN
TAIWAN SEMICONDUCTOR,TSMWF
TAIWAN SEMICONDUCTOR,TSM
TAIWAN SEMICONDUCTOR MANUFACTURING CO,TSMWF
TAIWAN SEMICONDUCTOR MANUFACTURING CO,TSM
TAIWAN SEMICONDUCTOR MANUFACTURING CO LTD,TSM
TAIWAN SEMICONDUCTOR MANUFACTURING CO LTD,TSMWF
TAKE,TTWO
TAKE TWO,TTWO
TAKE TWO INTERACTIVE SOFTWARE,TTWO
TAKE TWO INTERACTIVE SOFTWARE INC,TTWO
TAKEDA,TAK
TAKEDA,TKPHF
TAKEDA PHARMACEUTICAL,TKPHF
TAKEDA PHARMACEUTICAL,TAK
TAKEDA PHARMACEUTICAL CO,TAK
TAKEDA PHARMACEUTICAL CO,TKPHF
TAKEDA PHARMACEUTICAL CO LTD,TKPHF
TAKEDA PHARMACEUTICAL CO LTD,TAK
TAL,TAL
TAL EDUCATION,TAL
TAL EDUCATION GROUP,TAL
TALEN,TLN
TALEN ENERGY,TLN
TALEN ENERGY CORP,TLN
TALISKER,TSKFF
TALISKER RESOURCES,TSKFF
TALISKER RESOURCES LTD,TSKFF
TALISKER RESOURCES LTD.,TSKFF
TALKSPACE INC,TALK
TALKSPACE INC,TALKW
"TALKSPACE,",TALKW
"TALKSPACE,",TALK
"TALKSPACE, INC.",TALKW
"TALKSPACE, INC.",TALK
TALOS,TALO
TALOS ENERGY,TALO
TALOS ENERGY INC,TALO
TALOS ENERGY INC.,TALO
TALPHERA INC,TLPH
"TALPHERA,",TLPH
"TALPHERA, INC.",TLPH
TAMBORAN,TBNRL
TAMBORAN,TBN
TAMBORAN RESOURCES,TBNRL
TAMBORAN RESOURCES,TBN
TAMBORAN RESOURCES CORP,TBNRL
TAMBORAN RESOURCES CORP,TBN
TANCHENG,QSJC
TANCHENG GROUP,QSJC
TANCHENG GROUP CO LTD,QSJC
"TANCHENG GROUP CO., LTD.",QSJC
TANDEM,TNDM
TANDEM DIABETES,TNDM
TANDEM DIABETES CARE,TNDM
TANDEM DIABETES CARE INC,TNDM
TANDY,TLF
TANDY LEATHER,TLF
TANDY LEATHER FACTORY,TLF
TANDY LEATHER FACTORY INC,TLF
TANGER,SKT
TANGER INC,SKT
TANGER INC.,SKT
TANGO,TNGX
TANGO THERAPEUTICS INC,TNGX
"TANGO THERAPEUTICS,",TNGX
"TANGO THERAPEUTICS, INC.",TNGX
TANKE,TNBI
TANKE BIOSCIENCES,TNBI
TANKE BIOSCIENCES CORP,TNBI
TANTALUS,TGMPF
TANTALUS SYSTEMS,TGMPF
TANTALUS SYSTEMS HOLDING INC,TGMPF
TANTALUS SYSTEMS HOLDING INC.,TGMPF
TANTECH,TANH
TANTECH HOLDINGS,TANH
TANTECH HOLDINGS LTD,TANH
TAOPING,TAOP
TAOPING INC,TAOP
TAOPING INC.,TAOP
TAPESTRY INC,TPR
"TAPESTRY,",TPR
"TAPESTRY, INC.",TPR
TARGA,TRGED
TARGA,TRGP
TARGA EXPLORATION,TRGED
TARGA EXPLORATION CORP,TRGED
TARGA EXPLORATION CORP.,TRGED
TARGA RESOURCES,TRGP
TARGA RESOURCES CORP,TRGP
TARGA RESOURCES CORP.,TRGP
TARGET,TGT
TARGET,TGAAF
TARGET,TH
TARGET,CBDY
TARGET,TGAWF
TARGET CORP,TGT
TARGET GLOBAL,TGAAF
TARGET GLOBAL,TGAWF
TARGET GLOBAL ACQUISITION I CORP,TGAAF
TARGET GLOBAL ACQUISITION I CORP,TGAWF
TARGET GLOBAL ACQUISITION I CORP.,TGAWF
TARGET GLOBAL ACQUISITION I CORP.,TGAAF
TARGET GROUP,CBDY
TARGET GROUP INC,CBDY
TARGET GROUP INC.,CBDY
TARGET HOSPITALITY,TH
TARGET HOSPITALITY CORP,TH
TARGET HOSPITALITY CORP.,TH
TARSUS,TARS
TARSUS PHARMACEUTICALS INC,TARS
"TARSUS PHARMACEUTICALS,",TARS
"TARSUS PHARMACEUTICALS, INC.",TARS
TASEKO,TGB
TASEKO MINES,TGB
TASEKO MINES LTD,TGB
TASKUS INC,TASK
"TASKUS,",TASK
"TASKUS, INC.",TASK
TAT,TATT
TAT TECHNOLOGIES,TATT
TAT TECHNOLOGIES LTD,TATT
TAVIA,TAVI
TAVIA,TAVIU
TAVIA,TAVIR
TAVIA ACQUISITION,TAVI
TAVIA ACQUISITION,TAVIR
TAVIA ACQUISITION,TAVIU
TAVIA ACQUISITION CORP,TAVIU
TAVIA ACQUISITION CORP,TAVI
TAVIA ACQUISITION CORP,TAVIR
TAVIA ACQUISITION CORP.,TAVIU
TAVIA ACQUISITION CORP.,TAVIR
TAVIA ACQUISITION CORP.,TAVI
TAYLOR,TAYD
TAYLOR,TMHC
TAYLOR DEVICES INC,TAYD
"TAYLOR DEVICES,",TAYD
"TAYLOR DEVICES, INC.",TAYD
TAYLOR MORRISON,TMHC
TAYLOR MORRISON HOME,TMHC
TAYLOR MORRISON HOME CORP,TMHC
TAYSHA,TSHA
TAYSHA GENE,TSHA
TAYSHA GENE THERAPIES INC,TSHA
"TAYSHA GENE THERAPIES, INC.",TSHA
TC BANCSHARES INC,TCBC
"TC BANCSHARES, INC.",TCBC
TC BIOPHARM (HOLDINGS) PLC,TCBPY
TC BIOPHARM (HOLDINGS) PLC,TCBWF
TC BIOPHARM HOLDINGS,TCBWF
TC BIOPHARM HOLDINGS,TCBPY
TC ENERGY,TCNCF
TC ENERGY,TRPRF
TC ENERGY,TRPEF
TC ENERGY,TNCAF
TC ENERGY,TRPPF
TC ENERGY,TCANF
TC ENERGY,TCENF
TC ENERGY,TRP
TC ENERGY,TCEYF
TC ENERGY CORP,TCENF
TC ENERGY CORP,TRPEF
TC ENERGY CORP,TCNCF
TC ENERGY CORP,TCANF
TC ENERGY CORP,TNCAF
TC ENERGY CORP,TCEYF
TC ENERGY CORP,TRPRF
TC ENERGY CORP,TRPPF
TC ENERGY CORP,TRP
TCTM,VSA
TCTM KIDS,VSA
TCTM KIDS IT EDUCATION INC,VSA
TCTM KIDS IT EDUCATION INC.,VSA
TCW,TSI
TCW STRATEGIC,TSI
TCW STRATEGIC INCOME FUND,TSI
TCW STRATEGIC INCOME FUND INC,TSI
TD SYNNEX,SNX
TD SYNNEX CORP,SNX
TDG,TDGGF
TDG GOLD,TDGGF
TDG GOLD CORP,TDGGF
TDG GOLD CORP.,TDGGF
TDH,PETZ
TDH HOLDINGS INC,PETZ
"TDH HOLDINGS,",PETZ
"TDH HOLDINGS, INC.",PETZ
TE CONNECTIVITY,TEL
TE CONNECTIVITY PLC,TEL
TEADS,TEAD
TEADS HOLDING,TEAD
TEADS HOLDING CO,TEAD
TEADS HOLDING CO.,TEAD
TEAM,TISI
TEAM INC,TISI
TECHCOM INC,TCRI
"TECHCOM,",TCRI
"TECHCOM, INC.",TCRI
TECHNIP,THNPY
TECHNIP,THNPF
TECHNIP ENERGIES,THNPY
TECHNIP ENERGIES,THNPF
TECHNIP ENERGIES N.V.,THNPY
TECHNIP ENERGIES N.V.,THNPF
TECHNIP ENERGIES NV,THNPF
TECHNIP ENERGIES NV,THNPY
TECHNIPFMC,FTI
TECHNIPFMC PLC,FTI
TECHNOLOGY,TETEF
TECHNOLOGY,TETWF
TECHNOLOGY,TETUF
TECHNOLOGY  TELECOMMUNICATION ACQUISITION,TETWF
TECHNOLOGY  TELECOMMUNICATION ACQUISITION,TETUF
TECHNOLOGY  TELECOMMUNICATION ACQUISITION,TETEF
TECHNOLOGY & TELECOMMUNICATION ACQUISITION CORP,TETUF
TECHNOLOGY & TELECOMMUNICATION ACQUISITION CORP,TETWF
TECHNOLOGY & TELECOMMUNICATION ACQUISITION CORP,TETEF
TECHPOINT INC,THPTF
"TECHPOINT,",THPTF
"TECHPOINT, INC.",THPTF
TECHPRECISION,TPCS
TECHPRECISION CORP,TPCS
TECHTARGET INC,TTGT
"TECHTARGET,",TTGT
"TECHTARGET, INC.",TTGT
TECK,TECK
TECK,TCKRF
TECK RESOURCES,TECK
TECK RESOURCES,TCKRF
TECK RESOURCES LTD,TCKRF
TECK RESOURCES LTD,TECK
TECNOGLASS,TGLS
TECNOGLASS INC,TGLS
TECNOGLASS INC.,TGLS
TECOGEN,TGEN
TECOGEN INC,TGEN
TECOGEN INC.,TGEN
TECTONIC,TETOD
TECTONIC,TECX
TECTONIC,TECTP
TECTONIC FINANCIAL INC,TECTP
"TECTONIC FINANCIAL,",TECTP
"TECTONIC FINANCIAL, INC.",TECTP
TECTONIC METALS,TETOD
TECTONIC METALS INC,TETOD
TECTONIC METALS INC.,TETOD
TECTONIC THERAPEUTIC INC,TECX
"TECTONIC THERAPEUTIC,",TECX
"TECTONIC THERAPEUTIC, INC.",TECX
TEEKAY,TNK
TEEKAY,TK
TEEKAY CORP,TK
TEEKAY CORP LTD,TK
TEEKAY TANKERS,TNK
TEEKAY TANKERS LTD,TNK
TEEKAY TANKERS LTD.,TNK
TEGNA,TGNA
TEGNA INC,TGNA
TEGO,TGCB
TEGO CYBER INC,TGCB
"TEGO CYBER,",TGCB
"TEGO CYBER, INC.",TGCB
TEJON,TRC
TEJON RANCH,TRC
TEJON RANCH CO,TRC
TEKUMO INC,TKMO
"TEKUMO,",TKMO
"TEKUMO, INC.",TKMO
TEL,TIKK
TEL INSTRUMENT,TIKK
TEL INSTRUMENT ELECTRONICS,TIKK
TEL INSTRUMENT ELECTRONICS CORP,TIKK
TELA,TELA
TELA BIO INC,TELA
"TELA BIO,",TELA
"TELA BIO, INC.",TELA
TELADOC,TDOC
TELADOC HEALTH INC,TDOC
"TELADOC HEALTH,",TDOC
"TELADOC HEALTH, INC.",TDOC
TELCO,SLDC
TELCO CUBA INC,SLDC
"TELCO CUBA,",SLDC
"TELCO CUBA, INC.",SLDC
TELECOM,TCMFF
TELECOM,TEO
TELECOM ARGENTINA,TCMFF
TELECOM ARGENTINA,TEO
TELECOM ARGENTINA SA,TEO
TELECOM ARGENTINA SA,TCMFF
TELEDYNE,TDY
TELEDYNE TECHNOLOGIES,TDY
TELEDYNE TECHNOLOGIES INC,TDY
TELEFLEX,TFX
TELEFLEX INC,TFX
TELEFONICA,TEF
TELEFONICA,VIV
TELEFONICA,TEFOF
TELEFONICA BRASIL,VIV
TELEFONICA BRASIL S.A.,VIV
TELEFONICA BRASIL SA,VIV
TELEFONICA S A,TEFOF
TELEFONICA S A,TEF
TELENOR,TELNF
TELENOR,TELNY
TELENOR ASA,TELNY
TELENOR ASA,TELNF
TELEPHONE,TDS
TELEPHONE  DATA SYSTEMS INC DE,TDS
TELEPHONE & DATA SYSTEMS INC /DE/,TDS
TELESAT,TSAT
TELESAT CORP,TSAT
TELIX,TLX
TELIX,TLPPF
TELIX PHARMACEUTICALS,TLX
TELIX PHARMACEUTICALS,TLPPF
TELIX PHARMACEUTICALS LTD,TLX
TELIX PHARMACEUTICALS LTD,TLPPF
TELKONET,TKOI
TELKONET INC,TKOI
TELOMIR,TELO
TELOMIR PHARMACEUTICALS INC,TELO
"TELOMIR PHARMACEUTICALS,",TELO
"TELOMIR PHARMACEUTICALS, INC.",TELO
TELOS,TLS
TELOS CORP,TLS
TELUS,TU
TELUS,TIXT
TELUS CORP,TU
TELUS INTERNATIONAL,TIXT
TELUS INTERNATIONAL (CDA) INC.,TIXT
TELUS INTERNATIONAL CDA INC,TIXT
TEMPEST,TPST
TEMPEST THERAPEUTICS INC,TPST
"TEMPEST THERAPEUTICS,",TPST
"TEMPEST THERAPEUTICS, INC.",TPST
TEMPLETON,TXEMF
TEMPLETON,TDF
TEMPLETON,EMF
TEMPLETON,TEI
TEMPLETON DRAGON,TDF
TEMPLETON DRAGON FUND,TDF
TEMPLETON DRAGON FUND INC,TDF
TEMPLETON EMERGING,TEI
TEMPLETON EMERGING,TXEMF
TEMPLETON EMERGING,EMF
TEMPLETON EMERGING MARKETS FUND,EMF
TEMPLETON EMERGING MARKETS INCOME FUND,TEI
TEMPLETON EMERGING MARKETS INCOME FUND,TXEMF
TEMPUS,TEM
TEMPUS AI INC,TEM
"TEMPUS AI,",TEM
"TEMPUS AI, INC.",TEM
TEN,XHLD
TEN HOLDINGS INC,XHLD
"TEN HOLDINGS,",XHLD
"TEN HOLDINGS, INC.",XHLD
TEN-LEAGUE,TLIH
TEN-LEAGUE INTERNATIONAL,TLIH
TEN-LEAGUE INTERNATIONAL HOLDINGS LTD,TLIH
TENABLE,TENB
TENABLE HOLDINGS INC,TENB
"TENABLE HOLDINGS,",TENB
"TENABLE HOLDINGS, INC.",TENB
TENARIS,TNRSF
TENARIS,TS
TENARIS SA,TS
TENARIS SA,TNRSF
TENAX,TENX
TENAX THERAPEUTICS INC,TENX
"TENAX THERAPEUTICS,",TENX
"TENAX THERAPEUTICS, INC.",TENX
TENAYA,TNYA
TENAYA THERAPEUTICS INC,TNYA
"TENAYA THERAPEUTICS,",TNYA
"TENAYA THERAPEUTICS, INC.",TNYA
TENCENT,TME
TENCENT,TCMEF
TENCENT MUSIC,TCMEF
TENCENT MUSIC,TME
TENCENT MUSIC ENTERTAINMENT,TCMEF
TENCENT MUSIC ENTERTAINMENT,TME
TENCENT MUSIC ENTERTAINMENT GROUP,TME
TENCENT MUSIC ENTERTAINMENT GROUP,TCMEF
TENET,PKKFF
TENET,THC
TENET FINTECH,PKKFF
TENET FINTECH GROUP INC,PKKFF
TENET FINTECH GROUP INC.,PKKFF
TENET HEALTHCARE,THC
TENET HEALTHCARE CORP,THC
TENLEAGUE,TLIH
TENNANT,TNC
TENNANT CO,TNC
TENNESSEE,TVE
TENNESSEE,TVC
TENNESSEE VALLEY,TVE
TENNESSEE VALLEY,TVC
TENNESSEE VALLEY AUTHORITY,TVE
TENNESSEE VALLEY AUTHORITY,TVC
TENON,TNON
TENON,TNONW
TENON MEDICAL INC,TNON
TENON MEDICAL INC,TNONW
"TENON MEDICAL,",TNONW
"TENON MEDICAL,",TNON
"TENON MEDICAL, INC.",TNON
"TENON MEDICAL, INC.",TNONW
TERADATA,TDC
TERADATA CORP,TDC
TERADATA CORP /DE/,TDC
TERADATA CORP DE,TDC
TERADYNE,TER
"TERADYNE,",TER
"TERADYNE, INC",TER
TERAWULF,WULF
TERAWULF INC,WULF
TERAWULF INC.,WULF
TEREX,TEX
TEREX CORP,TEX
TERNIUM,TX
TERNIUM S.A.,TX
TERNIUM SA,TX
TERNS,TERN
TERNS PHARMACEUTICALS INC,TERN
"TERNS PHARMACEUTICALS,",TERN
"TERNS PHARMACEUTICALS, INC.",TERN
TERRA,TPTA
TERRA,TFSA
TERRA,NKLR
TERRA INCOME,TFSA
TERRA INCOME FUND 6,TFSA
"TERRA INCOME FUND 6, LLC",TFSA
TERRA INNOVATUM,NKLR
TERRA INNOVATUM GLOBAL S.R.L.,NKLR
TERRA INNOVATUM GLOBAL SRL,NKLR
TERRA PROPERTY,TPTA
TERRA PROPERTY TRUST INC,TPTA
"TERRA PROPERTY TRUST, INC.",TPTA
TERRASCEND,TSNDF
TERRASCEND CORP,TSNDF
TERRASCEND CORP.,TSNDF
TERRENO,TRNO
TERRENO REALTY,TRNO
TERRENO REALTY CORP,TRNO
TESLA INC,TSLA
"TESLA,",TSLA
"TESLA, INC.",TSLA
TETRA,TTI
TETRA,TTEK
TETRA TECH,TTEK
TETRA TECH INC,TTEK
TETRA TECHNOLOGIES,TTI
TETRA TECHNOLOGIES INC,TTI
TEUCRIUM,CANE
TEUCRIUM,CORN
TEUCRIUM,SOYB
TEUCRIUM,TAGS
TEUCRIUM,WEAT
TEUCRIUM COMMODITY,SOYB
TEUCRIUM COMMODITY,CORN
TEUCRIUM COMMODITY,CANE
TEUCRIUM COMMODITY,WEAT
TEUCRIUM COMMODITY,TAGS
TEUCRIUM COMMODITY TRUST,CANE
TEUCRIUM COMMODITY TRUST,SOYB
TEUCRIUM COMMODITY TRUST,WEAT
TEUCRIUM COMMODITY TRUST,CORN
TEUCRIUM COMMODITY TRUST,TAGS
TEVA,TEVJF
TEVA,TEVA
TEVA PHARMACEUTICAL,TEVJF
TEVA PHARMACEUTICAL,TEVA
TEVA PHARMACEUTICAL INDUSTRIES LTD,TEVA
TEVA PHARMACEUTICAL INDUSTRIES LTD,TEVJF
TEVOGEN,TVGN
TEVOGEN,TVGNW
TEVOGEN BIO,TVGN
TEVOGEN BIO,TVGNW
TEVOGEN BIO HOLDINGS INC,TVGN
TEVOGEN BIO HOLDINGS INC,TVGNW
TEVOGEN BIO HOLDINGS INC.,TVGNW
TEVOGEN BIO HOLDINGS INC.,TVGN
TEXAS,TXRH
TEXAS,TCBIO
TEXAS,TVACU
TEXAS,TMRC
TEXAS,TXN
TEXAS,TCBS
TEXAS,TVA
TEXAS,TPL
TEXAS,TVACW
TEXAS,TCBI
TEXAS CAPITAL,TCBIO
TEXAS CAPITAL,TCBI
TEXAS CAPITAL BANCSHARES INC/TX,TCBI
TEXAS CAPITAL BANCSHARES INC/TX,TCBIO
TEXAS CAPITAL BANCSHARES INCTX,TCBIO
TEXAS CAPITAL BANCSHARES INCTX,TCBI
TEXAS COMMUNITY,TCBS
TEXAS COMMUNITY BANCSHARES INC,TCBS
"TEXAS COMMUNITY BANCSHARES, INC.",TCBS
TEXAS INSTRUMENTS,TXN
TEXAS INSTRUMENTS INC,TXN
TEXAS MINERAL,TMRC
TEXAS MINERAL RESOURCES CORP,TMRC
TEXAS MINERAL RESOURCES CORP.,TMRC
TEXAS PACIFIC,TPL
TEXAS PACIFIC LAND,TPL
TEXAS PACIFIC LAND CORP,TPL
TEXAS ROADHOUSE INC,TXRH
"TEXAS ROADHOUSE,",TXRH
"TEXAS ROADHOUSE, INC.",TXRH
TEXAS VENTURES,TVA
TEXAS VENTURES,TVACW
TEXAS VENTURES,TVACU
TEXAS VENTURES ACQUISITION III,TVACU
TEXAS VENTURES ACQUISITION III,TVACW
TEXAS VENTURES ACQUISITION III,TVA
TEXAS VENTURES ACQUISITION III CORP,TVACW
TEXAS VENTURES ACQUISITION III CORP,TVA
TEXAS VENTURES ACQUISITION III CORP,TVACU
TEXTRON,TXT
TEXTRON INC,TXT
TFI,TFII
TFI INTERNATIONAL,TFII
TFI INTERNATIONAL INC,TFII
TFI INTERNATIONAL INC.,TFII
TFS,TFSL
TFS FINANCIAL,TFSL
TFS FINANCIAL CORP,TFSL
TG THERAPEUTICS INC,TGTX
"TG THERAPEUTICS, INC.",TGTX
TH,THCH
TH INTERNATIONAL LTD,THCH
THARIMMUNE INC,THAR
"THARIMMUNE,",THAR
"THARIMMUNE, INC.",THAR
THAYER,TVAIU
THAYER,TVAI
THAYER VENTURES,TVAIU
THAYER VENTURES,TVAI
THAYER VENTURES ACQUISITION CORP II,TVAIU
THAYER VENTURES ACQUISITION CORP II,TVAI
THE9,NCTY
THE9 LTD,NCTY
THEGLOBE,TGLO
THEGLOBE COM,TGLO
THEGLOBE COM INC,TGLO
THERAPEUTIC,TSOI
THERAPEUTIC SOLUTIONS,TSOI
THERAPEUTIC SOLUTIONS INTERNATIONAL INC,TSOI
"THERAPEUTIC SOLUTIONS INTERNATIONAL, INC.",TSOI
THERAPEUTICSMD INC,TXMD
"THERAPEUTICSMD,",TXMD
"THERAPEUTICSMD, INC.",TXMD
THERATECHNOLOGIES,THTX
THERATECHNOLOGIES INC,THTX
THERATECHNOLOGIES INC.,THTX
THERAVANCE,TBPH
THERAVANCE BIOPHARMA INC,TBPH
"THERAVANCE BIOPHARMA,",TBPH
"THERAVANCE BIOPHARMA, INC.",TBPH
THEREALREAL INC,REAL
"THEREALREAL,",REAL
"THEREALREAL, INC.",REAL
THERIVA,TOVX
THERIVA BIOLOGICS INC,TOVX
"THERIVA BIOLOGICS,",TOVX
"THERIVA BIOLOGICS, INC.",TOVX
THERMO,TMO
THERMO FISHER,TMO
THERMO FISHER SCIENTIFIC INC,TMO
THERMO FISHER SCIENTIFIC INC.,TMO
THERMON,THR
THERMON GROUP,THR
THERMON GROUP HOLDINGS INC,THR
"THERMON GROUP HOLDINGS, INC.",THR
THESIS,THSGF
THESIS GOLD,THSGF
THESIS GOLD INC,THSGF
THESIS GOLD INC.,THSGF
THIOGENESIS,TTIPF
THIOGENESIS THERAPEUTICS CORP,TTIPF
"THIOGENESIS THERAPEUTICS,",TTIPF
"THIOGENESIS THERAPEUTICS, CORP.",TTIPF
THIRD,TCBX
THIRD,THRD
THIRD COAST,TCBX
THIRD COAST BANCSHARES INC,TCBX
"THIRD COAST BANCSHARES, INC.",TCBX
THIRD HARMONIC,THRD
THIRD HARMONIC BIO INC,THRD
"THIRD HARMONIC BIO, INC.",THRD
THOMSON,TRI
THOMSON,TMSOF
THOMSON REUTERS,TRI
THOMSON REUTERS,TMSOF
THOMSON REUTERS CORP /CAN/,TRI
THOMSON REUTERS CORP /CAN/,TMSOF
THOMSON REUTERS CORP CAN,TRI
THOMSON REUTERS CORP CAN,TMSOF
THOR,THO
THOR INDUSTRIES,THO
THOR INDUSTRIES INC,THO
THORNBURG,TBLD
THORNBURG INCOME,TBLD
THORNBURG INCOME BUILDER OPPORTUNITIES TRUST,TBLD
THOUGHTFUL,TMGX
THOUGHTFUL MEDIA,TMGX
THOUGHTFUL MEDIA GROUP INC,TMGX
THOUGHTFUL MEDIA GROUP INC.,TMGX
THREDUP,TDUP
THREDUP INC,TDUP
THREDUP INC.,TDUP
THRYV,THRY
THRYV HOLDINGS INC,THRY
"THRYV HOLDINGS,",THRY
"THRYV HOLDINGS, INC.",THRY
THUMZUP,TZUP
THUMZUP MEDIA,TZUP
THUMZUP MEDIA CORP,TZUP
THUNDER,AIEV
THUNDER,THMG
THUNDER MOUNTAIN,THMG
THUNDER MOUNTAIN GOLD,THMG
THUNDER MOUNTAIN GOLD INC,THMG
THUNDER POWER,AIEV
THUNDER POWER HOLDINGS INC,AIEV
"THUNDER POWER HOLDINGS, INC.",AIEV
THUNDERSTRUCK,THURF
THUNDERSTRUCK RESOURCES,THURF
THUNDERSTRUCK RESOURCES LTD,THURF
THUNDERSTRUCK RESOURCES LTD.,THURF
TIAN,TIRX
TIAN RUIXIANG,TIRX
TIAN RUIXIANG HOLDINGS LTD,TIRX
TIAN'AN,TANAF
TIAN'AN TECHNOLOGY,TANAF
TIAN'AN TECHNOLOGY GROUP LTD,TANAF
TIANAN TECHNOLOGY,TANAF
TIANCI,CIIT
TIANCI INTERNATIONAL INC,CIIT
"TIANCI INTERNATIONAL,",CIIT
"TIANCI INTERNATIONAL, INC.",CIIT
TIDAL,DEFI
TIDAL COMMODITIES,DEFI
TIDAL COMMODITIES TRUST I,DEFI
TIDEWATER,TDW
TIDEWATER,TDDWW
TIDEWATER,TDGMW
TIDEWATER INC,TDW
TIDEWATER INC,TDGMW
TIDEWATER INC,TDDWW
TIER,TSLVF
TIER ONE,TSLVF
TIER ONE SILVER INC,TSLVF
TIER ONE SILVER INC.,TSLVF
TIGO,TYGO
TIGO ENERGY INC,TYGO
"TIGO ENERGY,",TYGO
"TIGO ENERGY, INC.",TYGO
TILE,TTSH
TILE SHOP,TTSH
TILE SHOP HOLDINGS INC,TTSH
"TILE SHOP HOLDINGS, INC.",TTSH
"TILLY'S,",TLYS
"TILLY'S, INC.",TLYS
TILLYS INC,TLYS
TILRAY,TLRY
TILRAY BRANDS INC,TLRY
"TILRAY BRANDS,",TLRY
"TILRAY BRANDS, INC.",TLRY
TILT,TLLTF
TILT HOLDINGS,TLLTF
TILT HOLDINGS INC,TLLTF
TILT HOLDINGS INC.,TLLTF
TIM,TIMB
TIM S.A.,TIMB
TIM SA,TIMB
TIMBER,TMRD
TIMBER ROAD,TMRD
TIMBER ROAD ACQUISITION,TMRD
TIMBER ROAD ACQUISITION CORP,TMRD
TIMBERLAND,TSBK
TIMBERLAND BANCORP,TSBK
TIMBERLAND BANCORP INC,TSBK
TIMKEN,TKR
TIMKEN CO,TKR
TINCORP,TINFF
TINCORP METALS,TINFF
TINCORP METALS INC,TINFF
TINCORP METALS INC.,TINFF
TINY,TNYZF
TINY LTD,TNYZF
TINY LTD.,TNYZF
TIPTREE,TIPT
TIPTREE INC,TIPT
TIPTREE INC.,TIPT
TITAN,TACHU
TITAN,TTAM
TITAN,TTNP
TITAN,TACH
TITAN,TWI
TITAN,TESI
TITAN,TITN
TITAN,TACHW
TITAN ACQUISITION,TACHW
TITAN ACQUISITION,TACHU
TITAN ACQUISITION,TACH
TITAN ACQUISITION CORP,TACHW
TITAN ACQUISITION CORP,TACH
TITAN ACQUISITION CORP,TACHU
TITAN ACQUISITION CORP.,TACHW
TITAN ACQUISITION CORP.,TACH
TITAN ACQUISITION CORP.,TACHU
TITAN AMERICA,TTAM
TITAN AMERICA SA,TTAM
TITAN ENVIRONMENTAL,TESI
TITAN ENVIRONMENTAL SOLUTIONS INC,TESI
TITAN ENVIRONMENTAL SOLUTIONS INC.,TESI
TITAN INTERNATIONAL,TWI
TITAN INTERNATIONAL INC,TWI
TITAN MACHINERY,TITN
TITAN MACHINERY INC,TITN
TITAN MACHINERY INC.,TITN
TITAN PHARMACEUTICALS,TTNP
TITAN PHARMACEUTICALS INC,TTNP
TIVIC,TIVC
TIVIC HEALTH,TIVC
TIVIC HEALTH SYSTEMS INC,TIVC
"TIVIC HEALTH SYSTEMS, INC.",TIVC
TIZIANA,TLSA
TIZIANA LIFE,TLSA
TIZIANA LIFE SCIENCES,TLSA
TIZIANA LIFE SCIENCES LTD,TLSA
TJX,TJX
TJX COMPANIES,TJX
TJX COMPANIES INC /DE/,TJX
TJX COMPANIES INC DE,TJX
TKO,TKO
TKO GROUP,TKO
TKO GROUP HOLDINGS INC,TKO
"TKO GROUP HOLDINGS, INC.",TKO
TLGY,TLGWF
TLGY,TLGUF
TLGY,TLGYF
TLGY ACQUISITION,TLGYF
TLGY ACQUISITION,TLGWF
TLGY ACQUISITION,TLGUF
TLGY ACQUISITION CORP,TLGWF
TLGY ACQUISITION CORP,TLGYF
TLGY ACQUISITION CORP,TLGUF
TMC,TMCWW
TMC,TMC
TMC THE,TMCWW
TMC THE,TMC
TMC THE METALS CO INC,TMCWW
TMC THE METALS CO INC,TMC
TMC THE METALS CO INC.,TMC
TMC THE METALS CO INC.,TMCWW
TMD,TMDE
TMD ENERGY,TMDE
TMD ENERGY LTD,TMDE
TMOBILE US INC,TMUS
TNF,TNFA
TNF PHARMACEUTICALS INC,TNFA
"TNF PHARMACEUTICALS,",TNFA
"TNF PHARMACEUTICALS, INC.",TNFA
TNL,TNMG
TNL,TNMWF
TNL MEDIAGENE,TNMG
TNL MEDIAGENE,TNMWF
TOAST INC,TOST
"TOAST,",TOST
"TOAST, INC.",TOST
TOCCA,TLIF
TOCCA LIFE,TLIF
TOCCA LIFE HOLDINGS INC,TLIF
"TOCCA LIFE HOLDINGS, INC.",TLIF
TOFLA,TFLM
TOFLA MEGALINE,TFLM
TOFLA MEGALINE INC,TFLM
TOFLA MEGALINE INC.,TFLM
TOFUTTI,TOFB
TOFUTTI BRANDS,TOFB
TOFUTTI BRANDS INC,TOFB
TOHO,THCLY
TOHO CO LTDADR,THCLY
"TOHO CO.,",THCLY
"TOHO CO., LTD./ADR",THCLY
TOKEN,TC
TOKEN,TKCM
TOKEN CAT,TC
TOKEN CAT LTD,TC
TOKEN COMMUNITIES,TKCM
TOKEN COMMUNITIES LTD,TKCM
TOKEN COMMUNITIES LTD.,TKCM
TOKYO,TKLF
TOKYO,TOKCF
TOKYO,TKCYY
TOKYO,TKMEF
TOKYO,TKMTY
TOKYO LIFESTYLE,TKLF
TOKYO LIFESTYLE CO LTD,TKLF
"TOKYO LIFESTYLE CO., LTD.",TKLF
TOKYO METRO,TKMTY
TOKYO METRO,TKMEF
TOKYO METRO CO LTDADR,TKMTY
TOKYO METRO CO LTDADR,TKMEF
"TOKYO METRO CO., LTD./ADR",TKMTY
"TOKYO METRO CO., LTD./ADR",TKMEF
TOKYO OHKA,TOKCF
TOKYO OHKA,TKCYY
TOKYO OHKA KOGYO CO LTDADR,TKCYY
TOKYO OHKA KOGYO CO LTDADR,TOKCF
"TOKYO OHKA KOGYO CO., LTD./ADR",TKCYY
"TOKYO OHKA KOGYO CO., LTD./ADR",TOKCF
TOLL,TOL
TOLL BROTHERS INC,TOL
"TOLL BROTHERS,",TOL
"TOLL BROTHERS, INC.",TOL
TOMI,TOMZ
TOMI ENVIRONMENTAL,TOMZ
TOMI ENVIRONMENTAL SOLUTIONS INC,TOMZ
"TOMI ENVIRONMENTAL SOLUTIONS, INC.",TOMZ
TOMPKINS,TMP
TOMPKINS FINANCIAL,TMP
TOMPKINS FINANCIAL CORP,TMP
TONG,TYZ
TONG YING,TYZ
TONG YING GROUP,TYZ
TONIX,TNXP
TONIX PHARMACEUTICALS,TNXP
TONIX PHARMACEUTICALS HOLDING CORP,TNXP
TONIX PHARMACEUTICALS HOLDING CORP.,TNXP
TOOTSIE,TROLB
TOOTSIE,TR
TOOTSIE ROLL,TR
TOOTSIE ROLL,TROLB
TOOTSIE ROLL INDUSTRIES INC,TROLB
TOOTSIE ROLL INDUSTRIES INC,TR
TOP,TOPS
TOP,TOP
TOP,TWG
TOP,WAI
TOP,SORA
TOP FINANCIAL,TOP
TOP FINANCIAL GROUP LTD,TOP
TOP KINGWIN,WAI
TOP KINGWIN LTD,WAI
TOP SHIPS,TOPS
TOP SHIPS INC,TOPS
TOP SHIPS INC.,TOPS
TOP WEALTH,TWG
TOP WEALTH GROUP HOLDING,TWG
TOP WEALTH GROUP HOLDING LTD,TWG
TOP WIN,SORA
TOP WIN INTERNATIONAL LTD,SORA
TOPBUILD,BLD
TOPBUILD CORP,BLD
TOPGOLF,MODG
TOPGOLF CALLAWAY,MODG
TOPGOLF CALLAWAY BRANDS CORP,MODG
TOPGOLF CALLAWAY BRANDS CORP.,MODG
TOPPOINT,TOPP
TOPPOINT HOLDINGS,TOPP
TOPPOINT HOLDINGS INC,TOPP
TOPPOINT HOLDINGS INC.,TOPP
TORM,TRMD
TORM PLC,TRMD
TORO,TORO
TORO,TTC
TORO CO,TTC
TORO CORP,TORO
TORO CORP.,TORO
TORONTO,TDBKF
TORONTO,TDOMF
TORONTO,TD
TORONTO,TDBCP
TORONTO DOMINION,TDBCP
TORONTO DOMINION,TD
TORONTO DOMINION,TDBKF
TORONTO DOMINION,TDOMF
TORONTO DOMINION BANK,TDBKF
TORONTO DOMINION BANK,TD
TORONTO DOMINION BANK,TDOMF
TORONTO DOMINION BANK,TDBCP
TORQ,TRBMF
TORQ RESOURCES,TRBMF
TORQ RESOURCES INC,TRBMF
TORQ RESOURCES INC.,TRBMF
TORRID,CURV
TORRID HOLDINGS,CURV
TORRID HOLDINGS INC,CURV
TORRID HOLDINGS INC.,CURV
TORTOISE,TYG
TORTOISE,TEAF
TORTOISE ENERGY,TYG
TORTOISE ENERGY INFRASTRUCTURE,TYG
TORTOISE ENERGY INFRASTRUCTURE CORP,TYG
TORTOISE SUSTAINABLE,TEAF
TORTOISE SUSTAINABLE  SOCIAL IMPACT TERM FUND,TEAF
TORTOISE SUSTAINABLE & SOCIAL IMPACT TERM FUND,TEAF
TOTAL,SWZ
TOTAL RETURN,SWZ
TOTAL RETURN SECURITIES FUND,SWZ
TOTALENERGIES,TTFNF
TOTALENERGIES,TTE
TOTALENERGIES SE,TTE
TOTALENERGIES SE,TTFNF
TOTALIGENT INC,TGNT
"TOTALIGENT,",TGNT
"TOTALIGENT, INC.",TGNT
TOURMALINE,TRML
TOURMALINE BIO INC,TRML
"TOURMALINE BIO,",TRML
"TOURMALINE BIO, INC.",TRML
TOWER,TSEM
TOWER SEMICONDUCTOR,TSEM
TOWER SEMICONDUCTOR LTD,TSEM
TOWNSQUARE,TSQ
TOWNSQUARE MEDIA INC,TSQ
"TOWNSQUARE MEDIA,",TSQ
"TOWNSQUARE MEDIA, INC.",TSQ
TOYO,TOYO
TOYO,TOYWF
TOYO CO,TOYO
TOYO CO,TOYWF
"TOYO CO.,",TOYWF
"TOYO CO.,",TOYO
"TOYO CO., LTD",TOYWF
"TOYO CO., LTD",TOYO
TOYOTA,TM
TOYOTA,TYHOY
TOYOTA,TOYOF
TOYOTA,TYHOF
TOYOTA MOTOR,TM
TOYOTA MOTOR,TOYOF
TOYOTA MOTOR CORP,TM
TOYOTA MOTOR CORP,TOYOF
TOYOTA MOTOR CORP/,TM
TOYOTA MOTOR CORP/,TOYOF
TOYOTA TSUSHO,TYHOY
TOYOTA TSUSHO,TYHOF
TOYOTA TSUSHO CORPORATION/ADR,TYHOY
TOYOTA TSUSHO CORPORATION/ADR,TYHOF
TOYOTA TSUSHO CORPORATIONADR,TYHOY
TOYOTA TSUSHO CORPORATIONADR,TYHOF
TPG,TPG
TPG,TRTX
TPG,TPGXL
TPG INC,TPGXL
TPG INC,TPG
TPG INC.,TPGXL
TPG INC.,TPG
TPG RE FINANCE TRUST INC,TRTX
"TPG RE FINANCE TRUST, INC.",TRTX
TPI,TPIC
TPI COMPOSITES,TPIC
"TPI COMPOSITES,",TPIC
"TPI COMPOSITES, INC",TPIC
TRACK,TRCK
TRACK GROUP INC,TRCK
"TRACK GROUP,",TRCK
"TRACK GROUP, INC.",TRCK
TRACTOR,TSCO
TRACTOR SUPPLY,TSCO
TRACTOR SUPPLY CO /DE/,TSCO
TRACTOR SUPPLY CO DE,TSCO
TRADE,TTD
TRADE DESK INC,TTD
"TRADE DESK,",TTD
"TRADE DESK, INC.",TTD
TRADEWEB,TW
TRADEWEB MARKETS,TW
TRADEWEB MARKETS INC,TW
TRADEWEB MARKETS INC.,TW
TRADEWINDS,TRWD
TRADEWINDS UNIVERSAL,TRWD
TRAEGER INC,COOK
"TRAEGER,",COOK
"TRAEGER, INC.",COOK
TRAILBLAZER,TBMC
TRAILBLAZER,TBMCR
TRAILBLAZER MERGER,TBMCR
TRAILBLAZER MERGER,TBMC
TRAILBLAZER MERGER CORP I,TBMCR
TRAILBLAZER MERGER CORP I,TBMC
TRANE,TT
TRANE TECHNOLOGIES,TT
TRANE TECHNOLOGIES PLC,TT
TRANS,TNLX
TRANS,GRPS
TRANS AMERICAN,GRPS
TRANS AMERICAN AQUACULTURE,GRPS
"TRANS AMERICAN AQUACULTURE, INC",GRPS
TRANS LUX,TNLX
TRANS LUX CORP,TNLX
TRANSACT,TACT
TRANSACT TECHNOLOGIES,TACT
TRANSACT TECHNOLOGIES INC,TACT
TRANSALTA,TRNTF
TRANSALTA,TAC
TRANSALTA,TSLTF
TRANSALTA,TACPF
TRANSALTA CORP,TAC
TRANSALTA CORP,TSLTF
TRANSALTA CORP,TRNTF
TRANSALTA CORP,TACPF
TRANSCAT,TRNS
TRANSCAT INC,TRNS
TRANSCODE,RNAZ
TRANSCODE THERAPEUTICS INC,RNAZ
"TRANSCODE THERAPEUTICS,",RNAZ
"TRANSCODE THERAPEUTICS, INC.",RNAZ
TRANSCONTINENTAL,TCI
TRANSCONTINENTAL REALTY,TCI
TRANSCONTINENTAL REALTY INVESTORS,TCI
TRANSCONTINENTAL REALTY INVESTORS INC,TCI
TRANSDIGM,TDG
TRANSDIGM GROUP,TDG
TRANSDIGM GROUP INC,TDG
TRANSLATIONAL,TDACW
TRANSLATIONAL,TDACU
TRANSLATIONAL,TDAC
TRANSLATIONAL DEVELOPMENT,TDACW
TRANSLATIONAL DEVELOPMENT,TDACU
TRANSLATIONAL DEVELOPMENT,TDAC
TRANSLATIONAL DEVELOPMENT ACQUISITION CORP,TDAC
TRANSLATIONAL DEVELOPMENT ACQUISITION CORP,TDACU
TRANSLATIONAL DEVELOPMENT ACQUISITION CORP,TDACW
TRANSLATIONAL DEVELOPMENT ACQUISITION CORP.,TDACU
TRANSLATIONAL DEVELOPMENT ACQUISITION CORP.,TDACW
TRANSLATIONAL DEVELOPMENT ACQUISITION CORP.,TDAC
TRANSMEDICS,TMDX
TRANSMEDICS GROUP INC,TMDX
"TRANSMEDICS GROUP,",TMDX
"TRANSMEDICS GROUP, INC.",TMDX
TRANSOCEAN,RIG
TRANSOCEAN LTD,RIG
TRANSOCEAN LTD.,RIG
TRANSPORTATION,TLSS
TRANSPORTATION  LOGISTICS SYSTEMS INC,TLSS
"TRANSPORTATION & LOGISTICS SYSTEMS, INC.",TLSS
TRANSUITE.ORG,TRSO
TRANSUITE.ORG INC.,TRSO
TRANSUITEORG INC,TRSO
TRANSUNION,TRU
TRAVEL,TNL
TRAVEL  LEISURE CO,TNL
TRAVEL & LEISURE CO.,TNL
TRAVELERS,TRV
TRAVELERS COMPANIES INC,TRV
"TRAVELERS COMPANIES,",TRV
"TRAVELERS COMPANIES, INC.",TRV
TRAVELZOO,TZOO
TRAVERE,TVTX
TRAVERE THERAPEUTICS INC,TVTX
"TRAVERE THERAPEUTICS,",TVTX
"TRAVERE THERAPEUTICS, INC.",TVTX
TRAWS,TRAW
TRAWS PHARMA INC,TRAW
"TRAWS PHARMA,",TRAW
"TRAWS PHARMA, INC.",TRAW
TREACE,TMCI
TREACE MEDICAL,TMCI
TREACE MEDICAL CONCEPTS INC,TMCI
"TREACE MEDICAL CONCEPTS, INC.",TMCI
TREASURE,TGL
TREASURE GLOBAL,TGL
TREASURE GLOBAL INC,TGL
TREDEGAR,TG
TREDEGAR CORP,TG
TREEHOUSE,THS
TREEHOUSE FOODS INC,THS
"TREEHOUSE FOODS,",THS
"TREEHOUSE FOODS, INC.",THS
TREES,CANN
TREES CORP,CANN
TREES CORP (COLORADO),CANN
TREES CORP COLORADO,CANN
TRENCHANT,AITTF
TRENCHANT TECHNOLOGIES,AITTF
TRENCHANT TECHNOLOGIES CAPITAL CORP,AITTF
TRENCHANT TECHNOLOGIES CAPITAL CORP.,AITTF
TREVENA,TRVN
TREVENA INC,TRVN
TREVI,TRVI
TREVI THERAPEUTICS INC,TRVI
"TREVI THERAPEUTICS,",TRVI
"TREVI THERAPEUTICS, INC.",TRVI
TREX,TREX
TREX ACQUISITION CORP,TRXA
TREX CO INC,TREX
TRI,TPH
TRI POINTE,TPH
TRI POINTE HOMES INC,TPH
"TRI POINTE HOMES, INC.",TPH
TRI-CONTINENTAL,TY-P
TRI-CONTINENTAL,TY
TRI-CONTINENTAL CORP,TY-P
TRI-CONTINENTAL CORP,TY
TRICO,TCBK
TRICO BANCSHARES,TCBK
TRICO BANCSHARES /,TCBK
TRICONTINENTAL,TY-P
TRICONTINENTAL,TY
TRIDENT,TDTH
TRIDENT DIGITAL,TDTH
TRIDENT DIGITAL TECH HOLDINGS LTD,TDTH
TRIFECTA,TRRFF
TRIFECTA GOLD,TRRFF
TRIFECTA GOLD LTD,TRRFF
TRIGON,PNTZF
TRIGON METALS,PNTZF
TRIGON METALS INC,PNTZF
TRIGON METALS INC.,PNTZF
TRILINC,TRLC
TRILINC GLOBAL,TRLC
TRILINC GLOBAL IMPACT FUND,TRLC
TRILINC GLOBAL IMPACT FUND LLC,TRLC
TRILLER,ILLRW
TRILLER,ILLR
TRILLER GROUP,ILLR
TRILLER GROUP,ILLRW
TRILLER GROUP INC,ILLRW
TRILLER GROUP INC,ILLR
TRILLER GROUP INC.,ILLR
TRILLER GROUP INC.,ILLRW
TRILLION,TRLEF
TRILLION ENERGY,TRLEF
TRILLION ENERGY INTERNATIONAL INC,TRLEF
TRILLION ENERGY INTERNATIONAL INC.,TRLEF
TRILOGY,TMQ
TRILOGY METALS,TMQ
TRILOGY METALS INC,TMQ
TRILOGY METALS INC.,TMQ
TRIMAS,TRS
TRIMAS CORP,TRS
TRIMBLE,TRMB
TRIMBLE INC,TRMB
TRIMBLE INC.,TRMB
TRINET,TNET
TRINET GROUP INC,TNET
"TRINET GROUP,",TNET
"TRINET GROUP, INC.",TNET
TRINITY,TRIN
TRINITY,TPHS
TRINITY,TRINZ
TRINITY,TRINI
TRINITY,TRN
TRINITY,TRIB
TRINITY BIOTECH,TRIB
TRINITY BIOTECH PLC,TRIB
TRINITY CAPITAL,TRIN
TRINITY CAPITAL,TRINI
TRINITY CAPITAL,TRINZ
TRINITY CAPITAL INC,TRINZ
TRINITY CAPITAL INC,TRIN
TRINITY CAPITAL INC,TRINI
TRINITY CAPITAL INC.,TRINI
TRINITY CAPITAL INC.,TRIN
TRINITY CAPITAL INC.,TRINZ
TRINITY INDUSTRIES,TRN
TRINITY INDUSTRIES INC,TRN
TRINITY PLACE,TPHS
TRINITY PLACE HOLDINGS INC,TPHS
TRINITY PLACE HOLDINGS INC.,TPHS
TRINSEO,TSE
TRINSEO PLC,TSE
TRIO,TPET
TRIO PETROLEUM,TPET
TRIO PETROLEUM CORP,TPET
TRIO PETROLEUM CORP.,TPET
TRIO-TECH,TRT
TRIO-TECH INTERNATIONAL,TRT
TRIOTECH,TRT
TRIP.COM,TRPCF
TRIP.COM,TCOM
TRIP.COM GROUP,TRPCF
TRIP.COM GROUP,TCOM
TRIP.COM GROUP LTD,TRPCF
TRIP.COM GROUP LTD,TCOM
TRIPADVISOR INC,TRIP
"TRIPADVISOR,",TRIP
"TRIPADVISOR, INC.",TRIP
TRIPCOM,TRPCF
TRIPCOM,TCOM
TRIPLE,TFPM
TRIPLE FLAG,TFPM
TRIPLE FLAG PRECIOUS METALS CORP,TFPM
TRIPLE FLAG PRECIOUS METALS CORP.,TFPM
TRIPLEPOINT,TPVG
TRIPLEPOINT VENTURE,TPVG
TRIPLEPOINT VENTURE GROWTH BDC CORP,TPVG
TRIPLEPOINT VENTURE GROWTH BDC CORP.,TPVG
TRISALUS,TLSIW
TRISALUS,TLSI
TRISALUS LIFE,TLSI
TRISALUS LIFE,TLSIW
TRISALUS LIFE SCIENCES INC,TLSI
TRISALUS LIFE SCIENCES INC,TLSIW
"TRISALUS LIFE SCIENCES, INC.",TLSI
"TRISALUS LIFE SCIENCES, INC.",TLSIW
TRIUMPH,TFIN
TRIUMPH,TFINP
TRIUMPH,TGI
TRIUMPH,TIGCF
TRIUMPH FINANCIAL INC,TFINP
TRIUMPH FINANCIAL INC,TFIN
"TRIUMPH FINANCIAL,",TFINP
"TRIUMPH FINANCIAL,",TFIN
"TRIUMPH FINANCIAL, INC.",TFIN
"TRIUMPH FINANCIAL, INC.",TFINP
TRIUMPH GOLD,TIGCF
TRIUMPH GOLD CORP,TIGCF
TRIUMPH GOLD CORP.,TIGCF
TRIUMPH GROUP,TGI
TRIUMPH GROUP INC,TGI
TRIVAGO,TRVG
TRIVAGO N.V.,TRVG
TRIVAGO NV,TRVG
TRONOX,TROX
TRONOX HOLDINGS,TROX
TRONOX HOLDINGS PLC,TROX
TROOPS INC CAYMAN ISLANDS,TROO
"TROOPS,",TROO
"TROOPS, INC.",TROO
"TROOPS, INC. /CAYMAN ISLANDS/",TROO
TRUBRIDGE INC,TBRG
"TRUBRIDGE,",TBRG
"TRUBRIDGE, INC.",TBRG
TRUEBLUE INC,TBI
"TRUEBLUE,",TBI
"TRUEBLUE, INC.",TBI
TRUECAR INC,TRUE
"TRUECAR,",TRUE
"TRUECAR, INC.",TRUE
TRUGOLF,TRUG
TRUGOLF HOLDINGS INC,TRUG
"TRUGOLF HOLDINGS,",TRUG
"TRUGOLF HOLDINGS, INC.",TRUG
TRUIST,TFC
TRUIST FINANCIAL,TFC
TRUIST FINANCIAL CORP,TFC
TRULIEVE,TCNNF
TRULIEVE CANNABIS,TCNNF
TRULIEVE CANNABIS CORP,TCNNF
TRULIEVE CANNABIS CORP.,TCNNF
TRUMP,DJTWW
TRUMP,DJT
TRUMP MEDIA,DJTWW
TRUMP MEDIA,DJT
TRUMP MEDIA  TECHNOLOGY GROUP CORP,DJTWW
TRUMP MEDIA  TECHNOLOGY GROUP CORP,DJT
TRUMP MEDIA & TECHNOLOGY GROUP CORP.,DJT
TRUMP MEDIA & TECHNOLOGY GROUP CORP.,DJTWW
TRUPANION INC,TRUP
"TRUPANION,",TRUP
"TRUPANION, INC.",TRUP
TRUSTCO,TRST
TRUSTCO BANK,TRST
TRUSTCO BANK CORP N Y,TRST
TRUSTMARK,TRMK
TRUSTMARK CORP,TRMK
TRX,TRX
TRX GOLD,TRX
TRX GOLD CORP,TRX
TRYHARD,THH
TRYHARD HOLDINGS,THH
TRYHARD HOLDINGS LTD,THH
TSAKOS,TEN
TSAKOS ENERGY,TEN
TSAKOS ENERGY NAVIGATION,TEN
TSAKOS ENERGY NAVIGATION LTD,TEN
TSCAN,TCRX
TSCAN THERAPEUTICS INC,TCRX
"TSCAN THERAPEUTICS,",TCRX
"TSCAN THERAPEUTICS, INC.",TCRX
TSS INC,TSSI
"TSS,",TSSI
"TSS, INC.",TSSI
TTEC,TTEC
TTEC HOLDINGS INC,TTEC
"TTEC HOLDINGS,",TTEC
"TTEC HOLDINGS, INC.",TTEC
TTM,TTMI
TTM TECHNOLOGIES,TTMI
TTM TECHNOLOGIES INC,TTMI
TUCOWS,TCX
TUCOWS INC,TCX
TUCOWS INC /PA/,TCX
TUCOWS INC PA,TCX
TUDOR,TDRRF
TUDOR GOLD,TDRRF
TUDOR GOLD CORP,TDRRF
TUDOR GOLD CORP.,TDRRF
TUHURA,HURA
TUHURA BIOSCIENCES INCNV,HURA
"TUHURA BIOSCIENCES,",HURA
"TUHURA BIOSCIENCES, INC./NV",HURA
TUNGRAY,TRSG
TUNGRAY TECHNOLOGIES,TRSG
TUNGRAY TECHNOLOGIES INC,TRSG
TUNIU,TOUR
TUNIU CORP,TOUR
TURBO,TURB
TURBO ENERGY SA,TURB
"TURBO ENERGY,",TURB
"TURBO ENERGY, S.A.",TURB
TURKCELL,TKC
TURKCELL ILETISIM,TKC
TURKCELL ILETISIM HIZMETLERI A S,TKC
TURNING,TPB
TURNING POINT,TPB
TURNING POINT BRANDS INC,TPB
"TURNING POINT BRANDS, INC.",TPB
TURNONGREEN INC,TOGIW
TURNONGREEN INC,TOGI
"TURNONGREEN,",TOGIW
"TURNONGREEN,",TOGI
"TURNONGREEN, INC.",TOGI
"TURNONGREEN, INC.",TOGIW
TURNSTONE,TSBX
TURNSTONE BIOLOGICS,TSBX
TURNSTONE BIOLOGICS CORP,TSBX
TURNSTONE BIOLOGICS CORP.,TSBX
TURTLE,TBCH
TURTLE BEACH,TBCH
TURTLE BEACH CORP,TBCH
TUSIMPLE,TSPH
TUSIMPLE HOLDINGS,TSPH
TUSIMPLE HOLDINGS INC,TSPH
TUSIMPLE HOLDINGS INC.,TSPH
TUTOR,TPC
TUTOR PERINI,TPC
TUTOR PERINI CORP,TPC
TUYA,TUYA
TUYA INC,TUYA
TUYA INC.,TUYA
TV CHANNELS NETWORK INC,TVCN
TV CHANNELS NETWORK INC.,TVCN
TVARDI,TVRD
TVARDI THERAPEUTICS INC,TVRD
"TVARDI THERAPEUTICS,",TVRD
"TVARDI THERAPEUTICS, INC.",TVRD
TWELVE,TWLV
TWELVE SEAS,TWLV
TWELVE SEAS INVESTMENT CO III/CAYMAN,TWLV
TWELVE SEAS INVESTMENT CO IIICAYMAN,TWLV
TWFG INC,TWFG
"TWFG,",TWFG
"TWFG, INC.",TWFG
TWILIO,TWLO
TWILIO INC,TWLO
TWIN,TWNP
TWIN,VEEE
TWIN,TWIN
TWIN DISC,TWIN
TWIN DISC INC,TWIN
TWIN HOSPITALITY,TWNP
TWIN HOSPITALITY GROUP INC,TWNP
TWIN HOSPITALITY GROUP INC.,TWNP
TWIN VEE,VEEE
TWIN VEE POWERCATS CO,VEEE
"TWIN VEE POWERCATS, CO.",VEEE
TWIST,TWST
TWIST BIOSCIENCE,TWST
TWIST BIOSCIENCE CORP,TWST
TWO,TWO
TWO,TWOH
TWO,TWOD
TWO HANDS,TWOH
TWO HANDS CORP,TWOH
TWO HARBORS,TWOD
TWO HARBORS,TWO
TWO HARBORS INVESTMENT CORP,TWO
TWO HARBORS INVESTMENT CORP,TWOD
TWO HARBORS INVESTMENT CORP.,TWOD
TWO HARBORS INVESTMENT CORP.,TWO
TXNM,TXNM
TXNM ENERGY,TXNM
TXNM ENERGY INC,TXNM
TXO,TXO
TXO PARTNERS,TXO
"TXO PARTNERS,",TXO
"TXO PARTNERS, L.P.",TXO
TYLER,TYL
TYLER TECHNOLOGIES,TYL
TYLER TECHNOLOGIES INC,TYL
TYRA,TYRA
TYRA BIOSCIENCES INC,TYRA
"TYRA BIOSCIENCES,",TYRA
"TYRA BIOSCIENCES, INC.",TYRA
TYSON,TSN
TYSON FOODS INC,TSN
"TYSON FOODS,",TSN
"TYSON FOODS, INC.",TSN
U POWER,UCAR
U POWER LTD,UCAR
U S GLOBAL INVESTORS,GROW
U S GLOBAL INVESTORS INC,GROW
U S PHYSICAL THERAPY INC /NV,USPH
U S PHYSICAL THERAPY INC NV,USPH
U-BX,UBXG
U-BX TECHNOLOGY,UBXG
U-BX TECHNOLOGY LTD.,UBXG
U-HAUL,UHAL
U-HAUL HOLDING,UHAL
U-HAUL HOLDING CO /NV/,UHAL
U.S.,USGO
U.S.,USAU
U.S.,USGOW
U.S.,USLG
U.S. GOLD,USAU
U.S. GOLD CORP.,USAU
U.S. GOLDMINING,USGO
U.S. GOLDMINING,USGOW
U.S. GOLDMINING INC.,USGOW
U.S. GOLDMINING INC.,USGO
U.S. LIGHTING,USLG
"U.S. LIGHTING GROUP, INC.",USLG
UBER,UBER
UBER TECHNOLOGIES,UBER
"UBER TECHNOLOGIES,",UBER
"UBER TECHNOLOGIES, INC",UBER
UBIQUITI,UI
UBIQUITI INC,UI
UBIQUITI INC.,UI
UBS,BDCX
UBS,UBS
UBS,IWFL
UBS,IWDL
UBS,IFED
UBS,AMUB
UBS,HDLB
UBS,MTUL
UBS,MLPR
UBS,IWML
UBS,SCDL
UBS,QULL
UBS,MLPB
UBS,PFFL
UBS,BDCZ
UBS,CEFD
UBS,USML
UBS,UBGZF
UBS,UCIB
UBS,SMHB
UBS,MVRL
UBS AG,MLPB
UBS AG,AMUB
UBS AG,BDCZ
UBS AG,SCDL
UBS AG,CEFD
UBS AG,PFFL
UBS AG,USML
UBS AG,IWFL
UBS AG,SMHB
UBS AG,UBGZF
UBS AG,IWDL
UBS AG,QULL
UBS AG,UCIB
UBS AG,HDLB
UBS AG,IWML
UBS AG,MTUL
UBS AG,MVRL
UBS AG,MLPR
UBS AG,BDCX
UBS AG,IFED
UBS GROUP,UBS
UBS GROUP AG,UBS
UBX TECHNOLOGY LTD,UBXG
UC ASSET,UCASU
UC ASSET LP,UCASU
UCLOUDLINK,UCL
UCLOUDLINK GROUP,UCL
UCLOUDLINK GROUP INC,UCL
UCLOUDLINK GROUP INC.,UCL
UCOMMUNE,UK
UCOMMUNE,UKOMW
UCOMMUNE INTERNATIONAL,UK
UCOMMUNE INTERNATIONAL,UKOMW
UCOMMUNE INTERNATIONAL LTD,UKOMW
UCOMMUNE INTERNATIONAL LTD,UK
UCORE,UURAF
UCORE RARE,UURAF
UCORE RARE METALS INC,UURAF
UCORE RARE METALS INC.,UURAF
UDEMY INC,UDMY
"UDEMY,",UDMY
"UDEMY, INC.",UDMY
UDR INC,UDR
"UDR,",UDR
"UDR, INC.",UDR
UFP,UFPI
UFP,UFPT
UFP INDUSTRIES,UFPI
UFP INDUSTRIES INC,UFPI
UFP TECHNOLOGIES,UFPT
UFP TECHNOLOGIES INC,UFPT
UGI,UGI
UGI CORP,UGI
UGI CORP /PA/,UGI
UGI CORP PA,UGI
UHAUL HOLDING CO NV,UHAL
UINTA,UIGC
UINTA INFRASTRUCTURE,UIGC
UINTA INFRASTRUCTURE GROUP CORP,UIGC
UINTA INFRASTRUCTURE GROUP CORP.,UIGC
UIPATH INC,PATH
"UIPATH,",PATH
"UIPATH, INC.",PATH
UL SOLUTIONS INC,ULS
UL SOLUTIONS INC.,ULS
ULTA,ULTA
ULTA BEAUTY INC,ULTA
"ULTA BEAUTY,",ULTA
"ULTA BEAUTY, INC.",ULTA
ULTIMATE,UHGI
ULTIMATE HOLDINGS,UHGI
ULTIMATE HOLDINGS GROUP INC,UHGI
"ULTIMATE HOLDINGS GROUP, INC.",UHGI
ULTRA,UHP
ULTRA,UCTT
ULTRA CLEAN,UCTT
ULTRA CLEAN HOLDINGS INC,UCTT
"ULTRA CLEAN HOLDINGS, INC.",UCTT
ULTRA HIGH,UHP
ULTRA HIGH POINT,UHP
ULTRA HIGH POINT HOLDINGS LTD,UHP
ULTRAGENYX,RARE
ULTRAGENYX PHARMACEUTICAL,RARE
ULTRAGENYX PHARMACEUTICAL INC,RARE
ULTRAGENYX PHARMACEUTICAL INC.,RARE
ULTRALIFE,ULBI
ULTRALIFE CORP,ULBI
ULTRAPAR,UGP
ULTRAPAR HOLDINGS,UGP
ULTRAPAR HOLDINGS INC,UGP
UMB,UMBFP
UMB,UMBF
UMB,UMBFO
UMB FINANCIAL,UMBF
UMB FINANCIAL,UMBFP
UMB FINANCIAL,UMBFO
UMB FINANCIAL CORP,UMBFO
UMB FINANCIAL CORP,UMBF
UMB FINANCIAL CORP,UMBFP
UMBRA,UCIX
UMBRA COMPANIES INC,UCIX
"UMBRA COMPANIES,",UCIX
"UMBRA COMPANIES, INC.",UCIX
UMEWORLD,UMEWF
UMEWORLD LTD,UMEWF
UMH,UMH
UMH PROPERTIES INC,UMH
"UMH PROPERTIES,",UMH
"UMH PROPERTIES, INC.",UMH
UNCLE'S,USIC
UNCLE'S ICE,USIC
UNCLE'S ICE CREAM,USIC
UNCLES ICE CREAM,USIC
UNDER,UA
UNDER,UAA
UNDER ARMOUR INC,UAA
UNDER ARMOUR INC,UA
"UNDER ARMOUR,",UAA
"UNDER ARMOUR,",UA
"UNDER ARMOUR, INC.",UA
"UNDER ARMOUR, INC.",UAA
UNI-FUELS,UFG
UNI-FUELS HOLDINGS,UFG
UNI-FUELS HOLDINGS LTD,UFG
UNICYCIVE,UNCY
UNICYCIVE THERAPEUTICS INC,UNCY
"UNICYCIVE THERAPEUTICS,",UNCY
"UNICYCIVE THERAPEUTICS, INC.",UNCY
UNIFI,UFI
UNIFI INC,UFI
UNIFIRST,UNF
UNIFIRST CORP,UNF
UNIFUELS,UFG
UNILEVER,UL
UNILEVER,UNLYF
UNILEVER PLC,UL
UNILEVER PLC,UNLYF
UNION,UEPCO
UNION,UEPEO
UNION,UEPCP
UNION,UEPEP
UNION,UEPEN
UNION,UEPCN
UNION,UNP
UNION,UELMO
UNION,UNB
UNION,UEPEM
UNION BANKSHARES,UNB
UNION BANKSHARES INC,UNB
UNION ELECTRIC,UEPEM
UNION ELECTRIC,UEPEP
UNION ELECTRIC,UEPCO
UNION ELECTRIC,UEPCN
UNION ELECTRIC,UEPEO
UNION ELECTRIC,UEPEN
UNION ELECTRIC,UELMO
UNION ELECTRIC,UEPCP
UNION ELECTRIC CO,UEPCN
UNION ELECTRIC CO,UEPEO
UNION ELECTRIC CO,UEPEP
UNION ELECTRIC CO,UEPCP
UNION ELECTRIC CO,UEPEM
UNION ELECTRIC CO,UEPEN
UNION ELECTRIC CO,UEPCO
UNION ELECTRIC CO,UELMO
UNION PACIFIC,UNP
UNION PACIFIC CORP,UNP
UNIQURE,QURE
UNIQURE N.V.,QURE
UNIQURE NV,QURE
UNISYS,UIS
UNISYS CORP,UIS
UNIT,UNTC
UNIT,UNTCW
UNIT CORP,UNTCW
UNIT CORP,UNTC
UNITED,UNFI
UNITED,UZD
UNITED,UTHR
UNITED,CCU
UNITED,UBFO
UNITED,X
UNITED,UHGWW
UNITED,UNG
UNITED,UBOH
UNITED,USL
UNITED,UG
UNITED,USCI
UNITED,URI
UNITED,USEA
UNITED,PRKS
UNITED,BNO
UNITED,UPS
UNITED,UZF
UNITED,UHG
UNITED,UAMY
UNITED,CPER
UNITED,UNL
UNITED,UFCS
UNITED,UUGWF
UNITED,USLM
UNITED,UEEC
UNITED,UMC
UNITED,UBCP
UNITED,UUGRY
UNITED,USO
UNITED,UGA
UNITED,UAL
UNITED,USM
UNITED,UBSI
UNITED,UNXP
UNITED,UZE
UNITED,UCB
UNITED AIRLINES,UAL
UNITED AIRLINES HOLDINGS INC,UAL
"UNITED AIRLINES HOLDINGS, INC.",UAL
UNITED BANCORP,UBCP
UNITED BANCORP INC /OH/,UBCP
UNITED BANCORP INC OH,UBCP
UNITED BANCSHARES,UBOH
UNITED BANCSHARES INC/OH,UBOH
UNITED BANCSHARES INCOH,UBOH
UNITED BANKSHARES,UBSI
UNITED BANKSHARES INC/WV,UBSI
UNITED BANKSHARES INCWV,UBSI
UNITED BREWERIES,CCU
UNITED BREWERIES CO INC,CCU
UNITED COMMUNITY,UCB
UNITED COMMUNITY BANKS,UCB
UNITED COMMUNITY BANKS INC,UCB
UNITED EXPRESS,UNXP
UNITED EXPRESS INC,UNXP
UNITED EXPRESS INC.,UNXP
UNITED FIRE,UFCS
UNITED FIRE GROUP INC,UFCS
UNITED GUARDIAN,UG
UNITED GUARDIAN INC,UG
UNITED HEALTH,UEEC
UNITED HEALTH PRODUCTS INC,UEEC
"UNITED HEALTH PRODUCTS, INC.",UEEC
UNITED HOMES,UHGWW
UNITED HOMES,UHG
UNITED HOMES GROUP INC,UHGWW
UNITED HOMES GROUP INC,UHG
"UNITED HOMES GROUP, INC.",UHGWW
"UNITED HOMES GROUP, INC.",UHG
UNITED MARITIME,USEA
UNITED MARITIME CORP,USEA
UNITED MICROELECTRONICS,UMC
UNITED MICROELECTRONICS CORP,UMC
UNITED NATURAL,UNFI
UNITED NATURAL FOODS,UNFI
UNITED NATURAL FOODS INC,UNFI
UNITED PARCEL,UPS
UNITED PARCEL SERVICE,UPS
UNITED PARCEL SERVICE INC,UPS
UNITED PARKS,PRKS
UNITED PARKS  RESORTS INC,PRKS
UNITED PARKS & RESORTS INC.,PRKS
UNITED RENTALS INC,URI
"UNITED RENTALS,",URI
"UNITED RENTALS, INC.",URI
UNITED SECURITY,UBFO
UNITED SECURITY BANCSHARES,UBFO
UNITED STATES,CPER
UNITED STATES,UGA
UNITED STATES,BNO
UNITED STATES,UAMY
UNITED STATES,UNL
UNITED STATES,UNG
UNITED STATES,UZF
UNITED STATES,USL
UNITED STATES,UZE
UNITED STATES,X
UNITED STATES,USCI
UNITED STATES,UZD
UNITED STATES,USLM
UNITED STATES,USM
UNITED STATES,USO
UNITED STATES 12 MONTH NATURAL GAS FUND,UNL
"UNITED STATES 12 MONTH NATURAL GAS FUND, LP",UNL
UNITED STATES 12 MONTH OIL FUND,USL
"UNITED STATES 12 MONTH OIL FUND, LP",USL
UNITED STATES ANTIMONY,UAMY
UNITED STATES ANTIMONY CORP,UAMY
UNITED STATES BRENT OIL FUND,BNO
"UNITED STATES BRENT OIL FUND, LP",BNO
UNITED STATES CELLULAR,UZD
UNITED STATES CELLULAR,UZE
UNITED STATES CELLULAR,UZF
UNITED STATES CELLULAR,USM
UNITED STATES CELLULAR CORP,UZF
UNITED STATES CELLULAR CORP,UZD
UNITED STATES CELLULAR CORP,UZE
UNITED STATES CELLULAR CORP,USM
UNITED STATES COMMODITY INDEX FUNDS TRUST,CPER
UNITED STATES COMMODITY INDEX FUNDS TRUST,USCI
UNITED STATES GASOLINE FUND,UGA
"UNITED STATES GASOLINE FUND, LP",UGA
UNITED STATES LIME  MINERALS,USLM
UNITED STATES LIME & MINERALS INC,USLM
UNITED STATES NATURAL GAS FUND,UNG
"UNITED STATES NATURAL GAS FUND, LP",UNG
UNITED STATES OIL FUND,USO
"UNITED STATES OIL FUND, LP",USO
UNITED STATES STEEL,X
UNITED STATES STEEL CORP,X
UNITED THERAPEUTICS,UTHR
UNITED THERAPEUTICS CORP,UTHR
UNITED UTILITIES,UUGWF
UNITED UTILITIES,UUGRY
UNITED UTILITIES GROUP PLC,UUGRY
UNITED UTILITIES GROUP PLC,UUGWF
UNITEDHEALTH,UNH
UNITEDHEALTH GROUP,UNH
UNITEDHEALTH GROUP INC,UNH
UNITI,UNIT
UNITI GROUP,UNIT
UNITI GROUP INC,UNIT
UNITI GROUP INC.,UNIT
UNITIL,UTL
UNITIL CORP,UTL
UNITY,UNTY
UNITY,UBX
UNITY,U
UNITY BANCORP,UNTY
UNITY BANCORP INC /NJ/,UNTY
UNITY BANCORP INC NJ,UNTY
UNITY BIOTECHNOLOGY INC,UBX
"UNITY BIOTECHNOLOGY,",UBX
"UNITY BIOTECHNOLOGY, INC.",UBX
UNITY SOFTWARE,U
UNITY SOFTWARE INC,U
UNITY SOFTWARE INC.,U
UNIVERSAL,UVV
UNIVERSAL,UHT
UNIVERSAL,UTI
UNIVERSAL,OLED
UNIVERSAL,UVE
UNIVERSAL,UUU
UNIVERSAL,ULH
UNIVERSAL,UHS
UNIVERSAL,UEIC
UNIVERSAL CORP,UVV
UNIVERSAL CORP /VA/,UVV
UNIVERSAL CORP VA,UVV
UNIVERSAL DISPLAY,OLED
UNIVERSAL DISPLAY CORP PA,OLED
UNIVERSAL DISPLAY CORP \PA\,OLED
UNIVERSAL ELECTRONICS,UEIC
UNIVERSAL ELECTRONICS INC,UEIC
UNIVERSAL HEALTH,UHT
UNIVERSAL HEALTH,UHS
UNIVERSAL HEALTH REALTY INCOME TRUST,UHT
UNIVERSAL HEALTH SERVICES INC,UHS
UNIVERSAL INSURANCE,UVE
UNIVERSAL INSURANCE HOLDINGS INC,UVE
"UNIVERSAL INSURANCE HOLDINGS, INC.",UVE
UNIVERSAL LOGISTICS,ULH
UNIVERSAL LOGISTICS HOLDINGS INC,ULH
"UNIVERSAL LOGISTICS HOLDINGS, INC.",ULH
UNIVERSAL SECURITY,UUU
UNIVERSAL SECURITY INSTRUMENTS,UUU
UNIVERSAL SECURITY INSTRUMENTS INC,UUU
UNIVERSAL TECHNICAL,UTI
UNIVERSAL TECHNICAL INSTITUTE,UTI
UNIVERSAL TECHNICAL INSTITUTE INC,UTI
UNIVERSE,UPC
UNIVERSE PHARMACEUTICALS,UPC
UNIVERSE PHARMACEUTICALS INC,UPC
UNIVERSITY,UNIB
UNIVERSITY BANCORP,UNIB
UNIVERSITY BANCORP INC /DE/,UNIB
UNIVERSITY BANCORP INC DE,UNIB
UNIVEST,UVSP
UNIVEST FINANCIAL,UVSP
UNIVEST FINANCIAL CORP,UVSP
UNUM,UNM
UNUM,UNMA
UNUM GROUP,UNM
UNUM GROUP,UNMA
UNUSUAL,UMAC
UNUSUAL MACHINES INC,UMAC
"UNUSUAL MACHINES,",UMAC
"UNUSUAL MACHINES, INC.",UMAC
UP FINTECH HOLDING,TIGR
UP FINTECH HOLDING LTD,TIGR
UPAY,UPYY
UPBOUND,UPBD
UPBOUND GROUP INC,UPBD
"UPBOUND GROUP,",UPBD
"UPBOUND GROUP, INC.",UPBD
UPEXI INC,UPXI
"UPEXI,",UPXI
"UPEXI, INC.",UPXI
UPLAND,UPLD
UPLAND SOFTWARE INC,UPLD
"UPLAND SOFTWARE,",UPLD
"UPLAND SOFTWARE, INC.",UPLD
UPSTART,UPST
UPSTART HOLDINGS INC,UPST
"UPSTART HOLDINGS,",UPST
"UPSTART HOLDINGS, INC.",UPST
UPSTREAM,UPB
UPSTREAM BIO INC,UPB
"UPSTREAM BIO,",UPB
"UPSTREAM BIO, INC.",UPB
UPTREND,UPX
UPTREND HOLDINGS,UPX
UPTREND HOLDINGS LTD,UPX
UPWORK,UPWK
"UPWORK,",UPWK
"UPWORK, INC",UPWK
UR-ENERGY,URG
UR-ENERGY INC,URG
URANIUM,UROY
URANIUM,UEC
URANIUM ENERGY,UEC
URANIUM ENERGY CORP,UEC
URANIUM ROYALTY,UROY
URANIUM ROYALTY CORP,UROY
URANIUM ROYALTY CORP.,UROY
URANO,UECXF
URANO ENERGY,UECXF
URANO ENERGY CORP,UECXF
URANO ENERGY CORP.,UECXF
URBAN,UE
URBAN,UONEK
URBAN,UONE
URBAN,URBN
URBAN EDGE,UE
URBAN EDGE PROPERTIES,UE
URBAN ONE INC,UONEK
URBAN ONE INC,UONE
"URBAN ONE,",UONE
"URBAN ONE,",UONEK
"URBAN ONE, INC.",UONE
"URBAN ONE, INC.",UONEK
URBAN OUTFITTERS,URBN
URBAN OUTFITTERS INC,URBN
"URBAN-GRO,",UGRO
"URBAN-GRO, INC.",UGRO
URBANGRO INC,UGRO
URENERGY,URG
URGENT.LY,ULY
URGENT.LY INC.,ULY
URGENTLY INC,ULY
UROGEN,URGN
UROGEN PHARMA,URGN
UROGEN PHARMA LTD,URGN
UROGEN PHARMA LTD.,URGN
URZ3,URZEF
URZ3 ENERGY,URZEF
URZ3 ENERGY CORP,URZEF
URZ3 ENERGY CORP.,URZEF
US BANCORP DE,USB
US BANCORP \DE\,USB
US ENERGY,USEG
US ENERGY CORP,USEG
US FOODS HOLDING CORP,USFD
US FOODS HOLDING CORP.,USFD
US GOLD CORP,USAU
US GOLDMINING INC,USGOW
US GOLDMINING INC,USGO
US LIGHTING GROUP INC,USLG
US NUCLEAR CORP,UCLE
US NUCLEAR CORP.,UCLE
USA,USAC
USA,USAR
USA,USARW
USA COMPRESSION,USAC
USA COMPRESSION PARTNERS,USAC
"USA COMPRESSION PARTNERS, LP",USAC
USA RARE,USARW
USA RARE,USAR
USA RARE EARTH INC,USAR
USA RARE EARTH INC,USARW
"USA RARE EARTH, INC.",USARW
"USA RARE EARTH, INC.",USAR
USANA,USNA
USANA HEALTH,USNA
USANA HEALTH SCIENCES,USNA
USANA HEALTH SCIENCES INC,USNA
USCB,USCB
USCB FINANCIAL,USCB
USCB FINANCIAL HOLDINGS INC,USCB
"USCB FINANCIAL HOLDINGS, INC.",USCB
USD,USDP
USD PARTNERS,USDP
USD PARTNERS LP,USDP
USIO INC,USIO
"USIO,",USIO
"USIO, INC.",USIO
USPACE,USPCY
USPACE TECHNOLOGY,USPCY
USPACE TECHNOLOGY GROUP LIMITED/ADR,USPCY
USPACE TECHNOLOGY GROUP LIMITEDADR,USPCY
UTAH,UTMD
UTAH MEDICAL,UTMD
UTAH MEDICAL PRODUCTS,UTMD
UTAH MEDICAL PRODUCTS INC,UTMD
UTG,UTGN
UTG INC,UTGN
UTIME,WTO
UTIME LTD,WTO
UTSTARCOM,UTSI
UTSTARCOM HOLDINGS,UTSI
UTSTARCOM HOLDINGS CORP,UTSI
UTSTARCOM HOLDINGS CORP.,UTSI
UTZ,UTZ
UTZ BRANDS INC,UTZ
"UTZ BRANDS,",UTZ
"UTZ BRANDS, INC.",UTZ
UWHARRIE,UWHR
UWHARRIE CAPITAL,UWHR
UWHARRIE CAPITAL CORP,UWHR
UWM,UWMC
UWM HOLDINGS,UWMC
UWM HOLDINGS CORP,UWMC
UXIN,UXIN
UXIN LTD,UXIN
UY SCUTI ACQUISITION CORP,UYSC
UY SCUTI ACQUISITION CORP,UYSCR
UY SCUTI ACQUISITION CORP,UYSCU
UY SCUTI ACQUISITION CORP.,UYSCU
UY SCUTI ACQUISITION CORP.,UYSCR
UY SCUTI ACQUISITION CORP.,UYSC
V F,VFC
V F CORP,VFC
V2X INC,VVX
"V2X,",VVX
"V2X, INC.",VVX
VAALCO,EGY
VAALCO ENERGY,EGY
VAALCO ENERGY INC /DE/,EGY
VAALCO ENERGY INC DE,EGY
VACCINEX INC,VCNX
"VACCINEX,",VCNX
"VACCINEX, INC.",VCNX
VADO,VADP
VADO CORP,VADP
VADO CORP.,VADP
VAIL,MTN
VAIL RESORTS,MTN
VAIL RESORTS INC,MTN
VALARIS,VAL
VALARIS LTD,VAL
VALE,VALE
VALE S.A.,VALE
VALE SA,VALE
VALENS,VLN
VALENS SEMICONDUCTOR,VLN
VALENS SEMICONDUCTOR LTD,VLN
VALENS SEMICONDUCTOR LTD.,VLN
VALERO,VLO
VALERO ENERGY,VLO
VALERO ENERGY CORP/TX,VLO
VALERO ENERGY CORPTX,VLO
VALHI,VHI
VALHI INC,VHI
VALHI INC /DE/,VHI
VALHI INC DE,VHI
VALLEY,VLY
VALLEY,VLYPP
VALLEY,VLYPO
VALLEY,VLYPN
VALLEY NATIONAL,VLYPP
VALLEY NATIONAL,VLYPO
VALLEY NATIONAL,VLY
VALLEY NATIONAL,VLYPN
VALLEY NATIONAL BANCORP,VLY
VALLEY NATIONAL BANCORP,VLYPN
VALLEY NATIONAL BANCORP,VLYPP
VALLEY NATIONAL BANCORP,VLYPO
VALMONT,VMI
VALMONT INDUSTRIES,VMI
VALMONT INDUSTRIES INC,VMI
VALNEVA,VALN
VALNEVA SE,VALN
VALUE,VEII
VALUE,VALU
VALUE EXCHANGE,VEII
VALUE EXCHANGE INTERNATIONAL INC,VEII
"VALUE EXCHANGE INTERNATIONAL, INC.",VEII
VALUE LINE,VALU
VALUE LINE INC,VALU
VALUENCE,VMCAF
VALUENCE,VMCUF
VALUENCE,VMCWF
VALUENCE MERGER,VMCWF
VALUENCE MERGER,VMCAF
VALUENCE MERGER,VMCUF
VALUENCE MERGER CORP I,VMCWF
VALUENCE MERGER CORP I,VMCUF
VALUENCE MERGER CORP I,VMCAF
VALUENCE MERGER CORP. I,VMCAF
VALUENCE MERGER CORP. I,VMCUF
VALUENCE MERGER CORP. I,VMCWF
VALVOLINE,VVV
VALVOLINE INC,VVV
VANDA,VNDA
VANDA PHARMACEUTICALS,VNDA
VANDA PHARMACEUTICALS INC,VNDA
VANDA PHARMACEUTICALS INC.,VNDA
VANECK,ETHV
VANECK,OUNZ
VANECK,HODL
VANECK BITCOIN,HODL
VANECK BITCOIN ETF,HODL
VANECK ETHEREUM,ETHV
VANECK ETHEREUM ETF,ETHV
VANECK MERK,OUNZ
VANECK MERK GOLD ETF,OUNZ
VANGUARD,VGES
VANGUARD GREEN,VGES
VANGUARD GREEN INVESTMENT,VGES
VANGUARD GREEN INVESTMENT LTD,VGES
VANJIA,VNJA
VANJIA CORP,VNJA
VANTAGE,VNTG
VANTAGE CORP,VNTG
VANTAGE CORP (SINGAPORE),VNTG
VANTAGE CORP SINGAPORE,VNTG
VAREX,VREX
VAREX IMAGING,VREX
VAREX IMAGING CORP,VREX
VARIANT,NICHX
VARIANT ALTERNATIVE,NICHX
VARIANT ALTERNATIVE INCOME FUND,NICHX
VARONIS,VRNS
VARONIS SYSTEMS,VRNS
VARONIS SYSTEMS INC,VRNS
VASO,VASO
VASO CORP,VASO
VAST,VSTWF
VAST,VSTTF
VAST RENEWABLES,VSTTF
VAST RENEWABLES,VSTWF
VAST RENEWABLES LTD,VSTTF
VAST RENEWABLES LTD,VSTWF
VASTA,VSTA
VASTA PLATFORM,VSTA
VASTA PLATFORM LTD,VSTA
VAT,VTTGF
VAT GROUP,VTTGF
VAT GROUP AG/ADR,VTTGF
VAT GROUP AGADR,VTTGF
VAXART INC,VXRT
"VAXART,",VXRT
"VAXART, INC.",VXRT
VAXCYTE INC,PCVX
"VAXCYTE,",PCVX
"VAXCYTE, INC.",PCVX
VCI,VCIG
VCI GLOBAL,VCIG
VCI GLOBAL LTD,VCIG
VEEA,VEEAW
VEEA,VEEA
VEEA INC,VEEAW
VEEA INC,VEEA
VEEA INC.,VEEAW
VEEA INC.,VEEA
VEECO,VECO
VEECO INSTRUMENTS,VECO
VEECO INSTRUMENTS INC,VECO
VEEVA,VEEV
VEEVA SYSTEMS,VEEV
VEEVA SYSTEMS INC,VEEV
VELO3D INC,VLDXW
VELO3D INC,VLDX
"VELO3D,",VLDXW
"VELO3D,",VLDX
"VELO3D, INC.",VLDX
"VELO3D, INC.",VLDXW
VELOCITY,VEL
VELOCITY FINANCIAL INC,VEL
"VELOCITY FINANCIAL,",VEL
"VELOCITY FINANCIAL, INC.",VEL
VEMANTI,VMNT
VEMANTI GROUP INC,VMNT
"VEMANTI GROUP,",VMNT
"VEMANTI GROUP, INC.",VMNT
VENDOME,VNME
VENDOME ACQUISITION,VNME
VENDOME ACQUISITION CORP I,VNME
VENTAS INC,VTR
"VENTAS,",VTR
"VENTAS, INC.",VTR
VENTURE,VG
VENTURE GLOBAL INC,VG
"VENTURE GLOBAL,",VG
"VENTURE GLOBAL, INC.",VG
VENTYX,VTYX
VENTYX BIOSCIENCES INC,VTYX
"VENTYX BIOSCIENCES,",VTYX
"VENTYX BIOSCIENCES, INC.",VTYX
VENU,VENU
VENU HOLDING,VENU
VENU HOLDING CORP,VENU
VENUS,VERO
VENUS CONCEPT,VERO
VENUS CONCEPT INC,VERO
VENUS CONCEPT INC.,VERO
VEON,VEON
VEON LTD,VEON
VEON LTD.,VEON
VERA,VRA
VERA,VERA
VERA BRADLEY INC,VRA
"VERA BRADLEY,",VRA
"VERA BRADLEY, INC.",VRA
VERA THERAPEUTICS INC,VERA
"VERA THERAPEUTICS,",VERA
"VERA THERAPEUTICS, INC.",VERA
VERACYTE INC,VCYT
"VERACYTE,",VCYT
"VERACYTE, INC.",VCYT
VERADIGM,MDRX
VERADIGM INC,MDRX
VERADIGM INC.,MDRX
VERALTO,VLTO
VERALTO CORP,VLTO
VERANO,VRNOF
VERANO HOLDINGS,VRNOF
VERANO HOLDINGS CORP,VRNOF
VERANO HOLDINGS CORP.,VRNOF
VERASTEM INC,VSTM
"VERASTEM,",VSTM
"VERASTEM, INC.",VSTM
VERB,VERB
VERB TECHNOLOGY,VERB
VERB TECHNOLOGY COMPANY INC,VERB
"VERB TECHNOLOGY COMPANY, INC.",VERB
VERDE,VGAS
VERDE,VRDR
VERDE,VGASW
VERDE CLEAN,VGAS
VERDE CLEAN,VGASW
VERDE CLEAN FUELS INC,VGAS
VERDE CLEAN FUELS INC,VGASW
"VERDE CLEAN FUELS, INC.",VGAS
"VERDE CLEAN FUELS, INC.",VGASW
VERDE RESOURCES INC,VRDR
"VERDE RESOURCES,",VRDR
"VERDE RESOURCES, INC.",VRDR
VERICEL,VCEL
VERICEL CORP,VCEL
VERIFYME INC,VRMEW
VERIFYME INC,VRME
"VERIFYME,",VRMEW
"VERIFYME,",VRME
"VERIFYME, INC.",VRMEW
"VERIFYME, INC.",VRME
VERINT,VRNT
VERINT SYSTEMS,VRNT
VERINT SYSTEMS INC,VRNT
VERIS,VRE
VERIS RESIDENTIAL INC,VRE
"VERIS RESIDENTIAL,",VRE
"VERIS RESIDENTIAL, INC.",VRE
VERISIGN,VRSN
VERISIGN INC/CA,VRSN
VERISIGN INCCA,VRSN
VERISK,VRSK
VERISK ANALYTICS INC,VRSK
"VERISK ANALYTICS,",VRSK
"VERISK ANALYTICS, INC.",VRSK
VERITEX,VBTX
VERITEX HOLDINGS INC,VBTX
"VERITEX HOLDINGS,",VBTX
"VERITEX HOLDINGS, INC.",VBTX
VERITONE INC,VERI
"VERITONE,",VERI
"VERITONE, INC.",VERI
VERIZON,VZ
VERIZON COMMUNICATIONS,VZ
VERIZON COMMUNICATIONS INC,VZ
VERMILION,VET
VERMILION ENERGY,VET
VERMILION ENERGY INC,VET
VERMILION ENERGY INC.,VET
VERONA,VRNA
VERONA PHARMA,VRNA
VERONA PHARMA PLC,VRNA
VERRA,VRRM
VERRA MOBILITY,VRRM
VERRA MOBILITY CORP,VRRM
VERRICA,VRCA
VERRICA PHARMACEUTICALS,VRCA
VERRICA PHARMACEUTICALS INC,VRCA
VERRICA PHARMACEUTICALS INC.,VRCA
VERSABANK,VBNK
VERSES,VRSSF
VERSES AI INC,VRSSF
VERSES AI INC.,VRSSF
VERSUS,VS
VERSUS,VCRRX
VERSUS,VCMIX
VERSUS,VSSYW
VERSUS CAPITAL,VCMIX
VERSUS CAPITAL,VCRRX
VERSUS CAPITAL REAL ASSETS FUND,VCRRX
VERSUS CAPITAL REAL ASSETS FUND LLC,VCRRX
VERSUS CAPITAL REAL ESTATE FUND,VCMIX
VERSUS CAPITAL REAL ESTATE FUND LLC,VCMIX
VERSUS SYSTEMS,VSSYW
VERSUS SYSTEMS,VS
VERSUS SYSTEMS INC,VS
VERSUS SYSTEMS INC,VSSYW
VERSUS SYSTEMS INC.,VSSYW
VERSUS SYSTEMS INC.,VS
VERTEX,VRTX
VERTEX INC,VERX
VERTEX PHARMACEUTICALS,VRTX
VERTEX PHARMACEUTICALS INC  MA,VRTX
VERTEX PHARMACEUTICALS INC / MA,VRTX
"VERTEX,",VERX
"VERTEX, INC.",VERX
VERTICAL,EVTWF
VERTICAL,EVTL
VERTICAL AEROSPACE,EVTWF
VERTICAL AEROSPACE,EVTL
VERTICAL AEROSPACE LTD,EVTWF
VERTICAL AEROSPACE LTD,EVTL
VERTICAL AEROSPACE LTD.,EVTL
VERTICAL AEROSPACE LTD.,EVTWF
VERTIV,VRT
VERTIV HOLDINGS,VRT
VERTIV HOLDINGS CO,VRT
VERU,VERU
VERU INC,VERU
VERU INC.,VERU
VERVE,VERV
VERVE THERAPEUTICS INC,VERV
"VERVE THERAPEUTICS,",VERV
"VERVE THERAPEUTICS, INC.",VERV
VESTA,VTMX
VESTA REAL,VTMX
VESTA REAL ESTATE CORPORATION SAB DE CV,VTMX
"VESTA REAL ESTATE CORPORATION, S.A.B. DE C.V.",VTMX
VESTIAGE INC,VEST
"VESTIAGE,",VEST
"VESTIAGE, INC.",VEST
VESTIBLE,VTBAS
VESTIBLE ASSETS,VTBAS
"VESTIBLE ASSETS,",VTBAS
"VESTIBLE ASSETS, LLC",VTBAS
VESTIS,VSTS
VESTIS CORP,VSTS
VEXT,VEXTF
VEXT SCIENCE INC,VEXTF
"VEXT SCIENCE,",VEXTF
"VEXT SCIENCE, INC.",VEXTF
VIA,VIASP
VIA RENEWABLES INC,VIASP
"VIA RENEWABLES,",VIASP
"VIA RENEWABLES, INC.",VIASP
VIANT,DSP
VIANT TECHNOLOGY,DSP
VIANT TECHNOLOGY INC,DSP
VIANT TECHNOLOGY INC.,DSP
VIASAT,VSAT
VIASAT INC,VSAT
VIATRIS,VTRS
VIATRIS INC,VTRS
VIAVI,VIAV
VIAVI SOLUTIONS,VIAV
VIAVI SOLUTIONS INC,VIAV
VIAVI SOLUTIONS INC.,VIAV
VIBRA,VBREY
VIBRA ENERGIA,VBREY
VIBRA ENERGIA S.A./ADR,VBREY
VIBRA ENERGIA SAADR,VBREY
VICAPSYS,VICP
VICAPSYS LIFE,VICP
VICAPSYS LIFE SCIENCES INC,VICP
"VICAPSYS LIFE SCIENCES, INC.",VICP
VICARIOUS,RBOT
VICARIOUS SURGICAL,RBOT
VICARIOUS SURGICAL INC,RBOT
VICARIOUS SURGICAL INC.,RBOT
VICI,VICI
VICI PROPERTIES,VICI
VICI PROPERTIES INC,VICI
VICI PROPERTIES INC.,VICI
VICINITY,VEVMQ
VICINITY MOTOR,VEVMQ
VICINITY MOTOR CORP,VEVMQ
VICKERS,VCKB
VICKERS VANTAGE,VCKB
VICKERS VANTAGE CORP II,VCKB
VICKERS VANTAGE CORP. II,VCKB
VICOR,VICR
VICOR CORP,VICR
VICTORIA'S,VSCO
VICTORIA'S SECRET,VSCO
VICTORIA'S SECRET & CO.,VSCO
VICTORIAS SECRET  CO,VSCO
VICTORY,VTYB
VICTORY,VCTR
VICTORY BANCORP,VTYB
VICTORY BANCORP INC,VTYB
VICTORY CAPITAL,VCTR
VICTORY CAPITAL HOLDINGS INC,VCTR
"VICTORY CAPITAL HOLDINGS, INC.",VCTR
VIDEO,NIHK
VIDEO RIVER,NIHK
VIDEO RIVER NETWORKS INC,NIHK
"VIDEO RIVER NETWORKS, INC.",NIHK
VIEMED,VMD
VIEMED HEALTHCARE INC,VMD
"VIEMED HEALTHCARE,",VMD
"VIEMED HEALTHCARE, INC.",VMD
VIEWBIX,VBIX
VIEWBIX INC,VBIX
VIEWBIX INC.,VBIX
VIGIL,VIGL
VIGIL NEUROSCIENCE INC,VIGL
"VIGIL NEUROSCIENCE,",VIGL
"VIGIL NEUROSCIENCE, INC.",VIGL
VIKING,VKTX
VIKING,VIK
VIKING HOLDINGS,VIK
VIKING HOLDINGS LTD,VIK
VIKING THERAPEUTICS INC,VKTX
"VIKING THERAPEUTICS,",VKTX
"VIKING THERAPEUTICS, INC.",VKTX
VILLAGE,VLGEA
VILLAGE,VFF
VILLAGE FARMS,VFF
VILLAGE FARMS INTERNATIONAL INC,VFF
"VILLAGE FARMS INTERNATIONAL, INC.",VFF
VILLAGE SUPER,VLGEA
VILLAGE SUPER MARKET,VLGEA
VILLAGE SUPER MARKET INC,VLGEA
VIMEO INC,VMEO
"VIMEO,",VMEO
"VIMEO, INC.",VMEO
VINCE,VNCE
VINCE HOLDING,VNCE
VINCE HOLDING CORP,VNCE
VINCE HOLDING CORP.,VNCE
VINCERX,VINC
VINCERX PHARMA INC,VINC
"VINCERX PHARMA,",VINC
"VINCERX PHARMA, INC.",VINC
VINCI,VINP
VINCI PARTNERS,VINP
VINCI PARTNERS INVESTMENTS LTD,VINP
VINCI PARTNERS INVESTMENTS LTD.,VINP
VINE,VCICW
VINE,VCIC
VINE,VCICU
VINE HILL,VCICW
VINE HILL,VCIC
VINE HILL,VCICU
VINE HILL CAPITAL INVESTMENT CORP,VCICW
VINE HILL CAPITAL INVESTMENT CORP,VCICU
VINE HILL CAPITAL INVESTMENT CORP,VCIC
VINE HILL CAPITAL INVESTMENT CORP.,VCIC
VINE HILL CAPITAL INVESTMENT CORP.,VCICW
VINE HILL CAPITAL INVESTMENT CORP.,VCICU
VINFAST,VFSWW
VINFAST,VFS
VINFAST AUTO,VFSWW
VINFAST AUTO,VFS
VINFAST AUTO LTD,VFS
VINFAST AUTO LTD,VFSWW
VINFAST AUTO LTD.,VFS
VINFAST AUTO LTD.,VFSWW
VIOMI,VIOT
VIOMI TECHNOLOGY,VIOT
VIOMI TECHNOLOGY CO,VIOT
"VIOMI TECHNOLOGY CO., LTD",VIOT
VIP,VIPZ
VIP PLAY INC,VIPZ
"VIP PLAY,",VIPZ
"VIP PLAY, INC.",VIPZ
VIPER,VPER
VIPER,VNOM
VIPER ENERGY INC,VNOM
"VIPER ENERGY,",VNOM
"VIPER ENERGY, INC.",VNOM
VIPER NETWORKS,VPER
VIPER NETWORKS INC,VPER
VIPSHOP,VIPS
VIPSHOP HOLDINGS,VIPS
VIPSHOP HOLDINGS LTD,VIPS
VIQ,VQSSF
VIQ SOLUTIONS,VQSSF
VIQ SOLUTIONS INC,VQSSF
VIQ SOLUTIONS INC.,VQSSF
VIR,VIR
VIR BIOTECHNOLOGY INC,VIR
"VIR BIOTECHNOLOGY,",VIR
"VIR BIOTECHNOLOGY, INC.",VIR
VIRACTA,VIRX
VIRACTA THERAPEUTICS INC,VIRX
"VIRACTA THERAPEUTICS,",VIRX
"VIRACTA THERAPEUTICS, INC.",VIRX
VIRAX,VRAX
VIRAX BIOLABS,VRAX
VIRAX BIOLABS GROUP LTD,VRAX
VIRBAC,VRBCF
VIRBAC SA/ADR,VRBCF
VIRBAC SAADR,VRBCF
VIRCO,VIRC
VIRCO MFG,VIRC
VIRCO MFG CORPORATION,VIRC
VIREO,VREOF
VIREO GROWTH,VREOF
VIREO GROWTH INC,VREOF
VIREO GROWTH INC.,VREOF
VIRGIN,SPCE
VIRGIN GALACTIC,SPCE
VIRGIN GALACTIC HOLDINGS,SPCE
"VIRGIN GALACTIC HOLDINGS, INC",SPCE
VIRGINIA,VABK
VIRGINIA NATIONAL,VABK
VIRGINIA NATIONAL BANKSHARES,VABK
VIRGINIA NATIONAL BANKSHARES CORP,VABK
VIRIDIAN,VRDN
VIRIDIAN THERAPEUTICS INCDE,VRDN
"VIRIDIAN THERAPEUTICS,",VRDN
"VIRIDIAN THERAPEUTICS, INC.\DE",VRDN
VIRNETX,VHC
VIRNETX HOLDING,VHC
VIRNETX HOLDING CORP,VHC
VIRPAX,VRPX
VIRPAX PHARMACEUTICALS INC,VRPX
"VIRPAX PHARMACEUTICALS,",VRPX
"VIRPAX PHARMACEUTICALS, INC.",VRPX
VIRTRA,VTSI
"VIRTRA,",VTSI
"VIRTRA, INC",VTSI
VIRTU,VIRT
VIRTU FINANCIAL INC,VIRT
"VIRTU FINANCIAL,",VIRT
"VIRTU FINANCIAL, INC.",VIRT
VIRTUS,NCV
VIRTUS,EDF
VIRTUS,NIE
VIRTUS,NFJ
VIRTUS,NCZ
VIRTUS,VRTS
VIRTUS,ACV
VIRTUS,VGI
VIRTUS,AIO
VIRTUS,ZTR
VIRTUS ARTIFICIAL,AIO
VIRTUS ARTIFICIAL INTELLIGENCE  TECHNOLOGY OPPORTUNITIES FUND,AIO
VIRTUS ARTIFICIAL INTELLIGENCE & TECHNOLOGY OPPORTUNITIES FUND,AIO
VIRTUS CONVERTIBLE,NCV
VIRTUS CONVERTIBLE,NCZ
VIRTUS CONVERTIBLE  INCOME FUND,NCV
VIRTUS CONVERTIBLE  INCOME FUND II,NCZ
VIRTUS CONVERTIBLE & INCOME FUND,NCV
VIRTUS CONVERTIBLE & INCOME FUND II,NCZ
VIRTUS DIVERSIFIED,ACV
VIRTUS DIVERSIFIED INCOME  CONVERTIBLE FUND,ACV
VIRTUS DIVERSIFIED INCOME & CONVERTIBLE FUND,ACV
VIRTUS DIVIDEND INTEREST  PREMIUM STRATEGY FUND,NFJ
"VIRTUS DIVIDEND,",NFJ
"VIRTUS DIVIDEND, INTEREST & PREMIUM STRATEGY FUND",NFJ
VIRTUS EQUITY,NIE
VIRTUS EQUITY  CONVERTIBLE INCOME FUND,NIE
VIRTUS EQUITY & CONVERTIBLE INCOME FUND,NIE
VIRTUS GLOBAL,VGI
VIRTUS GLOBAL MULTI-SECTOR INCOME FUND,VGI
VIRTUS GLOBAL MULTISECTOR INCOME FUND,VGI
VIRTUS INVESTMENT,VRTS
VIRTUS INVESTMENT PARTNERS INC,VRTS
"VIRTUS INVESTMENT PARTNERS, INC.",VRTS
VIRTUS STONE,EDF
VIRTUS STONE HARBOR EMERGING MARKETS INCOME FUND,EDF
VIRTUS TOTAL,ZTR
VIRTUS TOTAL RETURN FUND INC,ZTR
VIRTUS TOTAL RETURN FUND INC.,ZTR
VISA,V
VISA INC,V
VISA INC.,V
VISHAY,VSH
VISHAY,VPG
VISHAY INTERTECHNOLOGY,VSH
VISHAY INTERTECHNOLOGY INC,VSH
VISHAY PRECISION,VPG
VISHAY PRECISION GROUP INC,VPG
"VISHAY PRECISION GROUP, INC.",VPG
VISION,VMAR
VISION MARINE,VMAR
VISION MARINE TECHNOLOGIES INC,VMAR
VISION MARINE TECHNOLOGIES INC.,VMAR
VISIONARY,VIZNF
VISIONARY,GV
VISIONARY HOLDINGS,GV
VISIONARY HOLDINGS INC,GV
VISIONARY HOLDINGS INC.,GV
VISIONARY METALS,VIZNF
VISIONARY METALS CORP,VIZNF
VISIONARY METALS CORP.,VIZNF
VISIONWAVE,VWAV
VISIONWAVE HOLDINGS INC,VWAV
"VISIONWAVE HOLDINGS,",VWAV
"VISIONWAVE HOLDINGS, INC.",VWAV
VISIUM,VISM
VISIUM TECHNOLOGIES INC,VISM
"VISIUM TECHNOLOGIES,",VISM
"VISIUM TECHNOLOGIES, INC.",VISM
VISLINK,VISL
VISLINK TECHNOLOGIES INC,VISL
"VISLINK TECHNOLOGIES,",VISL
"VISLINK TECHNOLOGIES, INC.",VISL
VISTA,VSOGF
VISTA,VGZ
VISTA,VIST
VISTA ENERGY SAB DE CV,VIST
VISTA ENERGY SAB DE CV,VSOGF
"VISTA ENERGY,",VIST
"VISTA ENERGY,",VSOGF
"VISTA ENERGY, S.A.B. DE C.V.",VIST
"VISTA ENERGY, S.A.B. DE C.V.",VSOGF
VISTA GOLD,VGZ
VISTA GOLD CORP,VGZ
VISTAGEN,VTGN
VISTAGEN THERAPEUTICS INC,VTGN
"VISTAGEN THERAPEUTICS,",VTGN
"VISTAGEN THERAPEUTICS, INC.",VTGN
VISTEK,VTEK
VISTEK LTD,VTEK
VISTEON,VC
VISTEON CORP,VC
VISTRA,VST
VISTRA CORP,VST
VISTRA CORP.,VST
VITA,COCO
VITA COCO,COCO
VITA COCO COMPANY INC,COCO
"VITA COCO COMPANY, INC.",COCO
VITAL,VITL
VITAL,VTLE
VITAL ENERGY INC,VTLE
"VITAL ENERGY,",VTLE
"VITAL ENERGY, INC.",VTLE
VITAL FARMS INC,VITL
"VITAL FARMS,",VITL
"VITAL FARMS, INC.",VITL
VITESSE,VTS
VITESSE ENERGY INC,VTS
"VITESSE ENERGY,",VTS
"VITESSE ENERGY, INC.",VTS
VIVA,VAUCF
VIVA GOLD,VAUCF
VIVA GOLD CORP,VAUCF
VIVA GOLD CORP.,VAUCF
VIVAKOR INC,VIVK
"VIVAKOR,",VIVK
"VIVAKOR, INC.",VIVK
VIVANI,VANI
VIVANI MEDICAL INC,VANI
"VIVANI MEDICAL,",VANI
"VIVANI MEDICAL, INC.",VANI
VIVIC,VIVC
VIVIC CORP,VIVC
VIVIC CORP.,VIVC
VIVID,SEAT
VIVID,SEATW
VIVID SEATS,SEAT
VIVID SEATS,SEATW
VIVID SEATS INC,SEAT
VIVID SEATS INC,SEATW
VIVID SEATS INC.,SEATW
VIVID SEATS INC.,SEAT
VIVOPOWER,VVPR
VIVOPOWER INTERNATIONAL,VVPR
VIVOPOWER INTERNATIONAL PLC,VVPR
VIVOS,RDGL
VIVOS,VVOS
VIVOS INC,RDGL
VIVOS THERAPEUTICS INC,VVOS
"VIVOS THERAPEUTICS,",VVOS
"VIVOS THERAPEUTICS, INC.",VVOS
VIVOSIM,VIVS
VIVOSIM LABS INC,VIVS
"VIVOSIM LABS,",VIVS
"VIVOSIM LABS, INC.",VIVS
VIZSLA,VROYF
VIZSLA,VZLA
VIZSLA,VCUFF
VIZSLA COPPER,VCUFF
VIZSLA COPPER CORP,VCUFF
VIZSLA COPPER CORP.,VCUFF
VIZSLA ROYALTIES,VROYF
VIZSLA ROYALTIES CORP,VROYF
VIZSLA ROYALTIES CORP.,VROYF
VIZSLA SILVER,VZLA
VIZSLA SILVER CORP,VZLA
VIZSLA SILVER CORP.,VZLA
VNET,VNET
VNET GROUP INC,VNET
"VNET GROUP,",VNET
"VNET GROUP, INC.",VNET
VNUE INC,VNUE
"VNUE,",VNUE
"VNUE, INC.",VNUE
VOC,VOC
VOC ENERGY,VOC
VOC ENERGY TRUST,VOC
VOCODIA,VHAIW
VOCODIA,VHABW
VOCODIA,VHAI
VOCODIA HOLDINGS,VHABW
VOCODIA HOLDINGS,VHAIW
VOCODIA HOLDINGS,VHAI
VOCODIA HOLDINGS CORP,VHABW
VOCODIA HOLDINGS CORP,VHAI
VOCODIA HOLDINGS CORP,VHAIW
VODACOM,VODAF
VODACOM,VDMCY
VODACOM GROUP,VDMCY
VODACOM GROUP,VODAF
VODACOM GROUP LTD  ADR,VDMCY
VODACOM GROUP LTD  ADR,VODAF
VODACOM GROUP LTD / ADR,VDMCY
VODACOM GROUP LTD / ADR,VODAF
VODAFONE,VODPF
VODAFONE,VOD
VODAFONE GROUP,VOD
VODAFONE GROUP,VODPF
VODAFONE GROUP PUBLIC,VOD
VODAFONE GROUP PUBLIC,VODPF
VODAFONE GROUP PUBLIC LTD CO,VODPF
VODAFONE GROUP PUBLIC LTD CO,VOD
VOIP-PAL.COM,VPLM
VOIP-PAL.COM INC,VPLM
VOIPPALCOM,VPLM
VOLATO,SOARW
VOLATO,SOAR
VOLATO GROUP INC,SOARW
VOLATO GROUP INC,SOAR
"VOLATO GROUP,",SOAR
"VOLATO GROUP,",SOARW
"VOLATO GROUP, INC.",SOARW
"VOLATO GROUP, INC.",SOAR
VOLCON INC,VLCN
"VOLCON,",VLCN
"VOLCON, INC.",VLCN
VOLITIONRX,VNRX
VOLITIONRX LTD,VNRX
VOLT,VLTLF
VOLT LITHIUM,VLTLF
VOLT LITHIUM CORP,VLTLF
VOLT LITHIUM CORP.,VLTLF
VONTIER,VNT
VONTIER CORP,VNT
VOR,VOR
VOR BIOPHARMA,VOR
VOR BIOPHARMA INC,VOR
VOR BIOPHARMA INC.,VOR
VORNADO,VNORP
VORNADO,VNO
VORNADO REALTY,VNORP
VORNADO REALTY,VNO
VORNADO REALTY TRUST,VNO
VORNADO REALTY TRUST,VNORP
VOX,VOXR
VOX ROYALTY,VOXR
VOX ROYALTY CORP,VOXR
VOX ROYALTY CORP.,VOXR
VOXTUR,VXTRF
VOXTUR ANALYTICS,VXTRF
VOXTUR ANALYTICS CORP,VXTRF
VOXTUR ANALYTICS CORP.,VXTRF
VOYA,IAE
VOYA,IDE
VOYA,XSIAX
VOYA,IGD
VOYA,IGA
VOYA,IHD
VOYA,VOYA
VOYA ASIA,IAE
VOYA ASIA PACIFIC HIGH DIVIDEND EQUITY INCOME FUND,IAE
VOYA CREDIT,XSIAX
VOYA CREDIT INCOME FUND,XSIAX
VOYA EMERGING,IHD
VOYA EMERGING MARKETS HIGH DIVIDEND EQUITY FUND,IHD
VOYA FINANCIAL INC,VOYA
"VOYA FINANCIAL,",VOYA
"VOYA FINANCIAL, INC.",VOYA
VOYA GLOBAL,IGA
VOYA GLOBAL,IGD
VOYA GLOBAL ADVANTAGE  PREMIUM OPPORTUNITY FUND,IGA
VOYA GLOBAL ADVANTAGE & PREMIUM OPPORTUNITY FUND,IGA
VOYA GLOBAL EQUITY DIVIDEND  PREMIUM OPPORTUNITY FUND,IGD
VOYA GLOBAL EQUITY DIVIDEND & PREMIUM OPPORTUNITY FUND,IGD
VOYA INFRASTRUCTURE INDUSTRIALS  MATERIALS FUND,IDE
"VOYA INFRASTRUCTURE,",IDE
"VOYA INFRASTRUCTURE, INDUSTRIALS & MATERIALS FUND",IDE
VOYAGER,VOYG
VOYAGER,VACHW
VOYAGER,VACHU
VOYAGER,VACH
VOYAGER,VYGR
VOYAGER ACQUISITION,VACHW
VOYAGER ACQUISITION,VACHU
VOYAGER ACQUISITION,VACH
VOYAGER ACQUISITION CORP./CAYMAN ISLANDS,VACHU
VOYAGER ACQUISITION CORP./CAYMAN ISLANDS,VACH
VOYAGER ACQUISITION CORP./CAYMAN ISLANDS,VACHW
VOYAGER ACQUISITION CORPCAYMAN ISLANDS,VACHU
VOYAGER ACQUISITION CORPCAYMAN ISLANDS,VACH
VOYAGER ACQUISITION CORPCAYMAN ISLANDS,VACHW
VOYAGER TECHNOLOGIES INCDE,VOYG
"VOYAGER TECHNOLOGIES,",VOYG
"VOYAGER TECHNOLOGIES, INC./DE",VOYG
VOYAGER THERAPEUTICS INC,VYGR
"VOYAGER THERAPEUTICS,",VYGR
"VOYAGER THERAPEUTICS, INC.",VYGR
VPR,VPRB
VPR BRANDS LP,VPRB
"VPR BRANDS,",VPRB
"VPR BRANDS, LP.",VPRB
VR RESOURCES LTD,VRRCF
VR RESOURCES LTD.,VRRCF
VROOM INC,VRM
"VROOM,",VRM
"VROOM, INC.",VRM
VS MEDIA,VSME
VS MEDIA HOLDINGS LTD,VSME
VS TRUST,UVIX
VS TRUST,SVIX
VSBLTY,VSBGF
VSBLTY GROUPE,VSBGF
VSBLTY GROUPE TECHNOLOGIES CORP,VSBGF
VSBLTY GROUPE TECHNOLOGIES CORP.,VSBGF
VSE,VSEC
VSE CORP,VSEC
VSEE,VSEE
VSEE,VSEEW
VSEE HEALTH INC,VSEEW
VSEE HEALTH INC,VSEE
"VSEE HEALTH,",VSEEW
"VSEE HEALTH,",VSEE
"VSEE HEALTH, INC.",VSEEW
"VSEE HEALTH, INC.",VSEE
VTEX,VTEX
VTV,VTVT
VTV THERAPEUTICS,VTVT
VTV THERAPEUTICS INC,VTVT
VTV THERAPEUTICS INC.,VTVT
VULCAN,VMC
VULCAN MATERIALS,VMC
VULCAN MATERIALS CO,VMC
VUZIX,VUZI
VUZIX CORP,VUZI
VWF,VWFB
VWF BANCORP INC,VWFB
"VWF BANCORP,",VWFB
"VWF BANCORP, INC.",VWFB
VYCOR,VYCO
VYCOR MEDICAL,VYCO
VYCOR MEDICAL INC,VYCO
VYNE,VYNE
VYNE THERAPEUTICS,VYNE
VYNE THERAPEUTICS INC,VYNE
VYNE THERAPEUTICS INC.,VYNE
VYNLEADS INC,VYND
"VYNLEADS,",VYND
"VYNLEADS, INC.",VYND
VYSTAR,VYST
VYSTAR CORP,VYST
W P CAREY INC,WPC
W&T,WTI
W&T OFFSHORE,WTI
W&T OFFSHORE INC,WTI
W. P. CAREY INC.,WPC
W.W.,GWW
"W.W. GRAINGER,",GWW
"W.W. GRAINGER, INC.",GWW
WABASH,WNC
WABASH NATIONAL,WNC
WABASH NATIONAL CORP,WNC
WAFD,WAFDP
WAFD,WAFD
WAFD INC,WAFDP
WAFD INC,WAFD
WAG GROUP CO,PET
WAG GROUP CO,PETWW
WAG!,PETWW
WAG!,PET
WAG! GROUP,PET
WAG! GROUP,PETWW
WAG! GROUP CO.,PETWW
WAG! GROUP CO.,PET
WAH,WAFU
WAH FU EDUCATION,WAFU
WAH FU EDUCATION GROUP LTD,WAFU
WALDENCAST,WALDW
WALDENCAST,WALD
WALDENCAST PLC,WALD
WALDENCAST PLC,WALDW
WALGREENS,WBA
WALGREENS BOOTS,WBA
WALGREENS BOOTS ALLIANCE INC,WBA
"WALGREENS BOOTS ALLIANCE, INC.",WBA
WALKER,WD
WALKER  DUNLOP INC,WD
"WALKER & DUNLOP, INC.",WD
WALLBOX,WBXWF
WALLBOX,WBX
WALLBOX N.V.,WBX
WALLBOX N.V.,WBXWF
WALLBOX NV,WBXWF
WALLBOX NV,WBX
WALMART,WMT
WALMART INC,WMT
WALMART INC.,WMT
WALT,DIS
WALT DISNEY,DIS
WALT DISNEY CO,DIS
WANG,WLGS
WANG  LEE GROUP INC,WLGS
"WANG & LEE GROUP, INC.",WLGS
WARBY,WRBY
WARBY PARKER,WRBY
WARBY PARKER INC,WRBY
WARBY PARKER INC.,WRBY
WARNER,WBD
WARNER,WMG
WARNER BROS DISCOVERY INC,WBD
WARNER BROS.,WBD
"WARNER BROS. DISCOVERY, INC.",WBD
WARNER MUSIC,WMG
WARNER MUSIC GROUP CORP,WMG
WARNER MUSIC GROUP CORP.,WMG
WARPSPEED,WRPT
WARPSPEED TAXI,WRPT
WARPSPEED TAXI INC,WRPT
WARPSPEED TAXI INC.,WRPT
WARRIOR,HCC
WARRIOR MET,HCC
WARRIOR MET COAL INC,HCC
"WARRIOR MET COAL, INC.",HCC
WASHINGTON,WASH
WASHINGTON TRUST,WASH
WASHINGTON TRUST BANCORP,WASH
WASHINGTON TRUST BANCORP INC,WASH
WASTE,WCN
WASTE,WAST
WASTE,WM
WASTE CONNECTIONS INC,WCN
"WASTE CONNECTIONS,",WCN
"WASTE CONNECTIONS, INC.",WCN
WASTE ENERGY,WAST
WASTE ENERGY CORP,WAST
WASTE ENERGY CORP.,WAST
WASTE MANAGEMENT,WM
WASTE MANAGEMENT INC,WM
WATER,WTII
WATER TECHNOLOGIES,WTII
"WATER TECHNOLOGIES INTERNATIONAL,INC.",WTII
WATER TECHNOLOGIES INTERNATIONALINC,WTII
WATERDROP,WDH
WATERDROP INC,WDH
WATERDROP INC.,WDH
WATERS,WAT
WATERS CORP,WAT
WATERS CORP /DE/,WAT
WATERS CORP DE,WAT
WATERSTONE,WSBF
WATERSTONE FINANCIAL INC,WSBF
"WATERSTONE FINANCIAL,",WSBF
"WATERSTONE FINANCIAL, INC.",WSBF
WATON,WTF
WATON FINANCIAL,WTF
WATON FINANCIAL LTD,WTF
WATSCO,WSO-B
WATSCO,WSO
WATSCO INC,WSO
WATSCO INC,WSO-B
WATTS,WTS
WATTS WATER,WTS
WATTS WATER TECHNOLOGIES INC,WTS
WAVE,WVE
WAVE LIFE,WVE
WAVE LIFE SCIENCES LTD,WVE
WAVE LIFE SCIENCES LTD.,WVE
WAYFAIR,W
WAYFAIR INC,W
WAYFAIR INC.,W
WAYSTAR,WAY
WAYSTAR HOLDING,WAY
WAYSTAR HOLDING CORP,WAY
WAYSTAR HOLDING CORP.,WAY
WD 40,WDFC
WD 40 CO,WDFC
WEARABLE,WLDS
WEARABLE,WLDSW
WEARABLE DEVICES,WLDS
WEARABLE DEVICES,WLDSW
WEARABLE DEVICES LTD,WLDSW
WEARABLE DEVICES LTD,WLDS
WEARABLE DEVICES LTD.,WLDS
WEARABLE DEVICES LTD.,WLDSW
WEATHERFORD,WFRD
WEATHERFORD INTERNATIONAL,WFRD
WEATHERFORD INTERNATIONAL PLC,WFRD
WEAVE,WEAV
WEAVE COMMUNICATIONS INC,WEAV
"WEAVE COMMUNICATIONS,",WEAV
"WEAVE COMMUNICATIONS, INC.",WEAV
WEBJET,WEBJF
WEBJET LIMITED/ADR,WEBJF
WEBJET LIMITEDADR,WEBJF
WEBSTAR,WBSR
WEBSTAR TECHNOLOGY,WBSR
WEBSTAR TECHNOLOGY GROUP INC,WBSR
WEBSTAR TECHNOLOGY GROUP INC.,WBSR
WEBSTER,WBS
WEBSTER FINANCIAL,WBS
WEBSTER FINANCIAL CORP,WBS
WEBTOON,WBTN
WEBTOON ENTERTAINMENT,WBTN
WEBTOON ENTERTAINMENT INC,WBTN
WEBTOON ENTERTAINMENT INC.,WBTN
WEBULL,BULL
WEBULL,BULLW
WEBULL,BULLZ
WEBULL CORP,BULL
WEBULL CORP,BULLZ
WEBULL CORP,BULLW
WEBUS,WETO
WEBUS INTERNATIONAL,WETO
WEBUS INTERNATIONAL LTD,WETO
WEBUS INTERNATIONAL LTD.,WETO
WEBUY,WBUY
WEBUY GLOBAL,WBUY
WEBUY GLOBAL LTD,WBUY
WEC,WEC
WEC ENERGY,WEC
WEC ENERGY GROUP INC,WEC
"WEC ENERGY GROUP, INC.",WEC
WEED INC,BUDZ
"WEED,",BUDZ
"WEED, INC.",BUDZ
WEIBO,WB
WEIBO,WEIBF
WEIBO CORP,WB
WEIBO CORP,WEIBF
WEIS,WMK
WEIS MARKETS,WMK
WEIS MARKETS INC,WMK
WELL,WHTCF
WELL HEALTH,WHTCF
WELL HEALTH TECHNOLOGIES CORP,WHTCF
WELL HEALTH TECHNOLOGIES CORP.,WHTCF
WELLCHANGE,WCT
WELLCHANGE HOLDINGS,WCT
WELLCHANGE HOLDINGS CO,WCT
WELLCHANGE HOLDINGS CO LTD,WCT
WELLGISTICS,WGRX
WELLGISTICS HEALTH INC,WGRX
"WELLGISTICS HEALTH,",WGRX
"WELLGISTICS HEALTH, INC.",WGRX
WELLS,WFC
WELLS,WFCNP
WELLS FARGO,WFCNP
WELLS FARGO,WFC
WELLS FARGO  COMPANYMN,WFC
WELLS FARGO  COMPANYMN,WFCNP
WELLS FARGO & COMPANY/MN,WFC
WELLS FARGO & COMPANY/MN,WFCNP
WELLTOWER,WELL
WELLTOWER INC,WELL
WELLTOWER INC.,WELL
WELSBACH,WTMAU
WELSBACH,WTMAR
WELSBACH,WTMA
WELSBACH TECHNOLOGY,WTMAU
WELSBACH TECHNOLOGY,WTMAR
WELSBACH TECHNOLOGY,WTMA
WELSBACH TECHNOLOGY METALS ACQUISITION CORP,WTMAR
WELSBACH TECHNOLOGY METALS ACQUISITION CORP,WTMA
WELSBACH TECHNOLOGY METALS ACQUISITION CORP,WTMAU
WELSBACH TECHNOLOGY METALS ACQUISITION CORP.,WTMA
WELSBACH TECHNOLOGY METALS ACQUISITION CORP.,WTMAR
WELSBACH TECHNOLOGY METALS ACQUISITION CORP.,WTMAU
WELSIS,WLSS
WELSIS CORP,WLSS
WELSIS CORP.,WLSS
WEN,WENN
WEN,WENNU
WEN ACQUISITION,WENN
WEN ACQUISITION,WENNU
WEN ACQUISITION CORP,WENNU
WEN ACQUISITION CORP,WENN
WENDY'S,WEN
WENDY'S CO,WEN
WENDYS,WEN
WENYUAN,WYGC
WENYUAN GROUP,WYGC
WENYUAN GROUP CORP,WYGC
WENYUAN GROUP CORP.,WYGC
WEREWOLF,HOWL
WEREWOLF THERAPEUTICS INC,HOWL
"WEREWOLF THERAPEUTICS,",HOWL
"WEREWOLF THERAPEUTICS, INC.",HOWL
WERIDE,WRD
WERIDE INC,WRD
WERIDE INC.,WRD
WERNER,WERN
WERNER ENTERPRISES,WERN
WERNER ENTERPRISES INC,WERN
WESBANCO,WSBCP
WESBANCO,WSBC
WESBANCO INC,WSBCP
WESBANCO INC,WSBC
WESCO,WCC
WESCO INTERNATIONAL,WCC
WESCO INTERNATIONAL INC,WCC
WEST,WST
WEST,WRLGF
WEST,WFG
WEST,WLGMF
WEST,WTBA
WEST,WPGCF
WEST BANCORPORATION,WTBA
WEST BANCORPORATION INC,WTBA
WEST FRASER,WFG
WEST FRASER TIMBER CO,WFG
"WEST FRASER TIMBER CO., LTD",WFG
WEST PHARMACEUTICAL,WST
WEST PHARMACEUTICAL SERVICES INC,WST
WEST POINT,WPGCF
WEST POINT GOLD CORP,WPGCF
WEST POINT GOLD CORP.,WPGCF
WEST RED,WLGMF
WEST RED,WRLGF
WEST RED LAKE GOLD MINES LTD,WLGMF
WEST RED LAKE GOLD MINES LTD,WRLGF
WEST RED LAKE GOLD MINES LTD.,WRLGF
WEST RED LAKE GOLD MINES LTD.,WLGMF
WESTAMERICA,WABC
WESTAMERICA BANCORPORATION,WABC
WESTERN,WAL
WESTERN,EHI
WESTERN,WIA
WESTERN,PAI
WESTERN,SBI
WESTERN,EMD
WESTERN,IGI
WESTERN,HIO
WESTERN,GDO
WESTERN,WDI
WESTERN,MHF
WESTERN,WIW
WESTERN,HIX
WESTERN,WU
WESTERN,WRN
WESTERN,DMO
WESTERN,WNEB
WESTERN,HYI
WESTERN,WAMFF
WESTERN,WSTRF
WESTERN,MMU
WESTERN,WDC
WESTERN,WES
WESTERN,WEA
WESTERN ALASKA,WAMFF
WESTERN ALASKA MINERALS CORP,WAMFF
WESTERN ALASKA MINERALS CORP.,WAMFF
WESTERN ALLIANCE,WAL
WESTERN ALLIANCE BANCORPORATION,WAL
WESTERN ASSET,EHI
WESTERN ASSET,HIO
WESTERN ASSET,WIW
WESTERN ASSET,WDI
WESTERN ASSET,GDO
WESTERN ASSET,HIX
WESTERN ASSET,MMU
WESTERN ASSET,WEA
WESTERN ASSET,DMO
WESTERN ASSET,EMD
WESTERN ASSET,IGI
WESTERN ASSET,PAI
WESTERN ASSET,WIA
WESTERN ASSET,HYI
WESTERN ASSET,MHF
WESTERN ASSET,SBI
WESTERN ASSET DIVERSIFIED INCOME FUND (WDI),WDI
WESTERN ASSET DIVERSIFIED INCOME FUND WDI,WDI
WESTERN ASSET EMERGING MARKETS DEBT FUND INC,EMD
WESTERN ASSET EMERGING MARKETS DEBT FUND INC.,EMD
WESTERN ASSET GLOBAL CORPORATE OPPORTUNITY FUND INC,GDO
WESTERN ASSET GLOBAL CORPORATE OPPORTUNITY FUND INC.,GDO
WESTERN ASSET GLOBAL HIGH INCOME FUND INC,EHI
WESTERN ASSET GLOBAL HIGH INCOME FUND INC.,EHI
WESTERN ASSET HIGH INCOME FUND II INC,HIX
WESTERN ASSET HIGH INCOME FUND II INC.,HIX
WESTERN ASSET HIGH INCOME OPPORTUNITY FUND INC,HIO
WESTERN ASSET HIGH INCOME OPPORTUNITY FUND INC.,HIO
WESTERN ASSET HIGH YIELD DEFINED OPPORTUNITY FUND INC,HYI
WESTERN ASSET HIGH YIELD DEFINED OPPORTUNITY FUND INC.,HYI
WESTERN ASSET INFLATION-LINKED INCOME FUND,WIA
WESTERN ASSET INFLATION-LINKED OPPORTUNITIES & INCOME FUND,WIW
WESTERN ASSET INFLATIONLINKED INCOME FUND,WIA
WESTERN ASSET INFLATIONLINKED OPPORTUNITIES  INCOME FUND,WIW
WESTERN ASSET INTERMEDIATE MUNI FUND INC,SBI
WESTERN ASSET INTERMEDIATE MUNI FUND INC.,SBI
WESTERN ASSET INVESTMENT GRADE INCOME FUND INC,PAI
WESTERN ASSET INVESTMENT GRADE INCOME FUND INC.,PAI
WESTERN ASSET INVESTMENT GRADE OPPORTUNITY TRUST INC,IGI
WESTERN ASSET INVESTMENT GRADE OPPORTUNITY TRUST INC.,IGI
WESTERN ASSET MANAGED MUNICIPALS FUND INC,MMU
WESTERN ASSET MANAGED MUNICIPALS FUND INC.,MMU
WESTERN ASSET MORTGAGE OPPORTUNITY FUND INC,DMO
WESTERN ASSET MORTGAGE OPPORTUNITY FUND INC.,DMO
WESTERN ASSET MUNICIPAL HIGH INCOME FUND INC,MHF
WESTERN ASSET MUNICIPAL HIGH INCOME FUND INC.,MHF
WESTERN ASSET PREMIER BOND FUND,WEA
WESTERN COPPER,WRN
WESTERN COPPER  GOLD,WRN
WESTERN COPPER & GOLD CORP,WRN
WESTERN DIGITAL,WDC
WESTERN DIGITAL CORP,WDC
WESTERN MIDSTREAM,WES
WESTERN MIDSTREAM PARTNERS,WES
"WESTERN MIDSTREAM PARTNERS, LP",WES
WESTERN NEW,WNEB
WESTERN NEW ENGLAND BANCORP INC,WNEB
"WESTERN NEW ENGLAND BANCORP, INC.",WNEB
WESTERN UNION,WU
WESTERN UNION CO,WU
WESTERN URANIUM,WSTRF
WESTERN URANIUM  VANADIUM CORP,WSTRF
WESTERN URANIUM & VANADIUM CORP.,WSTRF
WESTHAVEN,WTHVF
WESTHAVEN GOLD,WTHVF
WESTHAVEN GOLD CORP,WTHVF
WESTHAVEN GOLD CORP.,WTHVF
WESTINGHOUSE,WAB
WESTINGHOUSE AIR,WAB
WESTINGHOUSE AIR BRAKE,WAB
WESTINGHOUSE AIR BRAKE TECHNOLOGIES CORP,WAB
WESTLAKE,WLKP
WESTLAKE,WLK
WESTLAKE CHEMICAL,WLKP
WESTLAKE CHEMICAL PARTNERS,WLKP
WESTLAKE CHEMICAL PARTNERS LP,WLKP
WESTLAKE CORP,WLK
WESTPAC,WEBNF
WESTPAC BANKING,WEBNF
WESTPAC BANKING CORP,WEBNF
WESTPORT,WPRT
WESTPORT FUEL,WPRT
WESTPORT FUEL SYSTEMS INC,WPRT
WESTPORT FUEL SYSTEMS INC.,WPRT
WESTROCK,WEST
WESTROCK COFFEE,WEST
WESTROCK COFFEE CO,WEST
WESTWATER,WWR
WESTWATER RESOURCES INC,WWR
"WESTWATER RESOURCES,",WWR
"WESTWATER RESOURCES, INC.",WWR
WESTWOOD,WHG
WESTWOOD HOLDINGS,WHG
WESTWOOD HOLDINGS GROUP INC,WHG
WETOUCH,WETH
WETOUCH TECHNOLOGY,WETH
WETOUCH TECHNOLOGY INC,WETH
WETOUCH TECHNOLOGY INC.,WETH
WEWARDS INC,WEWA
"WEWARDS,",WEWA
"WEWARDS, INC.",WEWA
WEX,WEX
WEX INC,WEX
WEX INC.,WEX
WEYCO,WEYS
WEYCO GROUP,WEYS
WEYCO GROUP INC,WEYS
WEYERHAEUSER,WY
WEYERHAEUSER CO,WY
WF HOLDING,WFF
WF HOLDING LTD,WFF
WF INTERNATIONAL LTD,WXM
WF INTERNATIONAL LTD.,WXM
WHEATON,WPM
WHEATON PRECIOUS,WPM
WHEATON PRECIOUS METALS CORP,WPM
WHEATON PRECIOUS METALS CORP.,WPM
WHEELER,WHLR
WHEELER,WHLRL
WHEELER,WHLRP
WHEELER,WHLRD
WHEELER REAL,WHLRL
WHEELER REAL,WHLRD
WHEELER REAL,WHLR
WHEELER REAL,WHLRP
WHEELER REAL ESTATE INVESTMENT TRUST INC,WHLRP
WHEELER REAL ESTATE INVESTMENT TRUST INC,WHLR
WHEELER REAL ESTATE INVESTMENT TRUST INC,WHLRL
WHEELER REAL ESTATE INVESTMENT TRUST INC,WHLRD
"WHEELER REAL ESTATE INVESTMENT TRUST, INC.",WHLR
"WHEELER REAL ESTATE INVESTMENT TRUST, INC.",WHLRD
"WHEELER REAL ESTATE INVESTMENT TRUST, INC.",WHLRL
"WHEELER REAL ESTATE INVESTMENT TRUST, INC.",WHLRP
WHEELS,UP
WHEELS,WSUPW
WHEELS UP EXPERIENCE INC,UP
WHEELS UP EXPERIENCE INC,WSUPW
WHEELS UP EXPERIENCE INC.,UP
WHEELS UP EXPERIENCE INC.,WSUPW
WHERE,WFCF
WHERE FOOD,WFCF
WHERE FOOD COMES FROM INC,WFCF
"WHERE FOOD COMES FROM, INC.",WFCF
WHIRLPOOL,WHR
WHIRLPOOL CORP,WHR
WHIRLPOOL CORP /DE/,WHR
WHIRLPOOL CORP DE,WHR
WHITE,WRIV
WHITE,WTM
WHITE MOUNTAINS,WTM
WHITE MOUNTAINS INSURANCE GROUP LTD,WTM
WHITE RIVER,WRIV
WHITE RIVER BANCSHARES,WRIV
WHITE RIVER BANCSHARES CO,WRIV
WHITEHAWK,WHWK
WHITEHAWK THERAPEUTICS INC,WHWK
"WHITEHAWK THERAPEUTICS,",WHWK
"WHITEHAWK THERAPEUTICS, INC.",WHWK
WHITEHORSE,WHF
WHITEHORSE,WHFCL
WHITEHORSE FINANCE INC,WHFCL
WHITEHORSE FINANCE INC,WHF
"WHITEHORSE FINANCE,",WHF
"WHITEHORSE FINANCE,",WHFCL
"WHITEHORSE FINANCE, INC.",WHF
"WHITEHORSE FINANCE, INC.",WHFCL
WHITESTONE,WSR
WHITESTONE REIT,WSR
WIDEOPENWEST INC,WOW
"WIDEOPENWEST,",WOW
"WIDEOPENWEST, INC.",WOW
WIDEPOINT,WYY
WIDEPOINT CORP,WYY
WILHELMINA,WHLM
WILHELMINA INTERNATIONAL INC,WHLM
"WILHELMINA INTERNATIONAL,",WHLM
"WILHELMINA INTERNATIONAL, INC.",WHLM
WILLAMETTE,WVVI
WILLAMETTE,WVVIP
WILLAMETTE VALLEY,WVVIP
WILLAMETTE VALLEY,WVVI
WILLAMETTE VALLEY VINEYARDS,WVVIP
WILLAMETTE VALLEY VINEYARDS,WVVI
WILLAMETTE VALLEY VINEYARDS INC,WVVIP
WILLAMETTE VALLEY VINEYARDS INC,WVVI
WILLDAN,WLDN
WILLDAN GROUP INC,WLDN
"WILLDAN GROUP,",WLDN
"WILLDAN GROUP, INC.",WLDN
WILLIAMS,WMB
WILLIAMS,WSM
WILLIAMS COMPANIES INC,WMB
"WILLIAMS COMPANIES,",WMB
"WILLIAMS COMPANIES, INC.",WMB
WILLIAMS SONOMA,WSM
WILLIAMS SONOMA INC,WSM
WILLIS,WLFC
WILLIS,WTW
WILLIS LEASE,WLFC
WILLIS LEASE FINANCE,WLFC
WILLIS LEASE FINANCE CORP,WLFC
WILLIS TOWERS,WTW
WILLIS TOWERS WATSON,WTW
WILLIS TOWERS WATSON PLC,WTW
WILLOW,WLACW
WILLOW,WLAC
WILLOW,WLACU
WILLOW LANE,WLACU
WILLOW LANE,WLAC
WILLOW LANE,WLACW
WILLOW LANE ACQUISITION CORP,WLACW
WILLOW LANE ACQUISITION CORP,WLACU
WILLOW LANE ACQUISITION CORP,WLAC
WILLOW LANE ACQUISITION CORP.,WLACU
WILLOW LANE ACQUISITION CORP.,WLACW
WILLOW LANE ACQUISITION CORP.,WLAC
WILLSCOT,WSC
WILLSCOT HOLDINGS,WSC
WILLSCOT HOLDINGS CORP,WSC
WILMAR,WLMIF
WILMAR INTERNATIONAL,WLMIF
WILMAR INTERNATIONAL LTD,WLMIF
WILSON,WBHC
WILSON BANK,WBHC
WILSON BANK HOLDING,WBHC
WILSON BANK HOLDING CO,WBHC
WIMI,WIMI
WIMI HOLOGRAM,WIMI
WIMI HOLOGRAM CLOUD INC,WIMI
WIMI HOLOGRAM CLOUD INC.,WIMI
WINCHESTER,WSBK
WINCHESTER BANCORP INCMD,WSBK
"WINCHESTER BANCORP,",WSBK
"WINCHESTER BANCORP, INC./MD/",WSBK
WINDTREE,WINT
WINDTREE,WINTW
WINDTREE THERAPEUTICS,WINT
WINDTREE THERAPEUTICS,WINTW
WINDTREE THERAPEUTICS INC /DE/,WINTW
WINDTREE THERAPEUTICS INC /DE/,WINT
WINDTREE THERAPEUTICS INC DE,WINT
WINDTREE THERAPEUTICS INC DE,WINTW
WING,WYHG
WING YIP,WYHG
WING YIP FOOD,WYHG
WING YIP FOOD HOLDINGS GROUP LTD,WYHG
WINGSTOP,WING
WINGSTOP INC,WING
WINGSTOP INC.,WING
WINMARK,WINA
WINMARK CORP,WINA
WINNEBAGO,WGO
WINNEBAGO INDUSTRIES,WGO
WINNEBAGO INDUSTRIES INC,WGO
WINS,WINSF
WINS FINANCE,WINSF
WINS FINANCE HOLDINGS INC,WINSF
WINS FINANCE HOLDINGS INC.,WINSF
WINTERGREEN,WTGUU
WINTERGREEN,WTG
WINTERGREEN ACQUISITION,WTG
WINTERGREEN ACQUISITION,WTGUU
WINTERGREEN ACQUISITION CORP,WTG
WINTERGREEN ACQUISITION CORP,WTGUU
WINTERGREEN ACQUISITION CORP.,WTG
WINTERGREEN ACQUISITION CORP.,WTGUU
WINTRUST,WTFC
WINTRUST,WTFCM
WINTRUST,WTFCP
WINTRUST,WTFCN
WINTRUST FINANCIAL,WTFCP
WINTRUST FINANCIAL,WTFCM
WINTRUST FINANCIAL,WTFCN
WINTRUST FINANCIAL,WTFC
WINTRUST FINANCIAL CORP,WTFC
WINTRUST FINANCIAL CORP,WTFCP
WINTRUST FINANCIAL CORP,WTFCM
WINTRUST FINANCIAL CORP,WTFCN
WINVEST,WINV
WINVEST,WNLV
WINVEST ACQUISITION,WINV
WINVEST ACQUISITION CORP,WINV
WINVEST ACQUISITION CORP.,WINV
WINVEST GROUP,WNLV
WINVEST GROUP LTD,WNLV
WIPRO,WIT
WIPRO LTD,WIT
WISCONSIN,WELPM
WISCONSIN,WELPP
WISCONSIN ELECTRIC,WELPP
WISCONSIN ELECTRIC,WELPM
WISCONSIN ELECTRIC POWER,WELPP
WISCONSIN ELECTRIC POWER,WELPM
WISCONSIN ELECTRIC POWER CO,WELPP
WISCONSIN ELECTRIC POWER CO,WELPM
WISDOMTREE,BTCW
WISDOMTREE BITCOIN,BTCW
WISDOMTREE BITCOIN FUND,BTCW
WISDOMTREE INC,WT
"WISDOMTREE,",WT
"WISDOMTREE, INC.",WT
WISEKEY,WKEY
WISEKEY,WSKEF
WISEKEY INTERNATIONAL,WKEY
WISEKEY INTERNATIONAL,WSKEF
WISEKEY INTERNATIONAL HOLDING S.A.,WKEY
WISEKEY INTERNATIONAL HOLDING S.A.,WSKEF
WISEKEY INTERNATIONAL HOLDING SA,WSKEF
WISEKEY INTERNATIONAL HOLDING SA,WKEY
WISETECH,WTCHF
WISETECH GLOBAL,WTCHF
WISETECH GLOBAL LTD./ADR,WTCHF
WISETECH GLOBAL LTDADR,WTCHF
WIX.COM,WIX
WIX.COM LTD.,WIX
WIXCOM LTD,WIX
WK KELLOGG,KLG
WK KELLOGG CO,KLG
WM TECHNOLOGY INC,MAPS
WM TECHNOLOGY INC,MAPSW
"WM TECHNOLOGY, INC.",MAPSW
"WM TECHNOLOGY, INC.",MAPS
WNS,WNS
WNS (HOLDINGS),WNS
WNS (HOLDINGS) LTD,WNS
WNS HOLDINGS,WNS
WOLFSPEED INC,WOLF
"WOLFSPEED,",WOLF
"WOLFSPEED, INC.",WOLF
WOLTERS,WTKWY
WOLTERS,WOLTF
WOLTERS KLUWER,WTKWY
WOLTERS KLUWER,WOLTF
WOLTERS KLUWER N V /FI,WTKWY
WOLTERS KLUWER N V /FI,WOLTF
WOLTERS KLUWER N V FI,WOLTF
WOLTERS KLUWER N V FI,WTKWY
WOLVERINE,WWW
WOLVERINE,WOLV
WOLVERINE RESOURCES,WOLV
WOLVERINE RESOURCES CORP,WOLV
WOLVERINE RESOURCES CORP.,WOLV
WOLVERINE WORLD,WWW
WOLVERINE WORLD WIDE INC /DE/,WWW
WOLVERINE WORLD WIDE INC DE,WWW
WONDERFI,WONDF
WONDERFI TECHNOLOGIES,WONDF
WONDERFI TECHNOLOGIES INC,WONDF
WONDERFI TECHNOLOGIES INC.,WONDF
WOODBRIDGE,WBQNL
WOODBRIDGE LIQUIDATION,WBQNL
WOODBRIDGE LIQUIDATION TRUST,WBQNL
WOODSIDE,WOPEF
WOODSIDE,WDS
WOODSIDE ENERGY,WOPEF
WOODSIDE ENERGY,WDS
WOODSIDE ENERGY GROUP LTD,WOPEF
WOODSIDE ENERGY GROUP LTD,WDS
WOODWARD INC,WWD
"WOODWARD,",WWD
"WOODWARD, INC.",WWD
WOORI,WF
WOORI FINANCIAL,WF
WOORI FINANCIAL GROUP INC,WF
WOORI FINANCIAL GROUP INC.,WF
WORK,WOK
WORK MEDICAL,WOK
WORK MEDICAL TECHNOLOGY,WOK
WORK MEDICAL TECHNOLOGY GROUP LTD,WOK
WORKDAY INC,WDAY
"WORKDAY,",WDAY
"WORKDAY, INC.",WDAY
WORKHORSE,WKHS
WORKHORSE GROUP,WKHS
WORKHORSE GROUP INC,WKHS
WORKHORSE GROUP INC.,WKHS
WORKIVA,WK
WORKIVA INC,WK
WORKSPORT,WKSP
WORKSPORT LTD,WKSP
WORLD,GLDM
WORLD,WDSP
WORLD,WRLD
WORLD,WODO
WORLD,WKC
WORLD,WHEN
WORLD ACCEPTANCE,WRLD
WORLD ACCEPTANCE CORP,WRLD
WORLD GOLD,GLDM
WORLD GOLD TRUST,GLDM
WORLD HEALTH,WHEN
WORLD HEALTH ENERGY HOLDINGS INC,WHEN
"WORLD HEALTH ENERGY HOLDINGS, INC.",WHEN
WORLD KINECT,WKC
WORLD KINECT CORP,WKC
WORLD ROAD,WODO
WORLD ROAD INC,WODO
WORLD ROAD INC.,WODO
WORLD SCAN,WDSP
WORLD SCAN PROJECT INC,WDSP
"WORLD SCAN PROJECT, INC.",WDSP
WORLDS,WDDD
WORLDS INC,WDDD
WORLDWIDE,WNFT
WORLDWIDE NFT,WNFT
WORLDWIDE NFT INC,WNFT
WORLDWIDE NFT INC.,WNFT
WORTHINGTON,WOR
WORTHINGTON,WS
WORTHINGTON ENTERPRISES INC,WOR
"WORTHINGTON ENTERPRISES,",WOR
"WORTHINGTON ENTERPRISES, INC.",WOR
WORTHINGTON STEEL INC,WS
"WORTHINGTON STEEL,",WS
"WORTHINGTON STEEL, INC.",WS
WPP,WPPGF
WPP,WPP
WPP PLC,WPPGF
WPP PLC,WPP
WRAP,WRAP
WRAP TECHNOLOGIES INC,WRAP
"WRAP TECHNOLOGIES,",WRAP
"WRAP TECHNOLOGIES, INC.",WRAP
WRIGHT,IWSH
WRIGHT INVESTORS,IWSH
WRIGHT INVESTORS SERVICE HOLDINGS INC,IWSH
"WRIGHT INVESTORS SERVICE HOLDINGS, INC.",IWSH
WSFS,WSFS
WSFS FINANCIAL,WSFS
WSFS FINANCIAL CORP,WSFS
WT OFFSHORE,WTI
WW GRAINGER INC,GWW
WW INTERNATIONAL INC,WGHTQ
"WW INTERNATIONAL, INC.",WGHTQ
WYNDHAM,WH
WYNDHAM HOTELS,WH
WYNDHAM HOTELS  RESORTS INC,WH
"WYNDHAM HOTELS & RESORTS, INC.",WH
WYNN,WYNN
WYNN RESORTS,WYNN
WYNN RESORTS LTD,WYNN
WYTEC,WYTC
WYTEC INTERNATIONAL,WYTC
WYTEC INTERNATIONAL INC,WYTC
X,XYF
X FINANCIAL,XYF
X3 HOLDINGS CO LTD,XTKG
"X3 HOLDINGS CO., LTD.",XTKG
X4 PHARMACEUTICALS,XFOR
"X4 PHARMACEUTICALS, INC",XFOR
XAI,XFLT
XAI,MCN
XAI MADISON,MCN
XAI MADISON EQUITY PREMIUM INCOME FUND,MCN
XAI OCTAGON,XFLT
XAI OCTAGON FLOATING RATE  ALTERNATIVE INCOME TRUST,XFLT
XAI OCTAGON FLOATING RATE & ALTERNATIVE INCOME TRUST,XFLT
XALI,CGDXF
XALI GOLD,CGDXF
XALI GOLD CORP,CGDXF
XALI GOLD CORP.,CGDXF
XBIOTECH,XBIT
XBIOTECH INC,XBIT
XBIOTECH INC.,XBIT
XBP,XBPEW
XBP,XBP
XBP EUROPE,XBPEW
XBP EUROPE,XBP
XBP EUROPE HOLDINGS INC,XBP
XBP EUROPE HOLDINGS INC,XBPEW
"XBP EUROPE HOLDINGS, INC.",XBPEW
"XBP EUROPE HOLDINGS, INC.",XBP
XCEL,XEL
XCEL,XELB
XCEL BRANDS INC,XELB
"XCEL BRANDS,",XELB
"XCEL BRANDS, INC.",XELB
XCEL ENERGY,XEL
XCEL ENERGY INC,XEL
XCELERATE INC,XCRT
"XCELERATE,",XCRT
"XCELERATE, INC.",XCRT
XCF,SAFX
XCF GLOBAL INC,SAFX
"XCF GLOBAL,",SAFX
"XCF GLOBAL, INC.",SAFX
XCHANGE,XHG
XCHANGE TEC.INC,XHG
XCHANGE TECINC,XHG
XCHG,XCH
XCHG LTD,XCH
XDATA,XDT
XDATA GROUP,XDT
XENCOR,XNCR
XENCOR INC,XNCR
XENETIC,XBIO
XENETIC BIOSCIENCES INC,XBIO
"XENETIC BIOSCIENCES,",XBIO
"XENETIC BIOSCIENCES, INC.",XBIO
XENIA,XHR
XENIA HOTELS,XHR
XENIA HOTELS  RESORTS INC,XHR
"XENIA HOTELS & RESORTS, INC.",XHR
XENON,XENE
XENON PHARMACEUTICALS,XENE
XENON PHARMACEUTICALS INC,XENE
XENON PHARMACEUTICALS INC.,XENE
XENOUS,XITO
XENOUS HOLDINGS INC,XITO
"XENOUS HOLDINGS,",XITO
"XENOUS HOLDINGS, INC.",XITO
XERIANT INC,XERI
"XERIANT,",XERI
"XERIANT, INC.",XERI
XERIS,XERS
XERIS BIOPHARMA,XERS
XERIS BIOPHARMA HOLDINGS INC,XERS
"XERIS BIOPHARMA HOLDINGS, INC.",XERS
XEROX,XRX
XEROX HOLDINGS,XRX
XEROX HOLDINGS CORP,XRX
XIAO-I,AIXI
XIAO-I CORP,AIXI
XIAOI,AIXI
XILIO,XLO
XILIO THERAPEUTICS INC,XLO
"XILIO THERAPEUTICS,",XLO
"XILIO THERAPEUTICS, INC.",XLO
XINJIANG,XJNGF
XINJIANG,XNJJY
XINJIANG GOLDWIND,XJNGF
XINJIANG GOLDWIND,XNJJY
XINJIANG GOLDWIND SCIENCE  TECHNOLOGY CO LTDADR,XJNGF
XINJIANG GOLDWIND SCIENCE  TECHNOLOGY CO LTDADR,XNJJY
"XINJIANG GOLDWIND SCIENCE & TECHNOLOGY CO., LTD./ADR",XJNGF
"XINJIANG GOLDWIND SCIENCE & TECHNOLOGY CO., LTD./ADR",XNJJY
XINYUAN,XIN
XINYUAN REAL,XIN
XINYUAN REAL ESTATE CO LTD,XIN
"XINYUAN REAL ESTATE CO., LTD.",XIN
XINZI,XZ
XOMA,XOMA
XOMA,XOMAO
XOMA,XOMAP
XOMA ROYALTY,XOMA
XOMA ROYALTY,XOMAP
XOMA ROYALTY,XOMAO
XOMA ROYALTY CORP,XOMAP
XOMA ROYALTY CORP,XOMAO
XOMA ROYALTY CORP,XOMA
XOMETRY INC,XMTR
"XOMETRY,",XMTR
"XOMETRY, INC.",XMTR
XORTX,XRTX
XORTX THERAPEUTICS,XRTX
XORTX THERAPEUTICS INC,XRTX
XORTX THERAPEUTICS INC.,XRTX
XOS INC,XOSWW
XOS INC,XOS
"XOS,",XOS
"XOS,",XOSWW
"XOS, INC.",XOSWW
"XOS, INC.",XOS
XP INC,XP
XP INC.,XP
XPEL INC,XPEL
"XPEL,",XPEL
"XPEL, INC.",XPEL
XPENG,XPEV
XPENG,XPNGF
XPENG INC,XPNGF
XPENG INC,XPEV
XPENG INC.,XPNGF
XPENG INC.,XPEV
XPERI,XPER
XPERI INC,XPER
XPERI INC.,XPER
XPLR,XIFR
XPLR INFRASTRUCTURE,XIFR
"XPLR INFRASTRUCTURE,",XIFR
"XPLR INFRASTRUCTURE, LP",XIFR
XPO INC,XPO
"XPO,",XPO
"XPO, INC.",XPO
XPONENTIAL,XPOF
XPONENTIAL FITNESS INC,XPOF
"XPONENTIAL FITNESS,",XPOF
"XPONENTIAL FITNESS, INC.",XPOF
XTANT,XTNT
XTANT MEDICAL,XTNT
XTANT MEDICAL HOLDINGS INC,XTNT
"XTANT MEDICAL HOLDINGS, INC.",XTNT
XTI,XTIA
XTI AEROSPACE INC,XTIA
"XTI AEROSPACE,",XTIA
"XTI AEROSPACE, INC.",XTIA
XTL,XTLB
XTL BIOPHARMACEUTICALS,XTLB
XTL BIOPHARMACEUTICALS LTD,XTLB
XTRA-GOLD,XTGRF
XTRA-GOLD RESOURCES,XTGRF
XTRA-GOLD RESOURCES CORP,XTGRF
XTRACT,XTRAF
XTRACT ONE,XTRAF
XTRACT ONE TECHNOLOGIES INC,XTRAF
XTRACT ONE TECHNOLOGIES INC.,XTRAF
XTRAGOLD RESOURCES,XTGRF
XTREME,XONI
XTREME ONE,XONI
XTREME ONE ENTERTAINMENT INC,XONI
"XTREME ONE ENTERTAINMENT, INC.",XONI
XUNLEI,XNET
XUNLEI LTD,XNET
XWELL INC,XWEL
"XWELL,",XWEL
"XWELL, INC.",XWEL
XY LABS INC,XYLB
"XY LABS, INC.",XYLB
XYLEM,XYL
XYLEM INC,XYL
XYLEM INC.,XYL
XYLO,XYLO
XYLO TECHNOLOGIES,XYLO
XYLO TECHNOLOGIES LTD,XYLO
Y-MABS,YMAB
"Y-MABS THERAPEUTICS,",YMAB
"Y-MABS THERAPEUTICS, INC.",YMAB
YAHOO JAPAN,YAHOF
YAHOO JAPAN,YAHOY
YAHOO!,YAHOY
YAHOO!,YAHOF
YAHOO! JAPAN,YAHOY
YAHOO! JAPAN,YAHOF
YAHOO! JAPAN CORP,YAHOY
YAHOO! JAPAN CORP,YAHOF
YAKULT,YKLTF
YAKULT,YKLTY
YAKULT HONSHA,YKLTF
YAKULT HONSHA,YKLTY
YAKULT HONSHA CO LTDADR,YKLTF
YAKULT HONSHA CO LTDADR,YKLTY
"YAKULT HONSHA CO., LTD/ADR",YKLTY
"YAKULT HONSHA CO., LTD/ADR",YKLTF
YALE,YTFD
YALE TRANSACTION,YTFD
YALE TRANSACTION FINDERS INC,YTFD
"YALE TRANSACTION FINDERS, INC.",YTFD
YALLA,YALA
YALLA GROUP,YALA
YALLA GROUP LTD,YALA
YAMAHA,YAMHF
YAMAHA,YMHAY
YAMAHA MOTOR,YAMHF
YAMAHA MOTOR,YMHAY
YAMAHA MOTOR CO LTD,YMHAY
YAMAHA MOTOR CO LTD,YAMHF
"YAMAHA MOTOR CO., LTD.",YMHAY
"YAMAHA MOTOR CO., LTD.",YAMHF
YANGZIJIANG,YSHLF
YANGZIJIANG,YGSHY
YANGZIJIANG SHIPBUILDING,YGSHY
YANGZIJIANG SHIPBUILDING,YSHLF
YANGZIJIANG SHIPBUILDING HOLDINGS LTD/ADR,YGSHY
YANGZIJIANG SHIPBUILDING HOLDINGS LTD/ADR,YSHLF
YANGZIJIANG SHIPBUILDING HOLDINGS LTDADR,YGSHY
YANGZIJIANG SHIPBUILDING HOLDINGS LTDADR,YSHLF
YATRA,YTRA
YATRA ONLINE INC,YTRA
"YATRA ONLINE,",YTRA
"YATRA ONLINE, INC.",YTRA
YATSEN,YSG
YATSEN HOLDING,YSG
YATSEN HOLDING LTD,YSG
YD BIO,YDES
YD BIO LTD,YDES
YELP,YELP
YELP INC,YELP
YERBAE,YERBF
YERBAE BRANDS,YERBF
YERBAE BRANDS CORP,YERBF
YERBAE BRANDS CORP.,YERBF
YETI,YETI
YETI HOLDINGS INC,YETI
"YETI HOLDINGS,",YETI
"YETI HOLDINGS, INC.",YETI
YEXT INC,YEXT
"YEXT,",YEXT
"YEXT, INC.",YEXT
YHN,YHNAU
YHN,YHNAR
YHN,YHNA
YHN ACQUISITION,YHNAR
YHN ACQUISITION,YHNAU
YHN ACQUISITION,YHNA
YHN ACQUISITION I,YHNAR
YHN ACQUISITION I,YHNAU
YHN ACQUISITION I,YHNA
YHN ACQUISITION I LTD,YHNAR
YHN ACQUISITION I LTD,YHNAU
YHN ACQUISITION I LTD,YHNA
YIJIA,YJGJ
YIJIA GROUP,YJGJ
YIJIA GROUP CORP,YJGJ
YIJIA GROUP CORP.,YJGJ
YIMUTIAN,YMT
YIMUTIAN INC,YMT
YIMUTIAN INC.,YMT
YINFU,ELRE
YINFU GOLD,ELRE
YINFU GOLD CORP,ELRE
YINFU GOLD CORP.,ELRE
YIREN,YRD
YIREN DIGITAL,YRD
YIREN DIGITAL LTD,YRD
YIREN DIGITAL LTD.,YRD
YMABS THERAPEUTICS INC,YMAB
YORK,YORW
YORK WATER,YORW
YORK WATER CO,YORW
YOSHIHARU,YOSH
YOSHIHARU GLOBAL,YOSH
YOSHIHARU GLOBAL CO,YOSH
YOSHIHARU GLOBAL CO.,YOSH
YOTTA,YOTAW
YOTTA,YOTA
YOTTA,YOTAU
YOTTA,YOTAR
YOTTA ACQUISITION,YOTAR
YOTTA ACQUISITION,YOTA
YOTTA ACQUISITION,YOTAU
YOTTA ACQUISITION,YOTAW
YOTTA ACQUISITION CORP,YOTA
YOTTA ACQUISITION CORP,YOTAU
YOTTA ACQUISITION CORP,YOTAW
YOTTA ACQUISITION CORP,YOTAR
YOUDAO INC,DAO
"YOUDAO,",DAO
"YOUDAO, INC.",DAO
YOULIFE,YOUL
YOULIFE GROUP,YOUL
YOULIFE GROUP INC,YOUL
YOULIFE GROUP INC.,YOUL
YOUNEEQAI,YQAI
YOUNEEQAI TECHNICAL,YQAI
YOUNEEQAI TECHNICAL SERVICES INC,YQAI
"YOUNEEQAI TECHNICAL SERVICES, INC.",YQAI
YOUXIN,YAAS
YOUXIN TECHNOLOGY,YAAS
YOUXIN TECHNOLOGY LTD,YAAS
YPF,YPF
YPF SOCIEDAD,YPF
YPF SOCIEDAD ANONIMA,YPF
YSX,YSXT
YSX TECH,YSXT
YSX TECH CO,YSXT
"YSX TECH CO., LTD",YSXT
YUANBAO,YB
YUANBAO INC,YB
YUANBAO INC.,YB
YUBICO,YUBCF
YUBICO AB,YUBCF
YUBO,YBGJ
YUBO INTERNATIONAL,YBGJ
YUBO INTERNATIONAL BIOTECH,YBGJ
YUBO INTERNATIONAL BIOTECH LTD,YBGJ
YUENGLINGS,YCRM
YUENGLINGS ICE,YCRM
YUENGLINGS ICE CREAM,YCRM
YUENGLINGS ICE CREAM CORP,YCRM
YUKON,MLCI
YUKON NEW,MLCI
YUKON NEW PARENT INC,MLCI
"YUKON NEW PARENT, INC.",MLCI
YUM,YUM
YUM,YUMC
YUM BRANDS,YUM
YUM BRANDS INC,YUM
YUM CHINA,YUMC
YUM CHINA HOLDINGS INC,YUMC
"YUM CHINA HOLDINGS, INC.",YUMC
YUNHONG,YHGJ
YUNHONG GREEN,YHGJ
YUNHONG GREEN CTI LTD,YHGJ
YUNHONG GREEN CTI LTD.,YHGJ
YUNJI,YJ
YUNJI INC,YJ
YUNJI INC.,YJ
YXT.COM,YXT
YXT.COM GROUP,YXT
YXT.COM GROUP HOLDING LTD,YXT
YXTCOM GROUP HOLDING,YXT
YY GROUP HOLDING LTD,YYGH
YY GROUP HOLDING LTD.,YYGH
ZAI,ZLAB
ZAI LAB,ZLAB
ZAI LAB LTD,ZLAB
ZAPP,ZAPPF
ZAPP,ZAPWF
ZAPP ELECTRIC,ZAPPF
ZAPP ELECTRIC,ZAPWF
ZAPP ELECTRIC VEHICLES,ZAPWF
ZAPP ELECTRIC VEHICLES,ZAPPF
ZAPP ELECTRIC VEHICLES GROUP LTD,ZAPPF
ZAPP ELECTRIC VEHICLES GROUP LTD,ZAPWF
ZEALAND,ZLDPF
ZEALAND PHARMA,ZLDPF
ZEALAND PHARMA A/S/ADR,ZLDPF
ZEALAND PHARMA ASADR,ZLDPF
ZEBRA,ZBRA
ZEBRA TECHNOLOGIES,ZBRA
ZEBRA TECHNOLOGIES CORP,ZBRA
ZEDCOR INC,ZDCAF
"ZEDCOR,",ZDCAF
"ZEDCOR, INC.",ZDCAF
ZEDGE INC,ZDGE
"ZEDGE,",ZDGE
"ZEDGE, INC.",ZDGE
ZEEKR,ZK
ZEEKR INTELLIGENT,ZK
ZEEKR INTELLIGENT TECHNOLOGY HOLDING,ZK
ZEEKR INTELLIGENT TECHNOLOGY HOLDING LTD,ZK
ZEFIRO,ZEFIF
ZEFIRO METHANE,ZEFIF
ZEFIRO METHANE CORP,ZEFIF
ZEFIRO METHANE CORP.,ZEFIF
ZENAS,ZBIO
ZENAS BIOPHARMA INC,ZBIO
"ZENAS BIOPHARMA,",ZBIO
"ZENAS BIOPHARMA, INC.",ZBIO
ZENATECH INC,ZENA
"ZENATECH,",ZENA
"ZENATECH, INC.",ZENA
ZENKOKU,ZNKUF
ZENKOKU HOSHO,ZNKUF
ZENKOKU HOSHO CO LTDADR,ZNKUF
"ZENKOKU HOSHO CO., LTD./ADR",ZNKUF
ZENTALIS,ZNTL
ZENTALIS PHARMACEUTICALS INC,ZNTL
"ZENTALIS PHARMACEUTICALS,",ZNTL
"ZENTALIS PHARMACEUTICALS, INC.",ZNTL
ZENTEK,ZTEK
ZENTEK LTD,ZTEK
ZENTEK LTD.,ZTEK
ZENVIA,ZENV
ZENVIA INC,ZENV
ZENVIA INC.,ZENV
ZEO,ZEOX
ZEO,ZEOWW
ZEO,ZEO
ZEO ENERGY,ZEOWW
ZEO ENERGY,ZEO
ZEO ENERGY CORP,ZEOWW
ZEO ENERGY CORP,ZEO
ZEO ENERGY CORP.,ZEOWW
ZEO ENERGY CORP.,ZEO
ZEO SCIENTIFIX INC,ZEOX
"ZEO SCIENTIFIX,",ZEOX
"ZEO SCIENTIFIX, INC.",ZEOX
ZEPHYR,ZPHYF
ZEPHYR MINERALS,ZPHYF
ZEPHYR MINERALS LTD,ZPHYF
ZEPHYR MINERALS LTD.,ZPHYF
ZEPP,ZEPP
ZEPP HEALTH,ZEPP
ZEPP HEALTH CORP,ZEPP
ZETA,ZETA
ZETA GLOBAL,ZETA
ZETA GLOBAL HOLDINGS CORP,ZETA
ZETA GLOBAL HOLDINGS CORP.,ZETA
ZEVIA,ZVIA
ZEVIA PBC,ZVIA
ZEVRA,ZVRA
ZEVRA THERAPEUTICS INC,ZVRA
"ZEVRA THERAPEUTICS,",ZVRA
"ZEVRA THERAPEUTICS, INC.",ZVRA
ZHANLING,ZLME
ZHANLING INTERNATIONAL,ZLME
ZHANLING INTERNATIONAL LTD,ZLME
ZHEN,RBTK
ZHEN DING,RBTK
ZHEN DING RESOURCES INC,RBTK
ZHEN DING RESOURCES INC.,RBTK
ZHENGYE,ZYBT
ZHENGYE BIOTECHNOLOGY,ZYBT
ZHENGYE BIOTECHNOLOGY HOLDING,ZYBT
ZHENGYE BIOTECHNOLOGY HOLDING LTD,ZYBT
ZHIBAO,ZBAO
ZHIBAO TECHNOLOGY,ZBAO
ZHIBAO TECHNOLOGY INC,ZBAO
ZHIBAO TECHNOLOGY INC.,ZBAO
ZHIHU,ZHIHF
ZHIHU,ZH
ZHIHU INC,ZH
ZHIHU INC,ZHIHF
ZHIHU INC.,ZHIHF
ZHIHU INC.,ZH
ZHONG,ZHYBF
ZHONG YUAN,ZHYBF
ZHONG YUAN BIO-TECHNOLOGY HOLDINGS LTD,ZHYBF
ZHONG YUAN BIOTECHNOLOGY,ZHYBF
ZHONGCHAO,ZCMD
ZHONGCHAO INC,ZCMD
ZHONGCHAO INC.,ZCMD
ZI YUN DONG FANG,YLY
ZI YUN DONG FANG LTD,YLY
ZIFF,ZD
ZIFF DAVIS INC,ZD
"ZIFF DAVIS,",ZD
"ZIFF DAVIS, INC.",ZD
ZILLOW,Z
ZILLOW,ZG
ZILLOW GROUP INC,ZG
ZILLOW GROUP INC,Z
"ZILLOW GROUP,",Z
"ZILLOW GROUP,",ZG
"ZILLOW GROUP, INC.",Z
"ZILLOW GROUP, INC.",ZG
ZIM,ZIM
ZIM INTEGRATED,ZIM
ZIM INTEGRATED SHIPPING SERVICES LTD,ZIM
ZIM INTEGRATED SHIPPING SERVICES LTD.,ZIM
ZIMMER,ZBH
ZIMMER BIOMET,ZBH
ZIMMER BIOMET HOLDINGS INC,ZBH
"ZIMMER BIOMET HOLDINGS, INC.",ZBH
ZIMVIE,ZIMV
ZIMVIE INC,ZIMV
ZIMVIE INC.,ZIMV
ZINCORE,ZCRMF
ZINCORE METALS,ZCRMF
ZINCORE METALS INC,ZCRMF
ZION,ZNOGW
ZION,ZNOG
ZION OIL,ZNOG
ZION OIL,ZNOGW
ZION OIL  GAS,ZNOGW
ZION OIL  GAS,ZNOG
ZION OIL & GAS INC,ZNOGW
ZION OIL & GAS INC,ZNOG
ZIONS,ZIONP
ZIONS,ZION
ZIONS BANCORPORATION NATIONAL ASSOCIATION UT,ZION
ZIONS BANCORPORATION NATIONAL ASSOCIATION UT,ZIONP
"ZIONS BANCORPORATION,",ZIONP
"ZIONS BANCORPORATION,",ZION
"ZIONS BANCORPORATION, NATIONAL ASSOCIATION /UT/",ZION
"ZIONS BANCORPORATION, NATIONAL ASSOCIATION /UT/",ZIONP
ZIPRECRUITER INC,ZIP
"ZIPRECRUITER,",ZIP
"ZIPRECRUITER, INC.",ZIP
ZIVO,ZIVOW
ZIVO,ZIVO
ZIVO BIOSCIENCE INC,ZIVO
ZIVO BIOSCIENCE INC,ZIVOW
"ZIVO BIOSCIENCE,",ZIVOW
"ZIVO BIOSCIENCE,",ZIVO
"ZIVO BIOSCIENCE, INC.",ZIVO
"ZIVO BIOSCIENCE, INC.",ZIVOW
ZJK,ZJK
ZJK INDUSTRIAL,ZJK
ZJK INDUSTRIAL CO LTD,ZJK
"ZJK INDUSTRIAL CO., LTD.",ZJK
ZK INTERNATIONAL GROUP CO LTD,ZKIN
"ZK INTERNATIONAL GROUP CO., LTD.",ZKIN
ZKGC,ZKGCF
ZKGC NEW,ZKGCF
ZKGC NEW ENERGY,ZKGCF
ZKGC NEW ENERGY LTD,ZKGCF
ZKH,ZKH
ZKH GROUP,ZKH
ZKH GROUP LTD,ZKH
ZOETIS,ZTS
ZOETIS INC,ZTS
ZOETIS INC.,ZTS
ZOMEDICA,ZOMDF
ZOMEDICA CORP,ZOMDF
ZOMEDICA CORP.,ZOMDF
ZONED,ZDPY
ZONED PROPERTIES INC,ZDPY
"ZONED PROPERTIES,",ZDPY
"ZONED PROPERTIES, INC.",ZDPY
ZOOM,ZM
ZOOM COMMUNICATIONS INC,ZM
"ZOOM COMMUNICATIONS,",ZM
"ZOOM COMMUNICATIONS, INC.",ZM
ZOOMCAR,ZCAR
ZOOMCAR,ZCARW
ZOOMCAR HOLDINGS INC,ZCARW
ZOOMCAR HOLDINGS INC,ZCAR
"ZOOMCAR HOLDINGS,",ZCAR
"ZOOMCAR HOLDINGS,",ZCARW
"ZOOMCAR HOLDINGS, INC.",ZCAR
"ZOOMCAR HOLDINGS, INC.",ZCARW
ZOOMINFO,GTM
ZOOMINFO TECHNOLOGIES,GTM
ZOOMINFO TECHNOLOGIES INC,GTM
ZOOMINFO TECHNOLOGIES INC.,GTM
ZOOZ,ZOOZW
ZOOZ,ZOOZ
ZOOZ POWER,ZOOZW
ZOOZ POWER,ZOOZ
ZOOZ POWER LTD,ZOOZW
ZOOZ POWER LTD,ZOOZ
ZOOZ POWER LTD.,ZOOZW
ZOOZ POWER LTD.,ZOOZ
ZRCN,ZRCN
ZRCN INC,ZRCN
ZRCN INC.,ZRCN
ZSCALER INC,ZS
"ZSCALER,",ZS
"ZSCALER, INC.",ZS
ZSPACE INC,ZSPC
"ZSPACE,",ZSPC
"ZSPACE, INC.",ZSPC
ZTEST,ZTSTF
ZTEST ELECTRONICS,ZTSTF
ZTEST ELECTRONICS INC /FI,ZTSTF
ZTEST ELECTRONICS INC FI,ZTSTF
ZTO,ZTOEF
ZTO,ZTO
ZTO EXPRESS,ZTO
ZTO EXPRESS,ZTOEF
ZTO EXPRESS (CAYMAN) INC.,ZTO
ZTO EXPRESS (CAYMAN) INC.,ZTOEF
ZTO EXPRESS CAYMAN INC,ZTOEF
ZTO EXPRESS CAYMAN INC,ZTO
ZUMIEZ,ZUMZ
ZUMIEZ INC,ZUMZ
ZURA,ZURA
ZURA BIO,ZURA
ZURA BIO LTD,ZURA
ZURN,ZWS
ZURN ELKAY,ZWS
ZURN ELKAY WATER,ZWS
ZURN ELKAY WATER SOLUTIONS CORP,ZWS
ZW DATA ACTION TECHNOLOGIES INC,CNET
ZW DATA ACTION TECHNOLOGIES INC.,CNET
ZYMEWORKS,ZYME
ZYMEWORKS INC,ZYME
ZYMEWORKS INC.,ZYME
ZYNEX,ZYXI
ZYNEX INC,ZYXI
ZYVERSA,ZVSA
ZYVERSA THERAPEUTICS INC,ZVSA
"ZYVERSA THERAPEUTICS,",ZVSA
"ZYVERSA THERAPEUTICS, INC.",ZVSA
